﻿DetPlantID,Plant Name,Scientific Name,Plant Type,VendorID,Vendor,OrderDate,Price,QTY,SubTotal,CustomerID,CustomerName,CustomerEmail,CustomerPhone,CustomerAddress,CustomerCity,CustomerState,CustomerZip
AFRDIEPER1,African Iris,Dietes iridoides,Perennial,HP1000,Hansel and Petals,4/19/2022,25.99,2,51.98,1683,Marco Fernley,mfernleyah@fastcompany.com,205-426-6515,285 Lunder Place,Birmingham,Alabama,35290
AMAHIPPER7,Amaryllis,Hippeastrum spp.,Perennial,HP1000,Hansel and Petals,4/7/2022,25.99,2,51.98,2878,Skelly Bubb,sbubbhd@springer.com,415-696-7569,61985 Fordem Park,San Francisco,California,94147
AMECARTRE11,American Hornbeam,Carpinus caroliniana,Medium Tree,HB2000,Holly Berry Tree Emporium,4/11/2022,15.99,5,79.95,3362,Maire Staines,mstaines96@mail.ru,626-321-2550,77469 Elmside Circle,Pasadena,California,91131
AMEILETRE9,American Holly,Ilex opaca,Medium Tree,HB2000,Holly Berry Tree Emporium,4/3/2022,15.99,3,47.97,1690,Magdalen Downing,mdowningi@creativecommons.org,602-272-4053,287 Brown Plaza,Phoenix,Arizona,85083
AMEOSTTRE10,American Hophornbeam,Ostrya virginiana,Medium Tree,HB2000,Holly Berry Tree Emporium,4/8/2022,15.99,2,31.98,1932,Mahmud Mitroshinov,mmitroshinovr@sfgate.com,415-884-2122,35 Esker Hill,San Francisco,California,94154
AMEOSTTRE10,American Hophornbeam,Ostrya virginiana,Medium Tree,HB2000,Holly Berry Tree Emporium,4/26/2022,15.99,3,47.97,1987,Maridel Drayson,mdrayson93@stanford.edu,520-197-3980,371 Transport Lane,Tucson,Arizona,85720
ANGANGPER13,Angelonia,Angelonia angustifolia,Perennial,HP1000,Hansel and Petals,4/9/2022,25.99,3,77.97,2560,Skipper Bolger,sbolgerfn@epa.gov,916-234-8482,51919 Brown Plaza,Sacramento,California,94230
ANGBRUSHR14,Angel’s Trumpet,Brugmansia Xcandida,Large Shrub,HB2000,Holly Berry Tree Emporium,4/2/2022,15.99,5,79.95,2252,Aridatha McEntagart,amcentagartde@bloglovin.com,408-992-2430,44 Milwaukee Parkway,San Jose,California,95194
ANGBRUSHR14,Angel’s Trumpet,Brugmansia Xcandida,Large Shrub,HB2000,Holly Berry Tree Emporium,4/14/2022,15.99,2,31.98,1523,Marcella Patey,mpatey9h@barnesandnoble.com,408-799-0176,233 Dwight Circle,San Jose,California,95108
ARICUPTRE15,Arizona Cypress,Cupressus arizonica var.,Medium Tree,HB2000,Holly Berry Tree Emporium,4/8/2022,15.99,2,31.98,4001,Arvy Farris,afarris5j@mediafire.com,650-945-7231,9547 Butternut Street,San Jose,California,95113
ARICUPTRE15,Arizona Cypress,Cupressus arizonica var.,Medium Tree,HB2000,Holly Berry Tree Emporium,4/22/2022,15.99,2,31.98,1201,Margaretta Gales,mgales3v@123-reg.co.uk,626-430-8051,13515 Scoville Center,Alhambra,California,91841
AUSSPHFER17,Australian Tree Fern,Sphaeropteris cooperi,Fern,PF3000,Plant Fernishings,4/12/2022,5.99,1,5.99,2560,Skipper Bolger,sbolgerfn@epa.gov,916-234-8482,51919 Brown Plaza,Sacramento,California,94230
AUTDRYGRO18,Autumn Fern,Dryopteris spp.,Groundcover,PF3000,Plant Fernishings,4/17/2022,5.99,2,11.98,1521,Staci Zollner,szollner5m@skype.com,619-789-1594,23281 Southridge Alley,San Diego,California,92105
AVOPERTRE19,Avocado,Persea americana,Large Tree,HB2000,Holly Berry Tree Emporium,4/13/2022,15.99,1,15.99,2369,Ashlee Haversham,ahaversham6f@abc.net.au,510-806-8861,48 Dayton Plaza,Oakland,California,94660
AVOPERTRE19,Avocado,Persea americana,Large Tree,HB2000,Holly Berry Tree Emporium,4/29/2022,15.99,5,79.95,3288,Markos Ede,mede1c@diigo.com,323-784-1145,74716 Mosinee Lane,North Hollywood,California,91606
AWAVIBTRE20,Awabuki Viburnum,Viburnum odoratissimum,Small Tree,HB2000,Holly Berry Tree Emporium,4/19/2022,15.99,3,47.97,3583,Ashton Mansion,amansion85@china.com.cn,510-593-1754,8303 Golf Course Alley,Sacramento,California,95823
AZARHOSHR22,Azalea,Rhododendron cvs.,Large Shrub,HB2000,Holly Berry Tree Emporium,4/26/2022,15.99,1,15.99,2525,Aurea Bluschke,abluschkegz@narod.ru,408-265-6034,508 Graedel Plaza,San Jose,California,95123
AZTSPRPER23,Aztec Lily,Sprekelia formosissima,Perennial,HP1000,Hansel and Petals,4/19/2022,25.99,1,25.99,1521,Staci Zollner,szollner5m@skype.com,619-789-1594,23281 Southridge Alley,San Diego,California,92105
BAMBAMSHR25,Bamboo,Bambusa spp.,Large Shrub,HB2000,Holly Berry Tree Emporium,4/28/2022,15.99,3,47.97,1599,Barbabra Dows,bdowsh4@mozilla.com,619-105-8973,25824 Mccormick Trail,San Diego,California,92160
BEAHELPER30,Beach Sunflower,Helianthus debilis,Perennial,HP1000,Hansel and Petals,4/23/2022,15.99,1,15.99,1606,Stephine Broadstock,sbroadstocklo@hao123.com,310-279-2389,26 Eagle Crest Terrace,Santa Monica,California,90410
BISBISPAL34,Bismarck Palm,Bismarckia nobilis,Palm or Palm-Like,HB2000,Holly Berry Tree Emporium,4/14/2022,15.99,2,31.98,1301,Spence Yakobovitz,syakobovitz2r@newsvine.com,602-669-5612,1804 American Lane,Phoenix,Arizona,85025
BLAAVITRE35,Black Mangrove,Avicennia germinans,Medium Tree,HB2000,Holly Berry Tree Emporium,4/4/2022,15.99,5,79.95,1932,Mahmud Mitroshinov,mmitroshinovr@sfgate.com,415-884-2122,35 Esker Hill,San Francisco,California,94154
BLAAVITRE35,Black Mangrove,Avicennia germinans,Medium Tree,HB2000,Holly Berry Tree Emporium,4/20/2022,15.99,2,31.98,3682,Stanton Hasnip,shasnip86@qq.com,520-496-6400,8672 Bayside Road,Tucson,Arizona,85705
BLABELPER37,Blackberry Lily,Belamcanda chinensis,Perennial,HP1000,Hansel and Petals,4/26/2022,15.99,3,47.97,2041,Stormy Ibbs,sibbsid@furl.net,626-216-7870,3904 Elmside Junction,Pasadena,California,91103
BLABUCTRE36,Black Olive,Bucida buceras,Large Tree,HB2000,Holly Berry Tree Emporium,4/10/2022,15.99,2,31.98,3362,Maire Staines,mstaines96@mail.ru,626-321-2550,77469 Elmside Circle,Pasadena,California,91131
BLABUCTRE36,Black Olive,Bucida buceras,Large Tree,HB2000,Holly Berry Tree Emporium,4/21/2022,15.99,3,47.97,1519,Stephenie O' Liddy,sobu@squarespace.com,602-885-2988,232 Walton Lane,Phoenix,Arizona,85040
BLOHAEPER42,Blood Lily,Haemanthus multiflorus,Perennial,HP1000,Hansel and Petals,4/13/2022,15.99,5,79.95,2161,Sollie Ixer,sixer2o@wikipedia.org,251-940-4696,40971 Farmco Way,Mobile,Alabama,36622
BLUANDGRA46,Bluestem Grass,Andropogon spp.,Grass,PF3000,Plant Fernishings,4/22/2022,5.99,2,11.98,1606,Stephine Broadstock,sbroadstocklo@hao123.com,310-279-2389,26 Eagle Crest Terrace,Santa Monica,California,90410
BLUQUETRE47,Bluff Oak,Quercus austrina,Large Tree,HB2000,Holly Berry Tree Emporium,4/16/2022,15.99,1,15.99,1523,Marcella Patey,mpatey9h@barnesandnoble.com,408-799-0176,233 Dwight Circle,San Jose,California,95108
BLUQUETRE47,Bluff Oak,Quercus austrina,Large Tree,HB2000,Holly Berry Tree Emporium,4/30/2022,15.99,2,31.98,2732,Stuart Ruberti,sruberti9l@dion.ne.jp,602-945-2112,5864 Nelson Hill,Phoenix,Arizona,85020
BOTCALTRE48,Bottlebrush,Callistemon spp.,Small Tree,HB2000,Holly Berry Tree Emporium,4/21/2022,15.99,1,15.99,1201,Margaretta Gales,mgales3v@123-reg.co.uk,626-430-8051,13515 Scoville Center,Alhambra,California,91841
BRAPTEFER52,Bracken Fern,Pteridium aquilinum,Fern,PF3000,Plant Fernishings,4/29/2022,5.99,3,17.97,2041,Stormy Ibbs,sibbsid@furl.net,626-216-7870,3904 Elmside Junction,Pasadena,California,91103
BROBROPER54,Bromeliads,Bromeliaceae genera,Perennial,HP1000,Hansel and Petals,4/2/2022,15.99,3,47.97,2638,Dena Rosberg,drosberg6u@simplemachines.org,619-704-5643,54424 Moulton Alley,San Diego,California,92153
BULBULPER58,Bulbine,Bulbine frutescens,Perennial,HP1000,Hansel and Petals,4/4/2022,15.99,2,31.98,2638,Dena Rosberg,drosberg6u@simplemachines.org,619-704-5643,54424 Moulton Alley,San Diego,California,92153
BULBULPER58,Bulbine,Bulbine frutescens,Perennial,HP1000,Hansel and Petals,4/7/2022,15.99,3,47.97,1597,Denise Lardez,dlardezgv@businessinsider.com,714-337-9832,257 6th Plaza,Fullerton,California,92835
BUSEURPER61,Bush Daisy,Euryops spp.,Perennial,HP1000,Hansel and Petals,4/10/2022,15.99,5,79.95,1597,Denise Lardez,dlardezgv@businessinsider.com,714-337-9832,257 6th Plaza,Fullerton,California,92835
BUSEURPER61,Bush Daisy,Euryops spp.,Perennial,HP1000,Hansel and Petals,4/13/2022,15.99,2,31.98,1821,Derick Balducci,dbalducci44@google.ru,530-838-2262,31 Village Street,Sacramento,California,95833
BUTBUDSHR62,Butterfly Bush,Buddleia lindleyana,Large Shrub,HB2000,Holly Berry Tree Emporium,4/3/2022,12.99,5,64.95,2638,Dena Rosberg,drosberg6u@simplemachines.org,619-704-5643,54424 Moulton Alley,San Diego,California,92153
BUTHEDPER63,Butterfly Lily,Hedychium spp.,Perennial,HP1000,Hansel and Petals,4/14/2022,15.99,2,31.98,1821,Derick Balducci,dbalducci44@google.ru,530-838-2262,31 Village Street,Sacramento,California,95833
BUTHEDPER63,Butterfly Lily,Hedychium spp.,Perennial,HP1000,Hansel and Petals,4/19/2022,15.99,5,79.95,2147,Devlin Huntley,dhuntleykw@time.com,661-490-5980,404 Graedel Junction,Bakersfield,California,93399
CALCALPER67,Caladium,Caladium Xhortulanum,Perennial,HP1000,Hansel and Petals,4/17/2022,15.99,1,15.99,2147,Devlin Huntley,dhuntleykw@time.com,661-490-5980,404 Graedel Junction,Bakersfield,California,93399
CALCALPER67,Caladium,Caladium Xhortulanum,Perennial,HP1000,Hansel and Petals,4/22/2022,15.99,2,31.98,2353,Diahann Hoult,dhoultek@exblog.jp,213-863-2947,473 Merrick Park,Los Angeles,California,90101
CANCANPER69,Canna Lily,Canna spp.,Perennial,HP1000,Hansel and Petals,4/23/2022,15.99,3,47.97,2353,Diahann Hoult,dhoultek@exblog.jp,213-863-2947,473 Merrick Park,Los Angeles,California,90101
CANCANPER69,Canna Lily,Canna spp.,Perennial,HP1000,Hansel and Petals,4/30/2022,15.99,2,31.98,2930,Dionne Armytage,darmytagehc@mediafire.com,909-648-9952,637 Maple Plaza,Riverside,California,92505
CARCALSHR71,Carolina Allspice,Calycanthus floridus,Large Shrub,HB2000,Holly Berry Tree Emporium,4/8/2022,12.99,2,25.98,1597,Denise Lardez,dlardezgv@businessinsider.com,714-337-9832,257 6th Plaza,Fullerton,California,92835
CARCARTRE75,Carpentaria Palm,Carpentaria acuminata,Medium Tree,HB2000,Holly Berry Tree Emporium,4/24/2022,15.99,3,47.97,2353,Diahann Hoult,dhoultek@exblog.jp,213-863-2947,473 Merrick Park,Los Angeles,California,90101
CARHALTRE74,Carolina Silverbell,Halesia carolina,Large Tree,HB2000,Holly Berry Tree Emporium,4/18/2022,15.99,3,47.97,2147,Devlin Huntley,dhuntleykw@time.com,661-490-5980,404 Graedel Junction,Bakersfield,California,93399
CARRHASHR72,Carolina Buckthorn,Rhamnus caroliniana,Large Shrub,HB2000,Holly Berry Tree Emporium,4/15/2022,12.99,1,12.99,1821,Derick Balducci,dbalducci44@google.ru,530-838-2262,31 Village Street,Sacramento,California,95833
CHIILETRE87,Chinese Holly,Ilex cornuta and cvs.,Small Tree,HB2000,Holly Berry Tree Emporium,4/5/2022,15.99,1,15.99,2638,Dena Rosberg,drosberg6u@simplemachines.org,619-704-5643,54424 Moulton Alley,San Diego,California,92153
CHIJUNSHR88,Chinese Juniper,Juniperus chinensis and cvs.,Large Shrub,HB2000,Holly Berry Tree Emporium,4/11/2022,15.99,3,47.97,1597,Denise Lardez,dlardezgv@businessinsider.com,714-337-9832,257 6th Plaza,Fullerton,California,92835
CHRSENSHR89,Christmas Senna,Senna bicapsularis,Large Shrub,HB2000,Holly Berry Tree Emporium,4/1/2022,13.99,3,41.97,3352,Demetrius O' Liddy,dofz@ftc.gov,205-983-4144,771 American Lane,Birmingham,Alabama,35254
CHRSENSHR89,Christmas Senna,Senna bicapsularis,Large Shrub,HB2000,Holly Berry Tree Emporium,4/2/2022,13.99,3,41.97,3563,Maddy Baume,mbaumer2@wikispaces.com,303-763-1756,82545 Mayfield Avenue,Denver,Colorado,80262
CHRSENSHR89,Christmas Senna,Senna bicapsularis,Large Shrub,HB2000,Holly Berry Tree Emporium,4/16/2022,13.99,3,41.97,1821,Derick Balducci,dbalducci44@google.ru,530-838-2262,31 Village Street,Sacramento,California,95833
CLETERSHR91,Cleyera,Ternstroemia gymnanthera,Large Shrub,HB2000,Holly Berry Tree Emporium,4/21/2022,15.99,2,31.98,2147,Devlin Huntley,dhuntleykw@time.com,661-490-5980,404 Graedel Junction,Bakersfield,California,93399
CLETERSHR91,Cleyera,Ternstroemia gymnanthera,Large Shrub,HB2000,Holly Berry Tree Emporium,4/25/2022,15.99,2,31.98,2381,Margret Fuentes,mfuentes12@icq.com,303-391-1984,48343 South Junction,Denver,Colorado,80217
CLETERSHR91,Cleyera,Ternstroemia gymnanthera,Large Shrub,HB2000,Holly Berry Tree Emporium,4/29/2022,15.99,5,79.95,2648,Dieter Coppens,dcoppensp9@ucla.edu,256-278-7167,55 Northwestern Center,Huntsville,Alabama,35810
COCCHRSHR94,Cocoplum,Chrysobalanus icaco,Large Shrub,HB2000,Holly Berry Tree Emporium,4/25/2022,15.99,5,79.95,2353,Diahann Hoult,dhoultek@exblog.jp,213-863-2947,473 Merrick Park,Los Angeles,California,90101
DAHILETRE110,Dahoon Holly,Ilex cassine and cvs.,Medium Tree,HB2000,Holly Berry Tree Emporium,4/7/2022,15.99,2,31.98,1932,Mahmud Mitroshinov,mmitroshinovr@sfgate.com,415-884-2122,35 Esker Hill,San Francisco,California,94154
DATPHOPAL111,Date Palms,Phoenix spp.,Palm or Palm-Like,HB2000,Holly Berry Tree Emporium,4/13/2022,15.99,1,15.99,3362,Maire Staines,mstaines96@mail.ru,626-321-2550,77469 Elmside Circle,Pasadena,California,91131
DESSENTRE113,Desert Cassia,Senna polyphylla,Small Tree,HB2000,Holly Berry Tree Emporium,4/18/2022,15.99,3,47.97,1523,Marcella Patey,mpatey9h@barnesandnoble.com,408-799-0176,233 Dwight Circle,San Jose,California,95108
DEVARATRE114,Devil’s Walkingstick,Aralia spinosa,Small Tree,HB2000,Holly Berry Tree Emporium,4/15/2022,15.99,3,47.97,1298,Stacee Stollenhof,sstollenhofco@shinystat.com,719-878-0378,18018 Waxwing Trail,Colorado Springs,Colorado,80995
DEVARATRE114,Devil’s Walkingstick,Aralia spinosa,Small Tree,HB2000,Holly Berry Tree Emporium,4/20/2022,15.99,3,47.97,1201,Margaretta Gales,mgales3v@123-reg.co.uk,626-430-8051,13515 Scoville Center,Alhambra,California,91841
DOWJASSHR115,Downy Jasmine,Jasminum multiflorum,Large Shrub,HB2000,Holly Berry Tree Emporium,4/28/2022,15.99,1,15.99,3288,Markos Ede,mede1c@diigo.com,323-784-1145,74716 Mosinee Lane,North Hollywood,California,91606
DWAACAPER117,Dwarf Chenille Plant,Acalypha reptans,Perennial,HP1000,Hansel and Petals,4/1/2022,15.99,1,15.99,2252,Aridatha McEntagart,amcentagartde@bloglovin.com,408-992-2430,44 Milwaukee Parkway,San Jose,California,95194
ELLERAGRA122,Elliott’s Lovegrass,Eragrostis elliottii,Grass,PF3000,Plant Fernishings,4/1/2022,5.99,2,11.98,1116,Lucinda Dangerfield,ldangerfield5h@geocities.com,302-279-9855,102 Buell Center,Wilmington,Delaware,19805
FALCONPER129,False Rosemary,Conradina spp.,Perennial,HP1000,Hansel and Petals,4/5/2022,15.99,3,47.97,1932,Mahmud Mitroshinov,mmitroshinovr@sfgate.com,415-884-2122,35 Esker Hill,San Francisco,California,94154
FALCONPER129,False Rosemary,Conradina spp.,Perennial,HP1000,Hansel and Petals,4/6/2022,15.99,3,47.97,4001,Arvy Farris,afarris5j@mediafire.com,650-945-7231,9547 Butternut Street,San Jose,California,95113
FIRCROPER133,Firecracker Flower,Crossandra spp.,Perennial,HP1000,Hansel and Petals,4/10/2022,15.99,3,47.97,2369,Ashlee Haversham,ahaversham6f@abc.net.au,510-806-8861,48 Dayton Plaza,Oakland,California,94660
FIRCROPER133,Firecracker Flower,Crossandra spp.,Perennial,HP1000,Hansel and Petals,4/12/2022,15.99,2,31.98,3362,Maire Staines,mstaines96@mail.ru,626-321-2550,77469 Elmside Circle,Pasadena,California,91131
FIRODOPER136,Firespike,Odontonema strictum,Perennial,HP1000,Hansel and Petals,4/15/2022,15.99,5,79.95,1523,Marcella Patey,mpatey9h@barnesandnoble.com,408-799-0176,233 Dwight Circle,San Jose,California,95108
FIRODOPER136,Firespike,Odontonema strictum,Perennial,HP1000,Hansel and Petals,4/17/2022,15.99,2,31.98,3583,Ashton Mansion,amansion85@china.com.cn,510-593-1754,8303 Golf Course Alley,Sacramento,California,95823
FLADIAPER141,Flax Lily,Dianella spp.,Perennial,HP1000,Hansel and Petals,4/27/2022,10.99,2,21.98,3288,Markos Ede,mede1c@diigo.com,323-784-1145,74716 Mosinee Lane,North Hollywood,California,91606
FLADIAPER141,Flax Lily,Dianella spp.,Perennial,HP1000,Hansel and Petals,4/29/2022,10.99,2,21.98,1599,Barbabra Dows,bdowsh4@mozilla.com,619-105-8973,25824 Mccormick Trail,San Diego,California,92160
FLAJUSANN139,Flamingo Plant,Justicia carnea,Annuals,HP1000,Hansel and Petals,4/24/2022,15.99,5,79.95,1201,Margaretta Gales,mgales3v@123-reg.co.uk,626-430-8051,13515 Scoville Center,Alhambra,California,91841
FLAJUSANN139,Flamingo Plant,Justicia carnea,Annuals,HP1000,Hansel and Petals,4/24/2022,15.99,3,47.97,2525,Aurea Bluschke,abluschkegz@narod.ru,408-265-6034,508 Graedel Plaza,San Jose,California,95123
FLOCHOTRE146,Floss-Silk Tree,Chorisia speciosa,Large Tree,HB2000,Holly Berry Tree Emporium,4/3/2022,15.99,3,47.97,2252,Aridatha McEntagart,amcentagartde@bloglovin.com,408-992-2430,44 Milwaukee Parkway,San Jose,California,95194
FLOCHOTRE146,Floss-Silk Tree,Chorisia speciosa,Large Tree,HB2000,Holly Berry Tree Emporium,4/10/2022,15.99,2,31.98,2560,Skipper Bolger,sbolgerfn@epa.gov,916-234-8482,51919 Brown Plaza,Sacramento,California,94230
FLOCORTRE147,Flowering Dogwood,Cornus florida,Small Tree,HB2000,Holly Berry Tree Emporium,4/4/2022,15.99,2,31.98,2252,Aridatha McEntagart,amcentagartde@bloglovin.com,408-992-2430,44 Milwaukee Parkway,San Jose,California,95194
FLOCORTRE147,Flowering Dogwood,Cornus florida,Small Tree,HB2000,Holly Berry Tree Emporium,4/7/2022,15.99,3,47.97,4001,Arvy Farris,afarris5j@mediafire.com,650-945-7231,9547 Butternut Street,San Jose,California,95113
FLOCORTRE147,Flowering Dogwood,Cornus florida,Small Tree,HB2000,Holly Berry Tree Emporium,4/16/2022,15.99,5,79.95,1521,Staci Zollner,szollner5m@skype.com,619-789-1594,23281 Southridge Alley,San Diego,California,92105
FLOFORTRE144,Florida Privet,Forestiera segregata,Small Tree,HB2000,Holly Berry Tree Emporium,4/1/2022,15.99,3,47.97,2684,Siffre Hellcat,shellcatj9@economist.com,559-122-7163,5667 Troy Way,Fresno,California,93704
FLOTHRPAL145,Florida Thatch Palm,Thrinax radiata,Palm or Palm-Like,HB2000,Holly Berry Tree Emporium,4/8/2022,15.99,2,31.98,2878,Skelly Bubb,sbubbhd@springer.com,415-696-7569,61985 Fordem Park,San Francisco,California,94147
GIANEPGRO158,Giant Sword Fern,Nephrolepis biserrata,Groundcover,PF3000,Plant Fernishings,4/6/2022,5.99,2,11.98,2638,Dena Rosberg,drosberg6u@simplemachines.org,619-704-5643,54424 Moulton Alley,San Diego,California,92153
HOLCYRGRO174,Holly Fern,Cyrtomium falcatum,Groundcover,PF3000,Plant Fernishings,4/6/2022,5.99,1,5.99,1932,Mahmud Mitroshinov,mmitroshinovr@sfgate.com,415-884-2122,35 Esker Hill,San Francisco,California,94154
HOLCYRGRO174,Holly Fern,Cyrtomium falcatum,Groundcover,PF3000,Plant Fernishings,4/9/2022,5.99,1,5.99,1597,Denise Lardez,dlardezgv@businessinsider.com,714-337-9832,257 6th Plaza,Fullerton,California,92835
HURLYCPER177,Hurricane Lily,Lycoris spp.,Perennial,HP1000,Hansel and Petals,4/5/2022,10.99,2,21.98,2977,Ariel Kayne,akayne4c@japanpost.jp,602-146-2215,6549 Chinook Lane,Glendale,Arizona,85311
IMPIMPPER179,Impatiens,Impatiens spp.,Perennial,HP1000,Hansel and Petals,4/20/2022,15.99,1,15.99,2733,Atalanta Arendsen,aarendsenpl@state.tx.us,520-937-8245,58789 Dayton Place,Prescott,Arizona,86305
JABMYRTRE183,Jaboticaba,Myrciaria cauliflora,Small Tree,HB2000,Holly Berry Tree Emporium,4/9/2022,15.99,1,15.99,4001,Arvy Farris,afarris5j@mediafire.com,650-945-7231,9547 Butternut Street,San Jose,California,95113
JABMYRTRE183,Jaboticaba,Myrciaria cauliflora,Small Tree,HB2000,Holly Berry Tree Emporium,4/12/2022,15.99,5,79.95,2369,Ashlee Haversham,ahaversham6f@abc.net.au,510-806-8861,48 Dayton Plaza,Oakland,California,94660
JABMYRTRE183,Jaboticaba,Myrciaria cauliflora,Small Tree,HB2000,Holly Berry Tree Emporium,4/24/2022,15.99,5,79.95,1606,Stephine Broadstock,sbroadstocklo@hao123.com,310-279-2389,26 Eagle Crest Terrace,Santa Monica,California,90410
JACJACTRE184,Jacaranda,Jacaranda mimosifolia,Medium Tree,HB2000,Holly Berry Tree Emporium,4/11/2022,15.99,3,47.97,2369,Ashlee Haversham,ahaversham6f@abc.net.au,510-806-8861,48 Dayton Plaza,Oakland,California,94660
JACJACTRE184,Jacaranda,Jacaranda mimosifolia,Medium Tree,HB2000,Holly Berry Tree Emporium,4/16/2022,15.99,2,31.98,3583,Ashton Mansion,amansion85@china.com.cn,510-593-1754,8303 Golf Course Alley,Sacramento,California,95823
JACJACTRE184,Jacaranda,Jacaranda mimosifolia,Medium Tree,HB2000,Holly Berry Tree Emporium,4/28/2022,15.99,1,15.99,2041,Stormy Ibbs,sibbsid@furl.net,626-216-7870,3904 Elmside Junction,Pasadena,California,91103
JAMCAPTRE186,Jamaica Caper Tree,Capparis cynophallophora,Small Tree,HB2000,Holly Berry Tree Emporium,4/15/2022,25.99,3,77.97,3583,Ashton Mansion,amansion85@china.com.cn,510-593-1754,8303 Golf Course Alley,Sacramento,California,95823
JAMCAPTRE186,Jamaica Caper Tree,Capparis cynophallophora,Small Tree,HB2000,Holly Berry Tree Emporium,4/22/2022,25.99,5,129.95,2525,Aurea Bluschke,abluschkegz@narod.ru,408-265-6034,508 Graedel Plaza,San Jose,California,95123
JAMPISTRE187,Jamaican Dogwood,Piscidia piscipula,Large Tree,HB2000,Holly Berry Tree Emporium,4/25/2022,25.99,3,77.97,2525,Aurea Bluschke,abluschkegz@narod.ru,408-265-6034,508 Graedel Plaza,San Jose,California,95123
JAPFATSHR188,Japanese Aralia,Fatsia japonica,Large Shrub,HB2000,Holly Berry Tree Emporium,4/30/2022,25.99,3,77.97,1599,Barbabra Dows,bdowsh4@mozilla.com,619-105-8973,25824 Mccormick Trail,San Diego,California,92160
KINTHUSHR195,King’s Mantle,Thunbergia erecta,Large Shrub,HB2000,Holly Berry Tree Emporium,4/4/2022,25.99,3,77.97,2897,Silvano Instrell,sinstrell7v@newyorker.com,203-189-8203,6239 Russell Crossing,Norwalk,Connecticut,6859
LADRHAPAL197,Lady Palm,Rhapis excelsa,Palm or Palm-Like,HB2000,Holly Berry Tree Emporium,4/3/2022,25.99,2,51.98,2684,Siffre Hellcat,shellcatj9@economist.com,559-122-7163,5667 Troy Way,Fresno,California,93704
LAUCOCSHR198,Laurelleaf Snailseed,Cocculus laurifolius,Large Shrub,HB2000,Holly Berry Tree Emporium,4/6/2022,25.99,5,129.95,2878,Skelly Bubb,sbubbhd@springer.com,415-696-7569,61985 Fordem Park,San Francisco,California,94147
LEAACRSHR199,Leather Fern,Acrostichum danaeifolium,Large Shrub,PF3000,Plant Fernishings,4/9/2022,5.99,3,17.97,3362,Maire Staines,mstaines96@mail.ru,626-321-2550,77469 Elmside Circle,Pasadena,California,91131
LEAACRSHR199,Leather Fern,Acrostichum danaeifolium,Large Shrub,PF3000,Plant Fernishings,4/12/2022,5.99,3,17.97,1821,Derick Balducci,dbalducci44@google.ru,530-838-2262,31 Village Street,Sacramento,California,95833
LEARUMGRO200,Leatherleaf Fern,Rumohra adiantiformis,Groundcover,PF3000,Plant Fernishings,4/17/2022,5.99,3,17.97,1523,Marcella Patey,mpatey9h@barnesandnoble.com,408-799-0176,233 Dwight Circle,San Jose,California,95108
LEARUMGRO200,Leatherleaf Fern,Rumohra adiantiformis,Groundcover,PF3000,Plant Fernishings,4/20/2022,5.99,3,17.97,2147,Devlin Huntley,dhuntleykw@time.com,661-490-5980,404 Graedel Junction,Bakersfield,California,93399
LEMCYMGRA201,Lemongrass,Cymbopogon citratus,Grass,PF3000,Plant Fernishings,4/23/2022,5.99,3,17.97,1201,Margaretta Gales,mgales3v@123-reg.co.uk,626-430-8051,13515 Scoville Center,Alhambra,California,91841
LEMCYMGRA201,Lemongrass,Cymbopogon citratus,Grass,PF3000,Plant Fernishings,4/26/2022,5.99,2,11.98,2353,Diahann Hoult,dhoultek@exblog.jp,213-863-2947,473 Merrick Park,Los Angeles,California,90101
LITSCHGRA206,Little Blue Stem Grass,Schizachyrium scoparium,Grass,PF3000,Plant Fernishings,4/30/2022,25.99,3,77.97,3288,Markos Ede,mede1c@diigo.com,323-784-1145,74716 Mosinee Lane,North Hollywood,California,91606
MAHDIDFER216,Mahogany Fern,Didymochlaena truncatula,Fern,PF3000,Plant Fernishings,4/28/2022,25.99,2,51.98,2648,Dieter Coppens,dcoppensp9@ucla.edu,256-278-7167,55 Northwestern Center,Huntsville,Alabama,35810
MEXCUPPER222,Mexican Heather,Cuphea hyssopifolia,Perennial,HP1000,Hansel and Petals,4/21/2022,15.99,2,31.98,1994,Aubree Pomphrey,apomphreyi1@narod.ru,520-969-5162,37345 Lakewood Terrace,Tucson,Arizona,85720
RUDRUDPER306,Rudbeckia,Rudbeckia fulgida,Perennial,HP1000,Hansel and Petals,4/14/2022,15.99,2,31.98,2369,Ashlee Haversham,ahaversham6f@abc.net.au,510-806-8861,48 Dayton Plaza,Oakland,California,94660
SALSALPER311,Salvia,Salvia spp.,Perennial,HP1000,Hansel and Petals,4/18/2022,15.99,5,79.95,3583,Ashton Mansion,amansion85@china.com.cn,510-593-1754,8303 Golf Course Alley,Sacramento,California,95823
SCOHELPER320,Scorpion Tail,Heliotropium angiospermum,Perennial,HP1000,Hansel and Petals,4/23/2022,15.99,2,31.98,2525,Aurea Bluschke,abluschkegz@narod.ru,408-265-6034,508 Graedel Plaza,San Jose,California,95123
SHEALPPER324,Shell Ginger,Alpinia spp.,Perennial,HP1000,Hansel and Petals,4/27/2022,15.99,1,15.99,3070,Dianne Keasy,dkeasymh@boston.com,602-663-5223,6945 Almo Park,Phoenix,Arizona,85053
SHEALPPER324,Shell Ginger,Alpinia spp.,Perennial,HP1000,Hansel and Petals,4/27/2022,15.99,5,79.95,1599,Barbabra Dows,bdowsh4@mozilla.com,619-105-8973,25824 Mccormick Trail,San Diego,California,92160
WALNEOPER391,Walking Iris,Neomarica gracilis,Perennial,HP1000,Hansel and Petals,4/2/2022,15.99,2,31.98,2684,Siffre Hellcat,shellcatj9@economist.com,559-122-7163,5667 Troy Way,Fresno,California,93704
WAXBEGPER394,Wax Begonia,Begonia Xsemperflorens-cultorum,Perennial,HP1000,Hansel and Petals,4/5/2022,14.99,1,14.99,2878,Skelly Bubb,sbubbhd@springer.com,415-696-7569,61985 Fordem Park,San Francisco,California,94147
WHIGAUPER400,White Gaura,Gaura lindheimeri,Perennial,HP1000,Hansel and Petals,4/11/2022,14.99,3,44.97,2560,Skipper Bolger,sbolgerfn@epa.gov,916-234-8482,51919 Brown Plaza,Sacramento,California,94230
WILLANPER407,Wild Sage,Lantana involucrata,Perennial,HP1000,Hansel and Petals,4/18/2022,12.99,3,38.97,1521,Staci Zollner,szollner5m@skype.com,619-789-1594,23281 Southridge Alley,San Diego,California,92105
WISTORANN413,Wishbone Flower,Torenia fournieri,Annuals,HP1000,Hansel and Petals,4/25/2022,12.99,3,38.97,1606,Stephine Broadstock,sbroadstocklo@hao123.com,310-279-2389,26 Eagle Crest Terrace,Santa Monica,California,90410
YELFLAPER420,Yellowtop,Flaveria linearis,Perennial,HP1000,Hansel and Petals,4/27/2022,12.99,2,25.98,2041,Stormy Ibbs,sibbsid@furl.net,626-216-7870,3904 Elmside Junction,Pasadena,California,91103
