﻿CustomerID,CustomerName,CustomerEmail,CustomerPhone,CustomerAddress,CustomerCity,CustomerState,CustomerZip
3882,Abbey Cussins,acussinsax@bloomberg.com,480-770-1126,909 Dorton Drive,Phoenix,Arizona,85045
3402,Abbie Holsey,aholseyl0@wix.com,562-716-5380,79 Florence Point,Los Angeles,California,90071
2313,Abner Crowch,acrowchox@blogger.com,619-379-0901,4599 John Wall Alley,San Diego,California,92170
1543,Abramo Jentzsch,ajentzschl1@de.vu,559-235-1237,2398 Redwing Drive,Fullerton,California,92640
3385,Adah Illyes,aillyesic@answers.com,251-142-1149,78175 Morningstar Place,Mobile,Alabama,36616
1534,Adams Zimmermanns,azimmermanns3x@feedburner.com,480-765-4865,2362 Grim Terrace,Gilbert,Arizona,85297
3306,Agnella Franceschielli,afranceschiellim1@linkedin.com,415-757-6185,754 Summerview Avenue,San Francisco,California,94116
2918,Ailbert Brende,abrende6e@harvard.edu,501-867-6807,63 Raven Crossing,Little Rock,Arkansas,72204
3009,Ailsun Gever,ageverpd@ft.com,907-578-1249,66891 Algoma Point,Anchorage,Alaska,99522
3739,Ajay Albers,aalbersq1@pbs.org,805-979-0372,887 Porter Road,Ventura,California,93005
3284,Aldin Walsh,awalshj1@dell.com,928-506-9720,7459 Messerschmidt Park,Mesa,Arizona,85210
3210,Alejandra Abry,aabryaw@hibu.com,562-179-3866,715 Crescent Oaks Avenue,Long Beach,California,90831
3758,Alexandra Stamp,astampir@gizmodo.com,602-377-5957,8944 Luster Alley,Phoenix,Arizona,85035
3317,Alfie Dinse,adinsec8@cam.ac.uk,805-373-6557,76 7th Avenue,Simi Valley,California,93094
1530,Alis Merlin,amerlindg@google.es,520-753-9555,2356 Mitchell Drive,Tucson,Arizona,85748
3862,Alix Durrett,adurrettcr@de.vu,559-841-7710,90 Garrison Road,Fresno,California,93786
3989,Allsun Meiner,ameinerrd@google.ca,415-345-5335,94886 Gateway Pass,San Francisco,California,94177
3898,Allyn Hallowell,ahallowellf1@bluehost.com,916-846-1804,91066 Westport Terrace,Sacramento,California,94237
1287,Aloysia McErlaine,amcerlaineqm@admin.ch,951-406-7189,1774 Portage Junction,Riverside,California,92513
1114,Alphonso Grzelewski,agrzelewskimt@intel.com,520-953-8300,10105 Elka Hill,Tucson,Arizona,85720
3562,Amerigo Garrelts,agarrelts6e@oaic.gov.au,415-190-3290,8252 Village Green Hill,San Francisco,California,94177
2723,Amerigo Reck,areckkc@blogspot.com,619-758-5441,583 Glendale Hill,San Diego,California,92145
3079,Anastasie Lawlings,alawlings6s@cpanel.net,408-621-0348,6967 Schlimgen Way,San Jose,California,95108
3695,Andonis Barszczewski,abarszczewski6m@github.io,203-370-8808,8707 Eliot Crossing,Hartford,Connecticut,6105
3074,Ange Kieran,akieranps@naver.com,205-324-9179,696 Graceland Lane,Birmingham,Alabama,35295
1711,Angelia Ferrarone,aferrarone2v@alexa.com,202-683-5543,29476 Sunnyside Lane,Washington,District of Columbia,20520
2634,Anjanette Glendza,aglendzafn@istockphoto.com,619-749-4931,5407 Waxwing Point,San Diego,California,92191
3731,Annie Walklott,awalklott49@independent.co.uk,205-524-0796,8848 Clove Lane,Tuscaloosa,Alabama,35487
2839,Anselm Broke,abrokeqg@ihg.com,213-335-1519,600 Anthes Crossing,Los Angeles,California,90050
2290,Anthiathia Dyos,adyosmh@sohu.com,408-396-6831,454 Fairfield Lane,San Jose,California,95173
1846,Antonin Howgate,ahowgatep8@nifty.com,619-820-5723,32 Vidon Alley,San Diego,California,92176
3571,Arabella Cristoferi,acristoferid8@bigcartel.com,805-214-8929,82960 Glendale Lane,Simi Valley,California,93094
3201,Archy Crohan,acrohanbc@dell.com,203-870-1119,71 Huxley Pass,Fairfield,Connecticut,6825
2252,Aridatha McEntagart,amcentagartde@bloglovin.com,408-992-2430,44 Milwaukee Parkway,San Jose,California,95194
2977,Ariel Kayne,akayne4c@japanpost.jp,602-146-2215,6549 Chinook Lane,Glendale,Arizona,85311
4001,Arvy Farris,afarris5j@mediafire.com,650-945-7231,9547 Butternut Street,San Jose,California,95113
2369,Ashlee Haversham,ahaversham6f@abc.net.au,510-806-8861,48 Dayton Plaza,Oakland,California,94660
3583,Ashton Mansion,amansion85@china.com.cn,510-593-1754,8303 Golf Course Alley,Sacramento,California,95823
2733,Atalanta Arendsen,aarendsenpl@state.tx.us,520-937-8245,58789 Dayton Place,Prescott,Arizona,86305
1994,Aubree Pomphrey,apomphreyi1@narod.ru,520-969-5162,37345 Lakewood Terrace,Tucson,Arizona,85720
2525,Aurea Bluschke,abluschkegz@narod.ru,408-265-6034,508 Graedel Plaza,San Jose,California,95123
1599,Barbabra Dows,bdowsh4@mozilla.com,619-105-8973,25824 Mccormick Trail,San Diego,California,92160
2667,Barney Watkiss,bwatkiss66@zimbio.com,501-430-4091,5583 Mockingbird Court,Hot Springs National Park,Arkansas,71914
1447,Baron Cusack,bcusackij@wp.com,203-205-0433,21 Killdeer Place,New Haven,Connecticut,6505
3314,Bartholomew Casier,bcasier9v@tamu.edu,562-443-9696,75842 Laurel Junction,Whittier,California,90610
3676,Bastien Di Boldi,bdi6g@aol.com,951-107-0693,8642 Sutteridge Drive,San Bernardino,California,92410
2513,Beatrisa Drew-Clifton,bdrewclifton8y@nps.gov,310-348-7017,5010 Autumn Leaf Lane,Inglewood,California,90398
2838,Becka Hegden,bhegden7x@scientificamerican.com,302-710-8827,60 Sauthoff Terrace,Newark,Delaware,19725
1622,Bee Bockh,bbockhc0@jimdo.com,818-466-4284,26267 Esker Circle,Torrance,California,90510
1216,Benedicta Pioch,bpioch15@microsoft.com,251-318-9513,14 Quincy Junction,Mobile,Alabama,36622
3599,Benji Minkin,bminkinan@mtv.com,907-154-4319,8389 Superior Park,Fairbanks,Alaska,99790
3232,Bentley Vynoll,bvynoll5o@gizmodo.com,415-153-7580,72439 Longview Point,San Francisco,California,94116
3371,Beret Sheerin,bsheerinu@php.net,805-933-1947,77890 Gina Terrace,San Luis Obispo,California,93407
4119,Bern Hrishanok,bhrishanokd2@archive.org,626-269-0421,996 Victoria Drive,Pasadena,California,91186
1798,Betsy Buncombe,bbuncombeqn@goodreads.com,205-757-8485,30136 Fairview Hill,Birmingham,Alabama,35244
2254,Betty Hargerie,bhargeriehi@bandcamp.com,480-989-0446,44 Porter Road,Phoenix,Arizona,85040
2968,Binky Escale,bescale84@ow.ly,310-350-1747,6507 Ridgeview Road,Los Angeles,California,90071
1699,Bird Chittenden,bchittendenot@e-recht24.de,202-884-7359,290 Columbus Parkway,Washington,District of Columbia,20380
1931,Birgitta Decourcy,bdecourcy5n@blogspot.com,251-377-1872,35 Arrowood Point,Mobile,Alabama,36628
2250,Bob Chattington,bchattingtonkm@un.org,661-289-2097,44 Lakewood Gardens Plaza,Lancaster,California,93584
3611,Bondy Flint,bflintls@bloglovin.com,702-505-0627,840 Portage Point,Santa Barbara,California,93111
1645,Bonni Hustings,bhustingsfb@furl.net,559-610-7607,27 Melby Terrace,Fresno,California,93750
3884,Brady Medeway,bmedewaylp@dailymotion.com,415-848-8824,90986 Trailsway Crossing,San Francisco,California,94116
3326,Brantley Nendick,bnendick5z@mtv.com,209-260-0008,760 Sage Center,Fresno,California,93726
3693,Brear Barthod,bbarthode@sina.com.cn,323-448-0622,87 Namekagon Junction,Long Beach,California,90805
2755,Brian Crowther,bcrowthergs@cyberchimps.com,520-686-5167,59451 Onsgard Hill,Tucson,Arizona,85737
3271,Brigham Lampkin,blampkinw@ihg.com,858-289-4089,74 Oneill Point,San Diego,California,92110
3625,Brigitta Zanussii,bzanussii1p@usgs.gov,714-751-9372,84617 Oak Valley Road,Garden Grove,California,92645
1458,Brinna Suddock,bsuddock1z@oaic.gov.au,619-530-2876,21294 Artisan Crossing,San Diego,California,92191
3369,Brock Ottiwill,bottiwillnq@hatena.ne.jp,626-406-2166,77875 Vidon Pass,Alhambra,California,91841
1297,Brunhilda Wailes,bwailes4a@mac.com,213-147-9443,180 Myrtle Court,Los Angeles,California,90050
3750,Bryanty Issit,bissitbb@oaic.gov.au,205-871-2970,89 Dennis Place,Birmingham,Alabama,35285
1223,Bryn Gulliford,bgulliforded@wordpress.com,203-246-1515,1453 Kim Circle,Waterbury,Connecticut,6726
3003,Bryna Cumberpatch,bcumberpatchjr@auda.org.au,205-731-4813,6665 Marcy Street,Birmingham,Alabama,35225
3757,Buck Meiklam,bmeiklamiv@myspace.com,205-789-4928,8943 Rusk Drive,Birmingham,Alabama,35205
3936,Burk Alvey,balveyf@vimeo.com,562-840-3997,92743 Emmet Terrace,Whittier,California,90610
1467,Care Caccavella,ccaccavellaed@wordpress.org,415-280-1606,2162 Comanche Place,San Francisco,California,94154
2978,Care Espinas,cespinasn4@nih.gov,707-572-2225,6553 Heath Terrace,Petaluma,California,94975
2591,Carl Dennistoun,cdennistounep@harvard.edu,251-244-6324,53 Buhler Hill,Mobile,Alabama,36622
3415,Carlie Stedman,cstedmanby@prnewswire.com,916-941-5428,795 Artisan Lane,Sacramento,California,94273
1919,Carlynn Bourthoumieux,cbourthoumieuxlg@behance.net,334-858-8369,345 Prentice Crossing,Montgomery,Alabama,36109
3339,Carma Threlfall,cthrelfallih@loc.gov,714-103-8258,76462 Hintze Point,Irvine,California,92612
2924,Carmine Cruz,ccruzcn@ca.gov,415-232-2349,6334 Hazelcrest Crossing,San Francisco,California,94132
2287,Carole Halliburton,challiburtonjx@wordpress.com,907-659-9515,452 Bowman Place,Anchorage,Alaska,99517
3999,Caryl Millyard,cmillyard19@google.fr,949-894-0365,95415 Hanson Trail,Irvine,California,92619
1197,Charlena Lille,clillea8@nasa.gov,205-464-9921,13293 Macpherson Pass,Birmingham,Alabama,35215
2324,Charlena Mayworth,cmayworthi2@time.com,907-364-6287,463 Trailsway Crossing,Juneau,Alaska,99812
4081,Cheri Gabriel,cgabrielaq@spotify.com,203-932-4595,98 Union Place,Stamford,Connecticut,6905
2553,Chet Seage,cseageev@slate.com,619-147-1626,51645 Delladonna Circle,San Diego,California,92196
2724,Chev Lisett,clisetthb@icio.us,626-922-9441,583 Village Lane,Whittier,California,90605
4008,Chickie Pickover,cpickover2l@apache.org,760-123-9021,957 Florence Junction,Huntington Beach,California,92648
3866,Christian Kluger,cklugerlg@sfgate.com,619-694-2511,90 Springview Alley,San Diego,California,92132
2178,Chrysler Chadwick,cchadwickg2@craigslist.org,661-262-2696,4171 Vidon Lane,Bakersfield,California,93399
3588,Chrysler Klemenz,cklemenzmn@ezinearticles.com,510-106-5346,8319 Dayton Trail,Oakland,California,94605
3365,Claire Crowther,ccrowtherlf@huffingtonpost.com,626-327-6382,77619 Bay Plaza,Pasadena,California,91117
3350,Clarine Kohrding,ckohrdingos@opensource.org,209-755-7288,77 Utah Alley,Fresno,California,93704
2895,Clemmy Scarr,cscarr9m@yahoo.com,334-639-4266,6238 Oak Terrace,Montgomery,Alabama,36177
1638,Cobbie Tunny,ctunnyhk@nytimes.com,202-209-1121,2690 Grayhawk Way,Washington,District of Columbia,20591
2507,Collete Corbitt,ccorbittif@java.com,510-620-4415,50 Lawn Lane,Oakland,California,94605
3874,Corbin Swan,cswanm7@ft.com,650-230-5552,90212 Esch Place,Redwood City,California,94064
2225,Cordie Roseby,crosebym3@twitter.com,714-916-4677,432 Sycamore Hill,Orange,California,92862
1481,Cosme Elloit,celloiti7@nydailynews.com,619-416-7533,22 Service Trail,San Diego,California,92137
2285,Cozmo Assur,cassurcz@cmu.edu,510-577-5348,4512 Eagan Junction,Berkeley,California,94712
1654,Cristen Elles,cellesgw@barnesandnoble.com,619-232-1557,2714 Walton Park,San Diego,California,92196
2536,Cristen Hitchens,chitchenset@opensource.org,310-555-2285,51 Packers Center,Inglewood,California,90310
1439,Cristobal Pidon,cpidon69@feedburner.com,858-874-5305,2078 Sloan Hill,San Diego,California,92121
1985,Crosby Cowland,ccowlando4@mediafire.com,623-752-7927,37044 Tony Avenue,Scottsdale,Arizona,85260
2415,Curran MacMichael,cmacmichael5y@businesswire.com,520-968-8763,4949 Hauk Road,Tucson,Arizona,85705
3529,Curran Oaks,coaks1g@gravatar.com,760-980-3555,80955 Comanche Hill,San Bernardino,California,92415
2714,Cyrus Ranking,crankingmd@shareasale.com,916-748-6202,58 Goodland Drive,Sacramento,California,94230
1993,Daisie Connelly,dconnelly6d@seattletimes.com,202-653-9458,3724 Stuart Place,Washington,District of Columbia,20546
3915,Dalli Self,dself80@xing.com,661-840-4196,91896 Pawling Terrace,Lancaster,California,93584
1118,Dante Whittington,dwhittingtoncz@mozilla.org,256-633-7875,10220 Montana Lane,Huntsville,Alabama,35810
3189,Dara Preble,dpreblef3@fda.gov,334-165-6313,70658 Thompson Plaza,Montgomery,Alabama,36125
1890,Darby Hopewell,dhopewellk4@creativecommons.org,202-451-7202,33495 Scott Place,Washington,District of Columbia,20425
2309,Darcee McConway,dmcconwayf7@yale.edu,661-337-1212,4588 Mayfield Point,Bakersfield,California,93386
4040,Darci Babber,dbabber48@nytimes.com,415-791-3528,96723 Scott Terrace,San Francisco,California,94159
2247,Daria Dodge,ddodgeob@google.cn,619-646-8593,4399 Annamark Crossing,San Diego,California,92191
3729,Darnell Lafee,dlafeemx@youtube.com,310-701-3699,8843 4th Park,Inglewood,California,90310
1934,Darrel Taunton,dtauntond0@about.me,415-531-6315,35 Nobel Pass,San Francisco,California,94137
1497,Daryl Wimbury,dwimburya7@nationalgeographic.com,860-145-2971,225 Ridge Oak Pass,Hartford,Connecticut,6145
2030,Debby McCourtie,dmccourtie4s@vistaprint.com,415-548-8883,3877 Debra Crossing,San Rafael,California,94913
1195,Debera McKinlay,dmckinlayoj@google.fr,818-617-4302,13228 American Street,Los Angeles,California,90065
2857,Dedie Perelli,dperellihx@dagondesign.com,907-509-4716,61 Service Pass,Fairbanks,Alaska,99790
2610,Deeann Poundesford,dpoundesfordd5@twitpic.com,310-468-9348,53409 Hayes Alley,Santa Monica,California,90405
1603,Delila Biddell,dbiddelljy@privacy.gov.au,907-593-4971,2599 Grayhawk Terrace,Juneau,Alaska,99812
2401,Delmore Stuart,dstuartil@dmoz.org,501-861-2262,49 Randy Junction,Little Rock,Arkansas,72204
3352,Demetrius O' Liddy,dofz@ftc.gov,205-983-4144,771 American Lane,Birmingham,Alabama,35254
2638,Dena Rosberg,drosberg6u@simplemachines.org,619-704-5643,54424 Moulton Alley,San Diego,California,92153
1597,Denise Lardez,dlardezgv@businessinsider.com,714-337-9832,257 6th Plaza,Fullerton,California,92835
1821,Derick Balducci,dbalducci44@google.ru,530-838-2262,31 Village Street,Sacramento,California,95833
2147,Devlin Huntley,dhuntleykw@time.com,661-490-5980,404 Graedel Junction,Bakersfield,California,93399
2353,Diahann Hoult,dhoultek@exblog.jp,213-863-2947,473 Merrick Park,Los Angeles,California,90101
3070,Dianne Keasy,dkeasymh@boston.com,602-663-5223,6945 Almo Park,Phoenix,Arizona,85053
2648,Dieter Coppens,dcoppensp9@ucla.edu,256-278-7167,55 Northwestern Center,Huntsville,Alabama,35810
2930,Dionne Armytage,darmytagehc@mediafire.com,909-648-9952,637 Maple Plaza,Riverside,California,92505
1802,Doe O'Luby,doluby5t@pcworld.com,907-578-9972,3035 Sunfield Trail,Fairbanks,Alaska,99790
2396,Dollie Pennells,dpennellsju@businessweek.com,520-163-2920,49 Delladonna Alley,Tucson,Arizona,85743
1318,Donalt Tilbey,dtilbey5p@ow.ly,415-509-1958,1866 Karstens Alley,San Francisco,California,94137
3691,Dorette Welch,dwelchpw@goodreads.com,559-875-7353,87 Continental Trail,Fresno,California,93715
1933,Drusy Fison,dfison78@163.com,310-411-4694,35 Hermina Lane,Long Beach,California,90805
1239,Duffie Wolton,dwoltonay@engadget.com,858-262-1743,1520 North Park,San Diego,California,92127
3537,Duffy Durban,ddurbanjn@privacy.gov.au,818-146-6353,81317 Independence Lane,Los Angeles,California,90010
3283,Durant McCumesky,dmccumeskygr@utexas.edu,530-461-5439,7455 Darwin Crossing,Sacramento,California,95833
2645,Eada Andrejevic,eandrejevic2i@people.com.cn,205-702-0359,548 Dawn Circle,Birmingham,Alabama,35295
4060,Eberto Chantree,echantreeou@hp.com,661-692-2550,9725 Rockefeller Pass,Bakersfield,California,93311
2633,Egbert Cole,ecolepl@youku.com,860-996-0694,54 Schmedeman Drive,Hartford,Connecticut,6160
2912,Elke Porter,eporter9k@google.co.uk,510-401-0835,63 Anthes Trail,Oakland,California,94611
1485,Elsinore Scougal,escougalda@desdev.cn,559-722-2479,2216 Green Ridge Court,Fresno,California,93773
1460,Em Blackader,eblackader1@timesonline.co.uk,209-434-4404,214 Melvin Court,Stockton,California,95205
1267,Ermin Matlock,ematlockrn@xrea.com,202-900-7306,1680 Crownhardt Place,Washington,District of Columbia,20299
3005,Ernestus Sandbrook,esandbrook9v@dagondesign.com,510-371-1633,6672 Basil Road,Hayward,California,94544
3247,Erroll Blackaller,eblackaller1n@latimes.com,480-791-3843,73 Michigan Road,Phoenix,Arizona,85020
2972,Etti Belamy,ebelamyq5@t-online.de,303-483-2276,65251 Sunbrook Court,Denver,Colorado,80262
1693,Eugenie Carmo,ecarmojq@aol.com,209-898-6368,28716 Mcguire Parkway,Stockton,California,95210
3211,Eva Goretti,egorettilc@spiegel.de,203-613-5469,716 Northfield Junction,Fairfield,Connecticut,6825
1337,Evangeline Bartolozzi,ebartolozzigq@time.com,818-625-6637,1933 Hauk Alley,Glendale,California,91210
1472,Ezekiel Olyonov,eolyonov39@bigcartel.com,202-187-3835,21753 Westport Park,Washington,District of Columbia,20566
3914,Eziechiele Grindlay,egrindlaynw@chicagotribune.com,951-730-5687,91887 Chive Avenue,Moreno Valley,California,92555
4068,Farrel Raylton,fraylton54@fema.gov,303-494-2733,977 Schurz Hill,Englewood,Colorado,80150
2056,Ferrel Colpus,fcolpus9b@prlog.org,510-866-2443,39745 Oak Valley Circle,Berkeley,California,94712
1614,Filide Bolitho,fbolitho32@reference.com,916-132-9371,260 Arapahoe Circle,Sacramento,California,95894
2193,Fleurette Zavattieri,fzavattieri4l@paypal.com,714-918-7354,4213 Karstens Drive,Garden Grove,California,92645
3620,Flin Inkin,finkinb5@economist.com,203-126-0625,84408 Helena Circle,Waterbury,Connecticut,6721
3239,Forrest Lowdeane,flowdeaneb7@google.ca,205-191-4282,728 Barnett Place,Birmingham,Alabama,35244
2846,Frasquito Honatsch,fhonatsch4p@epa.gov,860-967-3958,604 Gale Park,Hartford,Connecticut,6145
3512,Freddy Fayerman,ffayermani5@is.gd,334-712-4539,80 Ridgeway Point,Montgomery,Alabama,36109
1480,Gabriel Gallaher,ggallaherhm@newsvine.com,602-754-4213,22 Karstens Terrace,Phoenix,Arizona,85053
1299,Gayel Mirrlees,gmirrlees4v@state.tx.us,202-827-8759,18028 Green Trail,Washington,District of Columbia,20022
3294,Gelya Elner,gelnerd6@sina.com.cn,520-305-2088,75 Amoth Point,Tucson,Arizona,85743
2722,Genni Masic,gmasic8k@whitehouse.gov,970-861-1444,58200 Cottonwood Pass,Greeley,Colorado,80638
3998,Georgeanne Eaves,geavesa6@discuz.net,203-687-8826,954 West Park,Hartford,Connecticut,6105
1311,Geri Haddock,ghaddock54@live.com,501-406-6693,1842 Gale Place,North Little Rock,Arkansas,72199
1272,Giacinta Semered,gsemered1u@dot.gov,202-409-8881,17 Lien Center,Washington,District of Columbia,20530
2845,Giffy Douglas,gdouglasgv@macromedia.com,251-457-1078,604 Columbus Lane,Mobile,Alabama,36610
3561,Ginger Daspar,gdaspark4@unesco.org,205-171-0996,82475 Lindbergh Place,Birmingham,Alabama,35279
2859,Giovanni Kirkhouse,gkirkhousen3@reddit.com,907-535-4785,61020 Kipling Trail,Anchorage,Alaska,99512
3633,Gracie Moens,gmoensqa@gnu.org,480-258-2950,8477 Farmco Point,Scottsdale,Arizona,85271
3686,Greg Sprull,gsprulli4@angelfire.com,251-289-1891,868 Spenser Drive,Mobile,Alabama,36622
3325,Gregor Renison,grenisonkb@imdb.com,719-291-4347,760 Acker Point,Pueblo,Colorado,81015
1466,Halimeda Lemmanbie,hlemmanbie20@canalblog.com,602-651-4490,216 Vidon Road,Phoenix,Arizona,85005
1563,Hanna Harefoot,hharefoot9m@tumblr.com,719-489-5432,243 Petterle Crossing,Colorado Springs,Colorado,80935
3730,Hartwell Docwra,hdocwradl@discuz.net,303-385-4005,8844 Cascade Terrace,Denver,Colorado,80243
3864,Henrieta Cubberley,hcubberley92@devhub.com,303-793-0781,90 Ludington Circle,Aurora,Colorado,80045
1178,Herbie Ottawell,hottawellcs@sourceforge.net,302-920-9473,12743 Valley Edge Alley,Wilmington,Delaware,19805
3039,Hillyer Pead,hpeadq5@wikia.com,303-823-4082,6815 Calypso Lane,Denver,Colorado,80279
1572,Hope Trask,htrask5m@oaic.gov.au,602-833-9960,2470 Waxwing Place,Phoenix,Arizona,85077
1209,Hoyt Negal,hnegal76@umn.edu,251-161-1110,138 Tomscot Plaza,Mobile,Alabama,36689
2148,Hugues Fraanchyonok,hfraanchyonokhn@bbb.org,323-548-3152,4041 Rockefeller Alley,Pasadena,California,91103
3428,Ibby Romer,iromer51@merriam-webster.com,302-139-0261,79909 Buell Place,Wilmington,Delaware,19897
3901,Ida Cockrill,icockrillb2@jimdo.com,916-127-1516,912 Coolidge Plaza,Sacramento,California,94230
2002,Idalia Arnowitz,iarnowitzn6@bloomberg.com,303-664-6664,37582 Alpine Parkway,Denver,Colorado,80291
2135,Ignazio Sipson,isipsona0@ftc.gov,251-217-0849,40 Carey Junction,Mobile,Alabama,36641
2149,Inna Durnill,idurnillms@vinaora.com,559-779-6307,4043 Farwell Way,Fresno,California,93794
2659,Isidor Asman,iasman6a@wired.com,626-899-0980,5544 Cherokee Terrace,Pasadena,California,91125
2632,Issi Ryburn,iryburnpl@google.es,559-999-4418,54 Roth Alley,Fresno,California,93762
2552,Issy Strachan,istrachanmg@answers.com,602-955-6016,5160 La Follette Street,Phoenix,Arizona,85099
2641,Ivette Orth,iorth45@odnoklassniki.ru,714-194-9831,546 Esch Drive,Anaheim,California,92812
2595,Ivor McShirrie,imcshirrie2f@squidoo.com,501-544-7221,53 Iowa Street,Hot Springs National Park,Arkansas,71914
2938,Jacenta Robus,jrobus9b@miitbeian.gov.cn,719-956-1884,64 Dunning Junction,Colorado Springs,Colorado,80995
3541,Jack Dobby,jdobby73@ocn.ne.jp,916-728-6425,8167 Spenser Trail,Sacramento,California,94250
2050,Jacquie Toffanelli,jtoffanelliqx@washington.edu,415-345-9469,3936 Anderson Pass,San Francisco,California,94126
1325,Jamesy Dorrian,jdorrianqr@yellowpages.com,970-458-0440,189 Aberg Circle,Grand Junction,Colorado,81505
3747,Jaquith Aishford,jaishfordjx@ftc.gov,602-787-7459,89 Blue Bill Park Plaza,Phoenix,Arizona,85045
1276,Jarrod Ascrofte,jascroftef3@google.pl,626-767-1506,17 Ridgeview Road,Pasadena,California,91125
1321,Jayne Stallworth,jstallworthcq@github.io,928-276-6711,18768 Spaight Street,Mesa,Arizona,85210
3961,Jennette Kerridge,jkerridge53@uiuc.edu,907-332-6232,9358 Crescent Oaks Junction,Juneau,Alaska,99812
3983,Jerrilee McIlvoray,jmcilvorayv@nydailynews.com,323-735-5951,946 American Street,Long Beach,California,90805
2920,Jerrold Hector,jhectores@geocities.com,559-989-8821,63002 Burrows Drive,Fresno,California,93786
3353,Jessalin Bestwerthick,jbestwerthick7n@sciencedaily.com,251-917-5882,771 Carpenter Pass,Mobile,Alabama,36616
2162,Jimmie Gell,jgell7c@miibeian.gov.cn,916-442-5345,4098 4th Road,Sacramento,California,94280
3568,Joannes Asel,jasel3l@europa.eu,415-392-1768,82782 Westridge Avenue,San Francisco,California,94126
2224,Jobie Pinchen,jpinchen15@behance.net,205-844-2402,4319 Coleman Lane,Birmingham,Alabama,35231
1312,Jobye Hambelton,jhambelton76@moonfruit.com,951-239-4546,1846 Ridge Oak Crossing,Riverside,California,92519
2605,Johanna Massei,jmasseic9@google.it,203-690-4235,532 Dottie Parkway,Waterbury,Connecticut,6721
2282,Johnette Linay,jlinaypa@mapy.cz,203-211-9941,45072 Pierstorff Avenue,Stamford,Connecticut,6922
1971,Joseito Scadden,jscaddenpz@dot.gov,909-110-0771,36742 Knutson Terrace,San Bernardino,California,92405
3652,Joycelin Colthurst,jcolthurstgu@cbsnews.com,916-287-8146,8555 Melby Center,Sacramento,California,94297
2955,Kahaleel Garrard,kgarrardin@imgur.com,818-618-1044,6475 Manley Alley,Glendale,California,91210
1807,Kalil Antyukhin,kantyukhingx@com.com,559-768-8581,30566 Truax Point,Fresno,California,93750
1210,Kalinda Steers,ksteershp@ameblo.jp,619-322-8326,13871 Summit Place,San Diego,California,92137
1230,Kalle Bagge,kbagge8x@so-net.ne.jp,562-129-0493,15 Ruskin Lane,Whittier,California,90610
1288,Karel Whitters,kwhittersma@wiley.com,213-922-0666,17783 Mosinee Circle,Los Angeles,California,90050
2173,Katerina Kempstone,kkempstone3t@harvard.edu,303-823-7990,4153 7th Park,Denver,Colorado,80217
2872,Kathryn Barnish,kbarnishc1@freewebs.com,251-128-7201,61830 Sheridan Alley,Mobile,Alabama,36616
3230,Keelby Bonnet,kbonnetmg@google.com.br,949-555-7810,72312 Luster Place,Los Angeles,California,90010
1339,Kenny Coffey,kcoffeych@posterous.com,909-623-5862,1944 Orin Plaza,Pomona,California,91797
2889,Kevina Richmond,krichmond9g@mozilla.org,479-133-6841,6214 Del Mar Terrace,Fort Smith,Arkansas,72916
1121,Kienan Agiolfinger,kagiolfingeri2@reverbnation.com,303-821-2331,1043 Goodland Road,Littleton,Colorado,80161
1811,Kimberlyn Annett,kannett8p@wikia.com,213-310-6539,30672 Main Trail,Van Nuys,California,91499
1152,Klara Cotton,kcotton95@youtube.com,310-102-0796,113 Lake View Road,Torrance,California,90505
1697,Klarika Geane,kgeane37@google.com.hk,303-587-5734,29 Briar Crest Junction,Aurora,Colorado,80044
1626,Klemens Bolf,kbolf8z@smh.com.au,602-682-9926,2633 Pond Lane,Phoenix,Arizona,85053
2588,Kristoforo Shimwell,kshimwell94@soup.io,480-106-2175,53 Annamark Alley,Phoenix,Arizona,85020
1336,Krysta Djurdjevic,kdjurdjevicim@harvard.edu,251-560-6231,1928 Moland Crossing,Mobile,Alabama,36628
3259,Laney Creagh,lcreagh2h@weather.com,818-613-5833,733 Elmside Road,Brea,California,92822
1437,Lanni Hyder,lhydermu@microsoft.com,510-321-6339,207 Pierstorff Lane,Oakland,California,94611
2227,Latia Lamport,llamport2z@hatena.ne.jp,619-896-1165,4333 Mayer Hill,San Diego,California,92137
3027,Lawrence Ilyin,lilyin9s@discovery.com,719-695-4587,678 Weeping Birch Avenue,Colorado Springs,Colorado,80995
2535,Legra Domenget,ldomengetg1@nsw.gov.au,480-148-1281,51 Loftsgordon Drive,Scottsdale,Arizona,85271
2718,Leicester Staines,lstaines64@issuu.com,559-791-9902,58 Southridge Alley,Modesto,California,95354
1433,Lemar Judgkins,ljudgkinsji@godaddy.com,970-338-7988,2030 6th Circle,Fort Collins,Colorado,80525
3060,Lemmy Kubatsch,lkubatsch2v@tamu.edu,479-682-5609,69150 Cambridge Plaza,Fort Smith,Arkansas,72916
1949,Lenci Magog,lmagog1m@foxnews.com,415-864-3785,3596 Lighthouse Bay Point,San Francisco,California,94177
3322,Lenette Tremellier,ltremellier83@hubpages.com,323-986-6784,76 Riverside Alley,Los Angeles,California,90040
1792,Lilith Hughes,lhughes8y@qq.com,602-833-7435,30 Surrey Trail,Phoenix,Arizona,85045
1156,Lillian Hartus,lhartus60@flickr.com,951-297-3669,1181 Oneill Lane,Corona,California,92878
1888,Lise Jacklin,ljacklinci@hatena.ne.jp,619-375-2080,333 Rowland Plaza,San Diego,California,92186
3532,Lisette Stelljes,lstelljes40@storify.com,209-471-0868,81 Southridge Point,Stockton,California,95219
3723,Lizzie Kiely,lkielyhx@abc.net.au,251-989-9816,883 Lyons Court,Mobile,Alabama,36628
1217,Llewellyn Fromont,lfromonte9@de.vu,205-279-7028,14 Rowland Lane,Birmingham,Alabama,35244
3765,Lolita Dreschler,ldreschler65@reverbnation.com,501-259-0567,89785 Lake View Crossing,Little Rock,Arkansas,72209
2363,Lorain Siebert,lsiebertr7@vk.com,302-966-7244,4770 Orin Plaza,Wilmington,Delaware,19892
1426,Lorena Dibb,ldibb9h@huffingtonpost.com,860-392-1809,20024 Stephen Trail,Hartford,Connecticut,6120
2910,Loutitia Cota,lcotaeq@prweb.com,510-783-2470,62921 Farwell Point,Oakland,California,94627
1532,Luca Arnaudon,larnaudonqm@uol.com.br,303-501-3272,236 Michigan Street,Denver,Colorado,80241
1116,Lucinda Dangerfield,ldangerfield5h@geocities.com,302-279-9855,102 Buell Center,Wilmington,Delaware,19805
3563,Maddy Baume,mbaumer2@wikispaces.com,303-763-1756,82545 Mayfield Avenue,Denver,Colorado,80262
1690,Magdalen Downing,mdowningi@creativecommons.org,602-272-4053,287 Brown Plaza,Phoenix,Arizona,85083
1932,Mahmud Mitroshinov,mmitroshinovr@sfgate.com,415-884-2122,35 Esker Hill,San Francisco,California,94154
3362,Maire Staines,mstaines96@mail.ru,626-321-2550,77469 Elmside Circle,Pasadena,California,91131
1523,Marcella Patey,mpatey9h@barnesandnoble.com,408-799-0176,233 Dwight Circle,San Jose,California,95108
1683,Marco Fernley,mfernleyah@fastcompany.com,205-426-6515,285 Lunder Place,Birmingham,Alabama,35290
1201,Margaretta Gales,mgales3v@123-reg.co.uk,626-430-8051,13515 Scoville Center,Alhambra,California,91841
2381,Margret Fuentes,mfuentes12@icq.com,303-391-1984,48343 South Junction,Denver,Colorado,80217
1987,Maridel Drayson,mdrayson93@stanford.edu,520-197-3980,371 Transport Lane,Tucson,Arizona,85720
3288,Markos Ede,mede1c@diigo.com,323-784-1145,74716 Mosinee Lane,North Hollywood,California,91606
3555,Marybeth O'Rodane,morodaneac@furl.net,415-631-8243,8220 Arapahoe Alley,San Francisco,California,94159
1146,Mathe Methley,mmethleygd@fda.gov,202-620-6558,1103 7th Hill,Washington,District of Columbia,20310
2329,Matty Monnoyer,mmonnoyercu@deviantart.com,302-668-4455,465 Center Place,Wilmington,Delaware,19886
3185,Maud Kattenhorn,mkattenhorn66@sfgate.com,480-353-2073,70301 Anthes Lane,Apache Junction,Arizona,85219
2929,Mavra Yekel,myekelex@tinyurl.com,415-264-9672,6369 Anhalt Street,San Rafael,California,94913
3238,Mehetabel Murkin,mmurkin3j@de.vu,408-792-5776,72740 Farragut Street,San Jose,California,95133
3977,Mella Duffell,mduffellri@123-reg.co.uk,619-968-7306,9431 Arrowood Lane,San Diego,California,92191
3609,Melly Burk,mburk5c@slate.com,951-915-0907,84 Vahlen Trail,Corona,California,92878
2611,Merci Anning,manningh7@nifty.com,302-243-6591,53420 Basil Point,Wilmington,Delaware,19897
2156,Merilee Denis,mdeniscc@angelfire.com,334-558-7800,4064 2nd Terrace,Montgomery,Alabama,36125
3724,Merrill Greenroyd,mgreenroydo5@mapquest.com,602-822-7797,8837 Muir Parkway,Phoenix,Arizona,85072
1537,Miguel McCobb,mmccobb9w@youtu.be,916-768-7192,2377 Lighthouse Bay Junction,Sacramento,California,94207
1833,Mikol Wootton,mwoottonhl@de.vu,805-698-6902,31731 Warrior Junction,Bakersfield,California,93311
3028,Miltie Menlove,mmenlovelb@sbwire.com,559-325-0924,6792 International Lane,Fresno,California,93786
1196,Milty Taree,mtareefc@google.com,707-525-2518,13288 Paget Drive,Petaluma,California,94975
1262,Minna Arrigo,marrigoly@hibu.com,916-148-0676,167 Transport Alley,Sacramento,California,95813
1229,Minnnie Wilbraham,mwilbrahame@cnn.com,510-387-5103,15 Montana Avenue,Oakland,California,94660
1661,Mirelle Abbatini,mabbatini71@state.gov,520-406-2310,275 Northport Hill,Tucson,Arizona,85754
3878,Morgan Paddell,mpaddell6k@jiathis.com,860-111-3856,904 Washington Road,Hartford,Connecticut,6145
1581,Munmro McConnell,mmcconnell2h@ning.com,520-791-7119,25 Maywood Point,Prescott,Arizona,86305
3725,Murdoch Panks,mpanksjd@live.com,203-293-9407,884 Hoard Crossing,New Haven,Connecticut,6520
1876,Murray Keys,mkeysp4@gizmodo.com,909-165-9386,33 Graedel Parkway,San Bernardino,California,92424
2344,Myca Kitchinghan,mkitchinghan5p@utexas.edu,602-327-8475,47 Mesta Pass,Phoenix,Arizona,85077
3766,Myrna Bermingham,mbermingham2d@php.net,530-557-9326,89789 Eastwood Place,Chico,California,95973
3042,Nadeen Favela,nfavela3k@state.tx.us,480-350-3333,6822 Meadow Valley Road,Scottsdale,Arizona,85255
1324,Nancey Kelley,nkelleyql@php.net,303-554-1838,18867 Hagan Pass,Denver,Colorado,80235
3420,Nathanial De Banke,ndemv@skyrock.com,303-745-4573,7966 Clemons Street,Denver,Colorado,80299
1930,Nathanial Hagland,nhaglandnj@toplist.cz,520-585-6060,349 Marcy Junction,Tucson,Arizona,85754
1682,Natividad de Pinna,ndegv@sakura.ne.jp,256-667-5155,285 Cherokee Place,Anniston,Alabama,36205
4043,Nerita Arrigo,narrigop8@delicious.com,520-942-0755,9684 2nd Terrace,Tucson,Arizona,85743
2046,Newton Iglesia,niglesia2s@stumbleupon.com,520-127-0154,39253 Killdeer Street,Prescott,Arizona,86305
4114,Nickolai Briton,nbritonax@miibeian.gov.cn,408-960-9140,993 Pepper Wood Pass,San Jose,California,95155
2220,Nicola Fulham,nfulham5t@fda.gov,415-407-2186,4309 Sloan Lane,San Francisco,California,94116
1180,Nicola Hullbrook,nhullbrooklj@accuweather.com,714-646-3179,129 Bartillon Court,Irvine,California,92717
3044,Nikolai Hukin,nhukin15@sourceforge.net,805-935-2589,6830 David Park,Ventura,California,93005
1340,Nissie McSperron,nmcsperronj7@miitbeian.gov.cn,213-669-3740,19448 Little Fleur Road,Los Angeles,California,90101
1869,Nissie Scherer,nschererh@newsvine.com,480-406-5377,32935 Dryden Parkway,Apache Junction,Arizona,85219
2183,Nissy Guion,nguionk1@artisteer.com,916-383-8509,42 Longview Plaza,Sacramento,California,94250
1470,Nolly Kippax,nkippax2j@auda.org.au,703-238-7693,217 Washington Way,Washington,District of Columbia,20016
3893,Norman Foale,nfoaleda@nasa.gov,303-727-2090,91 Pierstorff Junction,Englewood,Colorado,80150
2332,Nydia Gyse,ngysehg@pagesperso-orange.fr,510-251-1787,4651 Boyd Circle,Richmond,California,94807
1251,Odelia Halbard,ohalbardv@booking.com,205-438-8465,1613 Calypso Street,Birmingham,Alabama,35263
1109,Odelia Jamblin,ojamblinbx@ycombinator.com,205-527-7124,10 Hoepker Avenue,Birmingham,Alabama,35263
1113,Odo Rummer,orummer4e@vkontakte.ru,818-137-8584,101 Carioca Junction,Torrance,California,90510
2289,Olly Fedoronko,ofedoronkonk@salon.com,408-372-0118,45305 Cascade Avenue,Sunnyvale,California,94089
2014,Orazio Vivian,ovivianhs@umich.edu,323-925-9266,38 Vahlen Lane,Los Angeles,California,90040
3344,Oswell Cuthbert,ocuthbertp9@indiatimes.com,251-612-2332,767 Lunder Plaza,Mobile,Alabama,36610
3966,Padraic Osban,posbanmn@redcross.org,916-969-9057,93935 Monument Point,Sacramento,California,94286
3064,Panchito Kirrage,pkirrage5q@discovery.com,213-619-9768,69268 Towne Hill,Los Angeles,California,90055
3590,Patricia Sherrott,psherrottp2@e-recht24.de,302-391-3666,8329 Sundown Alley,Newark,Delaware,19714
1835,Pattin Wallman,pwallmanam@booking.com,203-658-1399,318 Anzinger Street,Stamford,Connecticut,6905
2691,Paula Olivi,polivio2@ft.com,916-157-5425,5707 Hayes Drive,Sacramento,California,94286
2023,Pearl Rollason,prollasoneg@washingtonpost.com,661-511-3688,38289 Everett Crossing,Lancaster,California,93584
2331,Pennie Sima,psima2w@whitehouse.gov,213-914-3690,46501 Monterey Parkway,Van Nuys,California,91411
3318,Petronia Tibbles,ptibbles6v@netvibes.com,302-906-9079,76 Canary Terrace,Wilmington,Delaware,19897
4042,Phaidra Ingerson,pingerson9f@webmd.com,520-216-8240,968 Green Ridge Road,Tucson,Arizona,85748
3002,Phillie Waylett,pwaylett1r@nymag.com,323-724-1832,66643 Green Ridge Place,Glendale,California,91205
3188,Phyllis Lafranconi,plafranconi4r@google.it,707-147-5590,705 Oak Valley Crossing,Petaluma,California,94975
1639,Pietro Teasell,pteasell6q@reddit.com,916-907-8120,2698 Brentwood Lane,Sacramento,California,94273
2274,Pooh Harlick,pharlick2n@techcrunch.com,626-442-9979,4493 Macpherson Place,Pasadena,California,91186
3376,Portia Kock,pkockkj@npr.org,831-731-5900,78 Fairfield Pass,Salinas,California,93907
3264,Prisca McTerlagh,pmcterlaghct@joomla.org,559-456-3212,738 Vernon Road,Fresno,California,93786
3421,Quillan Bethune,qbethuneeo@xrea.com,480-286-0284,797 Walton Crossing,Phoenix,Arizona,85005
3534,Quincy Gors,qgorsc3@wikipedia.org,302-330-6339,81035 Coolidge Way,Wilmington,Delaware,19897
1867,Raimundo Avard,ravardff@yelp.com,415-850-8906,3274 Fairfield Parkway,Oakland,California,94611
3576,Raina Ranyelld,rranyelld5n@msn.com,805-711-8128,83 Mayer Point,Oxnard,California,93034
2386,Randy Devo,rdevoqd@about.me,203-239-1492,486 Forster Street,Stamford,Connecticut,6922
3753,Rasia Purnell,rpurnelln9@irs.gov,951-117-2229,89 Wayridge Center,Riverside,California,92519
3553,Rayner Echalier,rechalier4o@hexun.com,213-264-3748,8213 Towne Point,Los Angeles,California,90189
1536,Rayshell Large,rlargefw@about.com,510-922-0764,23768 Ryan Hill,Berkeley,California,94712
3300,Rebeca Pear,rpearfs@nytimes.com,719-392-3844,75 Stone Corner Avenue,Pueblo,Colorado,81005
1909,Rebekah Haresnape,rharesnape60@mozilla.org,408-232-7375,3419 Golden Leaf Crossing,San Jose,California,95133
2391,Rinaldo Lafayette,rlafayette8x@prlog.org,661-288-0461,488 Dovetail Street,Burbank,California,91520
4109,Robbie Morriss,rmorrissek@cyberchimps.com,562-781-2202,99 Portage Trail,Long Beach,California,90810
3716,Robbie Tommei,rtommei67@narod.ru,303-525-8735,881 Homewood Parkway,Denver,Colorado,80249
1483,Robby Drinkale,rdrinkale8z@tripod.com,209-943-7338,2203 Fordem Center,Fresno,California,93721
1657,Robinet Attenbrow,rattenbrowb9@jigsy.com,303-367-3441,273 Grim Center,Aurora,Colorado,80044
2680,Robinia Balog,rbalogiw@arstechnica.com,205-133-6098,565 Fairfield Terrace,Birmingham,Alabama,35220
3548,Roderigo Anstie,ranstie17@wp.com,619-302-0240,82 Burning Wood Alley,San Diego,California,92137
3304,Roger Gilbee,rgilbeekq@cdbaby.com,251-339-6395,751 Crest Line Junction,Mobile,Alabama,36605
2335,Roi Marchand,rmarchandhj@google.ru,970-826-7483,46653 Lunder Circle,Greeley,Colorado,80638
3055,Rollins Devil,rdevil97@feedburner.com,408-604-5195,69 Union Parkway,San Jose,California,95155
3077,Romola O'Shiel,roshieldi@tiny.cc,203-194-8057,6964 Lindbergh Street,Bridgeport,Connecticut,6606
3900,Rona Kunisch,rkunischfi@dion.ne.jp,415-514-3255,911 Prentice Trail,San Francisco,California,94132
2019,Ronalda Wisniowski,rwisniowskig8@baidu.com,714-171-9474,381 Carpenter Place,Anaheim,California,92812
1464,Ronny Knolles-Green,rknollesgreeno0@patch.com,415-551-4579,21549 Starling Parkway,San Francisco,California,94126
1804,Rossie Ruddle,rruddle1s@hhs.gov,760-972-7148,305 American Lane,San Bernardino,California,92415
3890,Row Hebner,rhebner7v@hugedomains.com,714-296-4939,91 Ilene Pass,Irvine,California,92717
1304,Roxana Charville,rcharville3k@ovh.net,256-521-6301,181 Sundown Crossing,Anniston,Alabama,36205
1213,Rycca Sunshine,rsunshineln@cdc.gov,949-702-6599,14 Gerald Center,Orange,California,92867
1662,Ryun Tomkinson,rtomkinson47@nbcnews.com,303-797-6149,2750 Northland Parkway,Denver,Colorado,80217
2191,Sal Locock,slocockig@wp.com,203-469-6193,42110 Hansons Point,New Haven,Connecticut,6520
1703,Sallyann Revington,srevington5b@de.vu,205-266-7499,291 Farmco Plaza,Tuscaloosa,Alabama,35487
2190,Salomon Griswood,sgriswood9u@forbes.com,858-128-0664,421 North Avenue,San Diego,California,92132
3647,Sara-ann Westby,swestby1v@msu.edu,510-778-1066,85117 Scott Center,Berkeley,California,94712
1249,Sayres McAlindon,smcalindonb8@state.tx.us,209-389-2651,160 Raven Point,Stockton,California,95298
1232,Selia Albrighton,salbrightonbf@paginegialle.it,202-636-8025,15 Welch Plaza,Washington,District of Columbia,20520
3870,Sharyl Brando,sbrando88@cpanel.net,619-235-3930,9007 Myrtle Center,San Diego,California,92170
1322,Shaw Cawston,scawstoni0@imgur.com,626-739-5894,18809 Montana Circle,Pasadena,California,91117
3375,Shepherd Byas,sbyasnq@netvibes.com,213-844-8441,78 Dottie Street,Los Angeles,California,90087
2024,Sherill Heis,sheis9c@blogtalkradio.com,303-662-2285,383 Buell Park,Denver,Colorado,80279
2688,Sherwood Waddingham,swaddingham6c@businessweek.com,520-884-3493,57 Forster Street,Prescott,Arizona,86305
2133,Sibelle Vassie,svassie59@cam.ac.uk,408-645-0310,40 Alpine Way,San Jose,California,95118
3955,Sid Virgo,svirgol@noaa.gov,303-931-7922,9339 American Park,Aurora,Colorado,80044
3071,Sidonia Maffy,smaffyjj@nbcnews.com,805-401-3418,69473 Swallow Pass,San Luis Obispo,California,93407
2684,Siffre Hellcat,shellcatj9@economist.com,559-122-7163,5667 Troy Way,Fresno,California,93704
2897,Silvano Instrell,sinstrell7v@newyorker.com,203-189-8203,6239 Russell Crossing,Norwalk,Connecticut,6859
2878,Skelly Bubb,sbubbhd@springer.com,415-696-7569,61985 Fordem Park,San Francisco,California,94147
2560,Skipper Bolger,sbolgerfn@epa.gov,916-234-8482,51919 Brown Plaza,Sacramento,California,94230
2161,Sollie Ixer,sixer2o@wikipedia.org,251-940-4696,40971 Farmco Way,Mobile,Alabama,36622
1301,Spence Yakobovitz,syakobovitz2r@newsvine.com,602-669-5612,1804 American Lane,Phoenix,Arizona,85025
1298,Stacee Stollenhof,sstollenhofco@shinystat.com,719-878-0378,18018 Waxwing Trail,Colorado Springs,Colorado,80995
1521,Staci Zollner,szollner5m@skype.com,619-789-1594,23281 Southridge Alley,San Diego,California,92105
3682,Stanton Hasnip,shasnip86@qq.com,520-496-6400,8672 Bayside Road,Tucson,Arizona,85705
1519,Stephenie O' Liddy,sobu@squarespace.com,602-885-2988,232 Walton Lane,Phoenix,Arizona,85040
1606,Stephine Broadstock,sbroadstocklo@hao123.com,310-279-2389,26 Eagle Crest Terrace,Santa Monica,California,90410
2041,Stormy Ibbs,sibbsid@furl.net,626-216-7870,3904 Elmside Junction,Pasadena,California,91103
2732,Stuart Ruberti,sruberti9l@dion.ne.jp,602-945-2112,5864 Nelson Hill,Phoenix,Arizona,85020
3525,Sybyl Bulled,sbulled7p@hibu.com,626-169-5184,8089 Moland Lane,Pasadena,California,91103
3754,Tamarah Baynton,tbayntonjh@blogtalkradio.com,907-162-7982,892 Cordelia Park,Juneau,Alaska,99812
3175,Tan Traves,ttraves98@google.it,209-818-2743,7003 Scofield Avenue,Fresno,California,93721
2268,Tanney Hawkswood,thawkswoodbp@prweb.com,916-817-3301,44465 Sunnyside Parkway,Sacramento,California,94273
1295,Terrence Lewisham,tlewisham51@intel.com,202-197-4367,18 Red Cloud Plaza,Washington,District of Columbia,20599
1456,Thalia Cuniam,tcuniampb@smugmug.com,661-189-5642,21272 Autumn Leaf Center,Bakersfield,California,93399
2272,Theadora Pavlov,tpavlovnh@nps.gov,626-924-1282,44815 Meadow Ridge Plaza,Pasadena,California,91103
1630,Thia Lorriman,tlorrimanqq@biglobe.ne.jp,408-693-6289,26500 School Center,San Jose,California,95108
1151,Thibaud Elloy,telloy3x@bigcartel.com,907-153-5339,113 Comanche Road,Anchorage,Alaska,99599
1718,Thorvald Rippen,trippenig@wunderground.com,951-203-5071,298 Banding Point,Moreno Valley,California,92555
1265,Tiena McGarry,tmcgarry75@narod.ru,202-356-4219,168 Nobel Crossing,Washington,District of Columbia,20220
1164,Timmy Toulch,ttoulchi5@ehow.com,602-174-5282,1237 Leroy Avenue,Phoenix,Arizona,85030
2689,Timotheus Walne,twalne97@google.co.jp,303-160-6083,57 Randy Way,Boulder,Colorado,80310
1203,Tina Argontt,targonttna@indiegogo.com,202-759-9721,13628 Ohio Drive,Washington,District of Columbia,20238
1918,Tisha Underhill,tunderhillcb@hp.com,202-760-2095,3444 Fremont Lane,Washington,District of Columbia,20337
1604,Tomasina Belbin,tbelbin3b@is.gd,510-822-1036,26 Amoth Road,Berkeley,California,94712
4094,Tome Ettles,tettlescg@wikimedia.org,626-180-6416,98516 Del Sol Terrace,Pasadena,California,91186
1177,Torrin West,twest8o@friendfeed.com,251-259-1682,127 Oak Park,Mobile,Alabama,36605
4080,Tracie Pegden,tpegden7c@google.de,303-792-5477,98 Towne Lane,Denver,Colorado,80241
1923,Tracy Lynock,tlynock21@wunderground.com,916-277-7331,34657 Hintze Parkway,Chico,California,95973
4015,Tracy Marians,tmariansc4@dmoz.org,626-469-5165,96 Carey Drive,Corona,California,92883
2961,Trevar Pfleger,tpflegere7@ca.gov,559-860-0322,65 Burning Wood Court,Visalia,California,93291
3530,Tris Schouthede,tschouthedepc@1und1.de,916-713-7135,80993 Grover Road,Sacramento,California,94263
4057,Trixie Janisson,tjanissondo@oakley.com,205-726-0380,97072 Fairfield Way,Tuscaloosa,Alabama,35405
2657,Umberto Lamboll,ulamboll9z@sciencedirect.com,559-628-8903,552 Rockefeller Park,Fresno,California,93740
1111,Umeko Dongate,udongategw@soundcloud.com,916-184-6313,10 Tony Lane,Sacramento,California,94297
1805,Una Crosier,ucrosier1e@go.com,213-391-3212,30504 Doe Crossing Drive,Los Angeles,California,90189
2847,Ursola Brigshaw,ubrigshawkp@mac.com,480-399-4651,604 Golf Place,Phoenix,Arizona,85005
1717,Vale Chatel,vchatel8q@pen.io,203-645-7568,2977 Lerdahl Junction,Bridgeport,Connecticut,6606
1495,Velma Haws,vhawsii@engadget.com,916-354-0281,22479 Union Drive,Sacramento,California,94286
2550,Vinita Sitch,vsitchkp@phoca.cz,559-106-0679,5157 Meadow Valley Court,Fresno,California,93750
2203,Vivi Oels,voels7q@virginia.edu,520-703-4730,426 Union Street,Tucson,Arizona,85732
1902,Vivie Seeking,vseeking2g@virginia.edu,719-973-3807,34 Leroy Parkway,Colorado Springs,Colorado,80940
3680,Vivienne Krolle,vkrolleg4@fc2.com,415-743-3689,866 Carey Trail,San Francisco,California,94159
3023,Wallas Ulster,wulster1m@aboutads.info,203-857-1710,672 Village Circle,Bridgeport,Connecticut,6606
3072,Welch Boncore,wboncorenr@so-net.ne.jp,302-891-9870,695 Roth Place,Wilmington,Delaware,19892
1490,Wendy Coit,wcoitrg@123-reg.co.uk,203-667-6831,2232 Hagan Hill,Waterbury,Connecticut,6705
3510,Willi Ortiger,wortigerp5@noaa.gov,860-411-5922,80 Bartillon Place,Hartford,Connecticut,6145
4061,Willyt MacNeill,wmacneillqg@forbes.com,719-986-8222,973 Katie Trail,Denver,Colorado,80209
3196,Win Ovanesian,wovanesian7k@wikipedia.org,520-146-1040,7098 Hoffman Terrace,Tucson,Arizona,85710
1513,Winona Crewe,wcreweem@ycombinator.com,907-327-2711,23 Sunfield Street,Anchorage,Alaska,99522
1129,Yorgos Dunton,ydunton8s@joomla.org,860-842-5052,10663 Huxley Hill,Hartford,Connecticut,6145
1556,Zared Lewsy,zlewsy9x@webeden.co.uk,334-272-2661,2404 Iowa Place,Montgomery,Alabama,36177
