﻿DetPlantID,Plant Name,Scientific Name,Plant Type
FLADIAPER141,Flax Lily,Dianella spp.,Perennial
CROCODSHR108,Croton,Codiaeum variegatum,Large Shrub
SCOHELPER320,Scorpion Tail,Heliotropium angiospermum,Perennial
AMAHIPPER7,Amaryllis,Hippeastrum spp.,Perennial
CRALAGTRE103,Crapemyrtle,Lagerstroemia indica,Medium Tree
SHEALPPER324,Shell Ginger,Alpinia spp.,Perennial
ANGANGPER13,Angelonia,Angelonia angustifolia,Perennial
DAHILETRE110,Dahoon Holly,Ilex cassine and cvs.,Medium Tree
SHRJUSPER327,Shrimp Plant,Justicia brandegeana,Perennial
DATPHOPAL111,Date Palms,Phoenix spp.,Palm or Palm-Like
AZTSPRPER23,Aztec Lily,Sprekelia formosissima,Perennial
AUSSPHFER17,Australian Tree Fern,Sphaeropteris cooperi,Fern
GAZGAZPER155,Gazania,Gazania spp.,Perennial
BEAHELPER30,Beach Sunflower,Helianthus debilis,Perennial
DESSENTRE113,Desert Cassia,Senna polyphylla,Small Tree
SOCTULPER335,Society Garlic,Tulbaghia violacea,Perennial
BUCSIDTRE56,Buckthorn,Sideroxylon spp.,Small Tree
BULBULPER58,Bulbine,Bulbine frutescens,Perennial
DEVARATRE114,Devil’s Walkingstick,Aralia spinosa,Small Tree
BLABELPER37,Blackberry Lily,Belamcanda chinensis,Perennial
VIRIRIPER388,Virginia Iris,Iris virginica,Perennial
GLOGLOPER159,Gloriosa Lily,Gloriosa spp.,Perennial
VOOAMOPER390,Voodoo Lily,Amorphophallus spp.,Perennial
DOWJASSHR115,Downy Jasmine,Jasminum multiflorum,Large Shrub
BLARUDANN38,Black-Eyed Susan,Rudbeckia hirta,Annuals
GOLPACPER164,Golden Shrimp Plant,Pachystachys lutea,Perennial
BLAGAIPER40,Blanket Flower,Gaillardia pulchella,Perennial
WALNEOPER391,Walking Iris,Neomarica gracilis,Perennial
DWASABSHR118,Dwarf Palmetto,Sabal minor,Large Shrub
GOLSOLPER165,Goldenrod,Solidago spp.,Perennial
WAXBEGPER394,Wax Begonia,Begonia Xsemperflorens-cultorum,Perennial
BLALIAPER41,Blazing Star,Liatris spp.,Perennial
FETLYOSHR130,Fetterbush,Lyonia lucida,Small Shrub
FIDCITTRE131,Fiddlewood,Citharexylum spinosum,Small Tree
WHIGAUPER400,White Gaura,Gaura lindheimeri,Perennial
BLOHAEPER42,Blood Lily,Haemanthus multiflorus,Perennial
FIRHAMSHR132,Firebush,Hamelia patens,Large Shrub
WILLANPER407,Wild Sage,Lantana involucrata,Perennial
BLUPHLPER44,Blue Phlox,Phlox divaricata,Perennial
FIRRUSSHR134,Firecracker Plant,Russelia equisetiformis,Small Shrub
BLUSISPER45,Blue-Eyed Grass,Sisyrinchium angustifolium,Perennial
WISTORANN413,Wishbone Flower,Torenia fournieri,Annuals
HELHELPER170,Heliconia,Heliconia spp.,Perennial
BROBROPER54,Bromeliads,Bromeliaceae genera,Perennial
YELFLAPER420,Yellowtop,Flaveria linearis,Perennial
FIRRUSSHR135,Firecracker Plant,Russelia sarmentosa,Small Shrub
FIRPYRSHR137,Firethorn,Pyracantha coccinea,Small Shrub
ZINZINANN424,Zinnia,Zinnia hybrids,Annuals
FISCARPAL138,Fishtail Palm,Caryota mitis,Palm or Palm-Like
BUSEURPER61,Bush Daisy,Euryops spp.,Perennial
ALEPTYPAL3,Alexander Palm,Ptychosperma elegans,Palm or Palm-Like
AUTDRYGRO18,Autumn Fern,Dryopteris spp.,Groundcover
MUHMUHGRA230,Muhly Grass,Muhlenbergia capillaris,Grass
ALOALOSHR5,Aloe,Aloe spp.,Small Shrub
BUTHEDPER63,Butterfly Lily,Hedychium spp.,Perennial
FLAPRUTRE140,Flatwoods Plum,Prunus umbellata,Small Tree
BLUANDGRA46,Bluestem Grass,Andropogon spp.,Grass
CALCALPER67,Caladium,Caladium Xhortulanum,Perennial
FLORHOSHR142,Florida Flame Azalea,Rhododendron austrinum,Large Shrub
AMEULMTRE8,American Elm,Ulmus americana,Large Tree
CANCANPER69,Canna Lily,Canna spp.,Perennial
FLOFORTRE144,Florida Privet,Forestiera segregata,Small Tree
AMEILETRE9,American Holly,Ilex opaca,Medium Tree
CURCURPER109,Curcuma,Curcuma spp.,Perennial
AMEOSTTRE10,American Hophornbeam,Ostrya virginiana,Medium Tree
FLOTHRPAL145,Florida Thatch Palm,Thrinax radiata,Palm or Palm-Like
AMECARTRE11,American Hornbeam,Carpinus caroliniana,Medium Tree
FLOCHOTRE146,Floss-Silk Tree,Chorisia speciosa,Large Tree
DAYHEMPER112,Daylily,Hemerocallis spp.,Perennial
DWAACAPER117,Dwarf Chenille Plant,Acalypha reptans,Perennial
ANGBRUSHR14,Angel’s Trumpet,Brugmansia Xcandida,Large Shrub
FLOCORTRE147,Flowering Dogwood,Cornus florida,Small Tree
HURLYCPER177,Hurricane Lily,Lycoris spp.,Perennial
FALCONPER129,False Rosemary,Conradina spp.,Perennial
ARICUPTRE15,Arizona Cypress,Cupressus arizonica var.,Medium Tree
JABMYRTRE183,Jaboticaba,Myrciaria cauliflora,Small Tree
FIRCROPER133,Firecracker Flower,Crossandra spp.,Perennial
JACJACTRE184,Jacaranda,Jacaranda mimosifolia,Medium Tree
AVOPERTRE19,Avocado,Persea americana,Large Tree
RUDRUDPER306,Rudbeckia,Rudbeckia fulgida,Perennial
JAMCAPTRE186,Jamaica Caper Tree,Capparis cynophallophora,Small Tree
FIRODOPER136,Firespike,Odontonema strictum,Perennial
SALSALPER311,Salvia,Salvia spp.,Perennial
AWAVIBTRE20,Awabuki Viburnum,Viburnum odoratissimum,Small Tree
IMPIMPPER179,Impatiens,Impatiens spp.,Perennial
MEXCUPPER222,Mexican Heather,Cuphea hyssopifolia,Perennial
FLAJUSANN139,Flamingo Plant,Justicia carnea,Annuals
JAMPISTRE187,Jamaican Dogwood,Piscidia piscipula,Large Tree
AZARHOSHR22,Azalea,Rhododendron cvs.,Large Shrub
BAMBAMSHR25,Bamboo,Bambusa spp.,Large Shrub
JAPFATSHR188,Japanese Aralia,Fatsia japonica,Large Shrub
BUSALLSHR59,Bush Allamanda,Allamanda neriifolia,Large Shrub
JAPBERSHR190,Japanese Barberry,Berberis thunbergii,Large Shrub
BAMCERPAL26,Bamboo Cycad,Ceratozamia hildae,Palm or Palm-Like
JAPELATRE191,Japanese Blueberry,Elaeocarpus decipiens,Medium Tree
BANMUSTRE27,Banana,Musa spp.,Small Tree
JAPCEPTRE192,Japanese Plum Yew,Cephalotaxus harringtonia,Small Tree
BANMAGTRE28,Banana Shrub,Magnolia figo,Small Tree
KENHOWPAL194,Kentia Palm,Howea forsterana,Palm or Palm-Like
BAYSURSHR29,Bay Cedar,Suriana maritima,Large Shrub
BRAPTEFER52,Bracken Fern,Pteridium aquilinum,Fern
BEACALSHR31,Beautyberry,Callicarpa americana,Large Shrub
KINTHUSHR195,King’s Mantle,Thunbergia erecta,Large Shrub
LADBRUSHR196,Lady of the Night,Brunfelsia americana,Small Shrub
BIRSTRSHR33,Bird of Paradise,Strelitzia reginae,Small Shrub
BISBISPAL34,Bismarck Palm,Bismarckia nobilis,Palm or Palm-Like
LADRHAPAL197,Lady Palm,Rhapis excelsa,Palm or Palm-Like
CINOSMFER90,Cinnamon Fern,Osmunda cinnamomea,Fern
MEXTITANN224,Mexican Sunflower,Tithonia rotundiflora,Annuals
BLAAVITRE35,Black Mangrove,Avicennia germinans,Medium Tree
LAUCOCSHR198,Laurelleaf Snailseed,Cocculus laurifolius,Large Shrub
MAHDIDFER216,Mahogany Fern,Didymochlaena truncatula,Fern
CORSPAGRA101,Cordgrass,Spartina spp.,Grasses
CEDULMTRE77,Cedar Elm,Ulmus crassifolia,Large Tree
BLABUCTRE36,Black Olive,Bucida buceras,Large Tree
BLUQUETRE47,Bluff Oak,Quercus austrina,Large Tree
BOTCALTRE48,Bottlebrush,Callistemon spp.,Small Tree
BOXSEVSHR51,Boxthorn,Severinia buxifolia,Large Shrub
BRITHRPAL53,Brittle Thatch Palm,Thrinax morrisii,Palm or Palm-Like
BUCPSEPAL55,Buccaneer Palm,Pseudophoenix sargentii,Palm or Palm-Like
ELLERAGRA122,Elliott’s Lovegrass,Eragrostis elliottii,Grass
EVEPASGRA126,Evergreen Paspalum,Paspalum quadrifarium,Grass
BUSGAMSHR60,Bush Daisy,Gamolepis spp.,Small Shrub
FAKTRIGRA128,Fakahatchee Grass,Tripsacum dactyloides,Grass
BUTBUDSHR62,Butterfly Bush,Buddleia lindleyana,Large Shrub
FLOTRIGRA143,Florida Gama Grass,Tripsacum floridana,Grass
CARCALSHR71,Carolina Allspice,Calycanthus floridus,Large Shrub
GIANEPGRO158,Giant Sword Fern,Nephrolepis biserrata,Groundcover
CENAGASHR80,Century Plant,Agave spp.,Large Shrub
CHAVITSHR81,Chaste Tree,Vitex agnus-castus,Large Shrub
CHEACASHR82,Chenille Plant,Acalypha hispida,Small Shrub
HOLCYRGRO174,Holly Fern,Cyrtomium falcatum,Groundcover
CARRHASHR72,Carolina Buckthorn,Rhamnus caroliniana,Large Shrub
LEAACRSHR199,Leather Fern,Acrostichum danaeifolium,Large Shrub
CARHALTRE74,Carolina Silverbell,Halesia carolina,Large Tree
CARCARTRE75,Carpentaria Palm,Carpentaria acuminata,Medium Tree
LEARUMGRO200,Leatherleaf Fern,Rumohra adiantiformis,Groundcover
CHIPRUTRE83,Chickasaw Plum,Prunus angustifolia,Small Tree
LEMCYMGRA201,Lemongrass,Cymbopogon citratus,Grass
CHIULMTRE84,Chinese Elm,Ulmus parvifolia and cvs.,Large Tree
LITSCHGRA206,Little Blue Stem Grass,Schizachyrium scoparium,Grass
CHILIVPAL85,Chinese Fan Palm,Livistona spp.,Palm or Palm-Like
PANPANGRA245,Panic Grass,Panicum virgatum and cvs.,Grass
PURERAGRA285,Purple Lovegrass,Eragrostis spectabilis,Grass
RIVCHAGRA299,River Oats,Chasmanthium latifolium,Grass
CHICHITRE86,Chinese Fringetree,Chionanthus retusus,Small Tree
ROYOSMFER303,Royal Fern,Osmunda regalis,Fern
SALDISGRA310,Salt Grass,Distichlis spicata,Grass
CHIILETRE87,Chinese Holly,Ilex cornuta and cvs.,Small Tree
SOUADIFER337,Southern Maidenhair Fern,Adiantum capillus-veneris,Fern
CHIJUNSHR88,Chinese Juniper,Juniperus chinensis and cvs.,Large Shrub
CHRSENSHR89,Christmas Senna,Senna bicapsularis,Large Shrub
SOUTHEGRO340,Southern Shield Fern,Thelypteris kunthii,Groundcover
SWABLEFER358,Swamp Fern,Blechnum serrulatum,Fern
CLETERSHR91,Cleyera,Ternstroemia gymnanthera,Large Shrub
COCCHRSHR94,Cocoplum,Chrysobalanus icaco,Large Shrub
SWONEPGRO367,Sword Fern,Nephrolepis exaltata,Groundcover
TASDICFER371,Tasmanian Tree Fern,Dicksonia antarctica,Fern
COMHAMSHR96,Common Witchhazel,Hamamelis virginiana,Large Shrub
COPACASHR99,Copper Leaf,Acalypha wilkesiana,Large Shrub
TIGTHYGRA377,Tiger Grass,Thysanolaena maxima,Grass
WIRARIGRA412,Wiregrass,Aristida stricta var. beyrichiana,Grass
CORERYSHR100,Coral Bean,Erythrina herbacea,Large Shrub
ZEBMISGRA423,Zebra Grass,Miscanthus sinensis,Grass
CRATABSHR102,Crape Jasmine,Tabernaemontana divaricata,Large Shrub
AFRDIEPER1,African Iris,Dietes iridoides,Perennial
AGEAGEANN2,Ageratum,Ageratum spp.,Annuals
