﻿Scientific Name,Plant Type,Vendor
Dietes iridoides,Perennial,Hansel and Petal
Ageratum spp.,Annuals,Hansel and Petal
Aloe spp.,Perennial,Hansel and Petal
Hippeastrum spp.,Perennial,Hansel and Petal
Angelonia angustifolia,Perennial,Hansel and Petal
Sphaeropteris cooperi,Perennial,Hansel and Petal
Dryopteris spp.,Perennial,Hansel and Petal
Sprekelia formosissima,Perennial,Hansel and Petal
Musa spp.,Perennial,Hansel and Petal
Helianthus debilis,Perennial,Hansel and Petal
Belamcanda chinensis,Perennial,Hansel and Petal
Rudbeckia hirta,Annuals,Hansel and Petal
Gaillardia pulchella,Perennial,Hansel and Petal
Liatris spp.,Perennial,Hansel and Petal
Haemanthus multiflorus,Perennial,Hansel and Petal
Evolvulus glomeratus,Perennial,Hansel and Petal
Phlox divaricata,Perennial,Hansel and Petal
Sisyrinchium angustifolium,Perennial,Hansel and Petal
Pteridium aquilinum,Perennial,Hansel and Petal
Bromeliaceae genera,Perennial,Hansel and Petal
Bulbine frutescens,Perennial,Hansel and Petal
Euryops spp.,Perennial,Hansel and Petal
Hedychium spp.,Perennial,Hansel and Petal
Caladium Xhortulanum,Perennial,Hansel and Petal
Canna spp.,Perennial,Hansel and Petal
Aspidistra elatior,Perennial,Hansel and Petal
Curcuma spp.,Perennial,Hansel and Petal
Hemerocallis spp.,Perennial,Hansel and Petal
Acalypha reptans,Perennial,Hansel and Petal
Conradina spp.,Perennial,Hansel and Petal
Crossandra spp.,Perennial,Hansel and Petal
Odontonema strictum,Perennial,Hansel and Petal
Justicia carnea,Annuals,Hansel and Petal
Dianella spp.,Perennial,Hansel and Petal
Gazania spp.,Perennial,Hansel and Petal
Gloriosa spp.,Perennial,Hansel and Petal
Pachystachys lutea,Perennial,Hansel and Petal
Solidago spp.,Perennial,Hansel and Petal
Heliconia spp.,Perennial,Hansel and Petal
Lycoris spp.,Perennial,Hansel and Petal
Impatiens spp.,Perennial,Hansel and Petal
Cuphea hyssopifolia,Perennial,Hansel and Petal
Tithonia rotundiflora,Annuals,Hansel and Petal
Osmunda regalis,Perennial,Hansel and Petal
Rudbeckia fulgida,Perennial,Hansel and Petal
Salvia spp.,Perennial,Hansel and Petal
Heliotropium angiospermum,Perennial,Hansel and Petal
Alpinia spp.,Perennial,Hansel and Petal
Justicia brandegeana,Perennial,Hansel and Petal
Tulbaghia violacea,Perennial,Hansel and Petal
Dicksonia antarctica,Perennial,Hansel and Petal
Dyschoriste oblongifolia,Perennial,Hansel and Petal
Iris virginica,Perennial,Hansel and Petal
Amorphophallus spp.,Perennial,Hansel and Petal
Neomarica gracilis,Perennial,Hansel and Petal
Begonia Xsemperflorens-cultorum,Perennial,Hansel and Petal
Gaura lindheimeri,Perennial,Hansel and Petal
Lantana involucrata,Perennial,Hansel and Petal
Torenia fournieri,Annuals,Hansel and Petal
Flaveria linearis,Perennial,Hansel and Petal
Zinnia hybrids,Annuals,Hansel and Petal
