﻿Plant Name,Plant Type,Vendor
Alexander Palm,Palm or Palm-Like,Holly Berry Tree Emporium
Aloe,Small Shrub,Holly Berry Tree Emporium
American Elm,Large Tree,Holly Berry Tree Emporium
American Holly,Medium Tree,Holly Berry Tree Emporium
American Hophornbeam,Medium Tree,Holly Berry Tree Emporium
American Hornbeam,Medium Tree,Holly Berry Tree Emporium
Angel’s Trumpet,Large Shrub,Holly Berry Tree Emporium
Arizona Cypress,Medium Tree,Holly Berry Tree Emporium
Avocado,Large Tree,Holly Berry Tree Emporium
Awabuki Viburnum,Small Tree,Holly Berry Tree Emporium
Azalea,Large Shrub,Holly Berry Tree Emporium
Bamboo,Large Shrub,Holly Berry Tree Emporium
Bamboo Cycad,Palm or Palm-Like,Holly Berry Tree Emporium
Banana,Small Tree,Holly Berry Tree Emporium
Banana Shrub,Small Tree,Holly Berry Tree Emporium
Bay Cedar,Large Shrub,Holly Berry Tree Emporium
Beautyberry,Large Shrub,Holly Berry Tree Emporium
Bird of Paradise,Small Shrub,Holly Berry Tree Emporium
Bismarck Palm,Palm or Palm-Like,Holly Berry Tree Emporium
Black Mangrove,Medium Tree,Holly Berry Tree Emporium
Black Olive,Large Tree,Holly Berry Tree Emporium
Bluff Oak,Large Tree,Holly Berry Tree Emporium
Bottlebrush,Small Tree,Holly Berry Tree Emporium
Boxthorn,Large Shrub,Holly Berry Tree Emporium
Brittle Thatch Palm,Palm or Palm-Like,Holly Berry Tree Emporium
Buccaneer Palm,Palm or Palm-Like,Holly Berry Tree Emporium
Buckthorn,Small Tree,Holly Berry Tree Emporium
Bush Allamanda,Large Shrub,Holly Berry Tree Emporium
Bush Daisy,Small Shrub,Holly Berry Tree Emporium
Butterfly Bush,Large Shrub,Holly Berry Tree Emporium
Camellia,Large Shrub,Holly Berry Tree Emporium
Cardboard Plant,Palm or Palm-Like,Holly Berry Tree Emporium
Carolina Allspice,Large Shrub,Holly Berry Tree Emporium
Carolina Buckthorn,Large Shrub,Holly Berry Tree Emporium
Carolina Silverbell,Large Tree,Holly Berry Tree Emporium
Carpentaria Palm,Medium Tree,Holly Berry Tree Emporium
Cedar Elm,Large Tree,Holly Berry Tree Emporium
Century Plant,Large Shrub,Holly Berry Tree Emporium
Chaste Tree,Large Shrub,Holly Berry Tree Emporium
Chenille Plant,Small Shrub,Holly Berry Tree Emporium
Chickasaw Plum,Small Tree,Holly Berry Tree Emporium
Chinese Elm,Large Tree,Holly Berry Tree Emporium
Chinese Fan Palm,Palm or Palm-Like,Holly Berry Tree Emporium
Chinese Fringetree,Small Tree,Holly Berry Tree Emporium
Chinese Holly,Small Tree,Holly Berry Tree Emporium
Chinese Juniper,Large Shrub,Holly Berry Tree Emporium
Christmas Senna,Large Shrub,Holly Berry Tree Emporium
Cleyera,Large Shrub,Holly Berry Tree Emporium
Cocoplum,Large Shrub,Holly Berry Tree Emporium
Common Witchhazel,Large Shrub,Holly Berry Tree Emporium
Coontie,Palm or Palm-Like,Holly Berry Tree Emporium
Copper Leaf,Large Shrub,Holly Berry Tree Emporium
Coral Bean,Large Shrub,Holly Berry Tree Emporium
Crape Jasmine,Large Shrub,Holly Berry Tree Emporium
Crapemyrtle,Medium Tree,Holly Berry Tree Emporium
Croton,Large Shrub,Holly Berry Tree Emporium
Dahoon Holly,Medium Tree,Holly Berry Tree Emporium
Date Palms,Palm or Palm-Like,Holly Berry Tree Emporium
Desert Cassia,Small Tree,Holly Berry Tree Emporium
Devil’s Walkingstick,Small Tree,Holly Berry Tree Emporium
Downy Jasmine,Large Shrub,Holly Berry Tree Emporium
Dwarf Palmetto,Large Shrub,Holly Berry Tree Emporium
European Fan Palm,Palm or Palm-Like,Holly Berry Tree Emporium
Fetterbush,Small Shrub,Holly Berry Tree Emporium
Fiddlewood,Small Tree,Holly Berry Tree Emporium
Firebush,Large Shrub,Holly Berry Tree Emporium
Firecracker Plant,Small Shrub,Holly Berry Tree Emporium
Firethorn,Small Shrub,Holly Berry Tree Emporium
Fishtail Palm,Palm or Palm-Like,Holly Berry Tree Emporium
Flatwoods Plum,Small Tree,Holly Berry Tree Emporium
Florida Flame Azalea,Large Shrub,Holly Berry Tree Emporium
Florida Privet,Small Tree,Holly Berry Tree Emporium
Florida Thatch Palm,Palm or Palm-Like,Holly Berry Tree Emporium
Floss-Silk Tree,Large Tree,Holly Berry Tree Emporium
Flowering Dogwood,Small Tree,Holly Berry Tree Emporium
Jaboticaba,Small Tree,Holly Berry Tree Emporium
Jacaranda,Medium Tree,Holly Berry Tree Emporium
Jamaica Caper Tree,Small Tree,Holly Berry Tree Emporium
Jamaican Dogwood,Large Tree,Holly Berry Tree Emporium
Japanese Aralia,Large Shrub,Holly Berry Tree Emporium
Japanese Barberry,Large Shrub,Holly Berry Tree Emporium
Japanese Blueberry,Medium Tree,Holly Berry Tree Emporium
Japanese Plum Yew,Small Tree,Holly Berry Tree Emporium
Kentia Palm,Palm or Palm-Like,Holly Berry Tree Emporium
King’s Mantle,Large Shrub,Holly Berry Tree Emporium
Lady of the Night,Small Shrub,Holly Berry Tree Emporium
Lady Palm,Palm or Palm-Like,Holly Berry Tree Emporium
Laurelleaf Snailseed,Large Shrub,Holly Berry Tree Emporium
Leather Fern,Large Shrub,Holly Berry Tree Emporium
Ligustrum,Small Tree,Holly Berry Tree Emporium
Live Oak,Large Tree,Holly Berry Tree Emporium
Loblolly Bay,Large Tree,Holly Berry Tree Emporium
Loblolly Pine,Large Tree,Holly Berry Tree Emporium
Longleaf Pine,Large Tree,Holly Berry Tree Emporium
Loquat,Small Tree,Holly Berry Tree Emporium
Loropetalum,Large Shrub,Holly Berry Tree Emporium
Lychee,Large Tree,Holly Berry Tree Emporium
Macarthur Palm,Palm or Palm-Like,Holly Berry Tree Emporium
Majesty Palm,Palm or Palm-Like,Holly Berry Tree Emporium
Rusty Lyonia,Large Shrub,Holly Berry Tree Emporium
Sand Live Oak,Small Tree,Holly Berry Tree Emporium
Sand Pine,Large Tree,Holly Berry Tree Emporium
Sandankwa Viburnum,Large Shrub,Holly Berry Tree Emporium
Sasanqua,Small Tree,Holly Berry Tree Emporium
Satinleaf,Medium Tree,Holly Berry Tree Emporium
Saucer Magnolia,Small Tree,Holly Berry Tree Emporium
Saw Palmetto,Palm or Palm-Like,Holly Berry Tree Emporium
Sawtooth Oak,Large Tree,Holly Berry Tree Emporium
Scrub Palmetto,Small Shrub,Holly Berry Tree Emporium
Seagrape,Small Tree,Holly Berry Tree Emporium
Selloum,Large Shrub,Holly Berry Tree Emporium
Shortleaf Fig,Medium Tree,Holly Berry Tree Emporium
Shumard Oak,Large Tree,Holly Berry Tree Emporium
Silver Palm,Palm or Palm-Like,Holly Berry Tree Emporium
Silver Trumpet Tree,Small Tree,Holly Berry Tree Emporium
Simpson’s Stopper,Small Tree,Holly Berry Tree Emporium
Slender Lady Palm,Palm or Palm-Like,Holly Berry Tree Emporium
Snowbush,Small Shrub,Holly Berry Tree Emporium
Southern Magnolia,Large Tree,Holly Berry Tree Emporium
Southern Red Cedar,Medium Tree,Holly Berry Tree Emporium
Southern Red Oak,Large Tree,Holly Berry Tree Emporium
Southern Slash Pine,Large Tree,Holly Berry Tree Emporium
Southern Sugar Maple,Large Tree,Holly Berry Tree Emporium
Tea Olive,Large Shrub,Holly Berry Tree Emporium
Texas Sage,Small Shrub,Holly Berry Tree Emporium
Thryallis,Large Shrub,Holly Berry Tree Emporium
Ti Plant,Large Shrub,Holly Berry Tree Emporium
Titi,Small Tree,Holly Berry Tree Emporium
Tulip Poplar,Large Tree,Holly Berry Tree Emporium
Tupelo,Large Tree,Holly Berry Tree Emporium
Turk’s Cap,Large Shrub,Holly Berry Tree Emporium
Two-Wing Silverbell,Large Shrub,Holly Berry Tree Emporium
Virginia Willow,Large Shrub,Holly Berry Tree Emporium
Walter’s Viburnum,Small Tree,Holly Berry Tree Emporium
Washington Palm,Palm or Palm-Like,Holly Berry Tree Emporium
Wax Myrtle,Small Tree,Holly Berry Tree Emporium
Weeping Fern Pine,Medium Tree,Holly Berry Tree Emporium
Weeping Lantana,Small Shrub,Holly Berry Tree Emporium
