﻿Plant Name,Vendor
Australian Tree Fern,Plant Fernishings
Autumn Fern,Plant Fernishings
Bluestem Grass,Plant Fernishings
Bracken Fern,Plant Fernishings
Cinnamon Fern,Plant Fernishings
Cordgrass,Plant Fernishings
Elliott’s Lovegrass,Plant Fernishings
Evergreen Paspalum,Plant Fernishings
Fakahatchee Grass,Plant Fernishings
Florida Gama Grass,Plant Fernishings
Giant Sword Fern,Plant Fernishings
Holly Fern,Plant Fernishings
Leather Fern,Plant Fernishings
Leatherleaf Fern,Plant Fernishings
Lemongrass,Plant Fernishings
Little Blue Stem Grass,Plant Fernishings
Mahogany Fern,Plant Fernishings
Muhly Grass,Plant Fernishings
Panic Grass,Plant Fernishings
Purple Lovegrass,Plant Fernishings
River Oats,Plant Fernishings
Royal Fern,Plant Fernishings
Salt Grass,Plant Fernishings
Southern Maidenhair Fern,Plant Fernishings
Southern Shield Fern,Plant Fernishings
Swamp Fern,Plant Fernishings
Sword Fern,Plant Fernishings
Tasmanian Tree Fern,Plant Fernishings
Tiger Grass,Plant Fernishings
Wiregrass,Plant Fernishings
Zebra Grass,Plant Fernishings
