﻿DetPlantID,Plant Name,Scientific Name,Plant Type,VendorID,Vendor,OrderDate,Price,QTY,SubTotal,CustomerID,CustomerName,CustomerEmail,CustomerPhone,CustomerAddress,CustomerCity,CustomerState,CustomerZip
ALOALOSHR5,Aloe,Aloe spp.,Small Shrub,HB2000,Holly Berry Tree Emporium,2/15/2022,15.99,3,47.97,2535,Legra Domenget,ldomengetg1@nsw.gov.au,480-148-1281,51 Loftsgordon Drive,Scottsdale,Arizona,85271
AUTDRYGRO18,Autumn Fern,Dryopteris spp.,Groundcover,PF3000,Plant Fernishings,2/3/2022,5.99,3,17.97,3915,Dalli Self,dself80@xing.com,661-840-4196,91896 Pawling Terrace,Lancaster,California,93584
AWAVIBTRE20,Awabuki Viburnum,Viburnum odoratissimum,Small Tree,HB2000,Holly Berry Tree Emporium,2/3/2022,15.99,5,79.95,3259,Laney Creagh,lcreagh2h@weather.com,818-613-5833,733 Elmside Road,Brea,California,92822
AZARHOSHR22,Azalea,Rhododendron cvs.,Large Shrub,HB2000,Holly Berry Tree Emporium,2/7/2022,15.99,2,31.98,1437,Lanni Hyder,lhydermu@microsoft.com,510-321-6339,207 Pierstorff Lane,Oakland,California,94611
AZTSPRPER23,Aztec Lily,Sprekelia formosissima,Perennial,HP1000,Hansel and Petals,2/5/2022,25.99,5,129.95,3915,Dalli Self,dself80@xing.com,661-840-4196,91896 Pawling Terrace,Lancaster,California,93584
BAMBAMSHR25,Bamboo,Bambusa spp.,Large Shrub,HB2000,Holly Berry Tree Emporium,2/9/2022,15.99,2,31.98,2227,Latia Lamport,llamport2z@hatena.ne.jp,619-896-1165,4333 Mayer Hill,San Diego,California,92137
BAMCERPAL26,Bamboo Cycad,Ceratozamia hildae,Palm or Palm-Like,HB2000,Holly Berry Tree Emporium,2/16/2022,15.99,5,79.95,2718,Leicester Staines,lstaines64@issuu.com,559-791-9902,58 Southridge Alley,Modesto,California,95354
BANMUSTRE27,Banana,Musa spp.,Small Tree,HB2000,Holly Berry Tree Emporium,2/26/2022,15.99,2,31.98,1949,Lenci Magog,lmagog1m@foxnews.com,415-864-3785,3596 Lighthouse Bay Point,San Francisco,California,94177
BEAHELPER30,Beach Sunflower,Helianthus debilis,Perennial,HP1000,Hansel and Petals,2/4/2022,15.99,1,15.99,3915,Dalli Self,dself80@xing.com,661-840-4196,91896 Pawling Terrace,Lancaster,California,93584
BEAHELPER30,Beach Sunflower,Helianthus debilis,Perennial,HP1000,Hansel and Petals,2/13/2022,15.99,2,31.98,2309,Darcee McConway,dmcconwayf7@yale.edu,661-337-1212,4588 Mayfield Point,Bakersfield,California,93386
BLABELPER37,Blackberry Lily,Belamcanda chinensis,Perennial,HP1000,Hansel and Petals,2/12/2022,15.99,3,47.97,2309,Darcee McConway,dmcconwayf7@yale.edu,661-337-1212,4588 Mayfield Point,Bakersfield,California,93386
BLABELPER37,Blackberry Lily,Belamcanda chinensis,Perennial,HP1000,Hansel and Petals,2/18/2022,15.99,2,31.98,4040,Darci Babber,dbabber48@nytimes.com,415-791-3528,96723 Scott Terrace,San Francisco,California,94159
BLABUCTRE36,Black Olive,Bucida buceras,Large Tree,HB2000,Holly Berry Tree Emporium,2/1/2022,15.99,3,47.97,3915,Dalli Self,dself80@xing.com,661-840-4196,91896 Pawling Terrace,Lancaster,California,93584
BLAGAIPER40,Blanket Flower,Gaillardia pulchella,Perennial,HP1000,Hansel and Petals,2/1/2022,15.99,3,47.97,3317,Alfie Dinse,adinsec8@cam.ac.uk,805-373-6557,76 7th Avenue,Simi Valley,California,93094
BLAGAIPER40,Blanket Flower,Gaillardia pulchella,Perennial,HP1000,Hansel and Petals,2/14/2022,15.99,2,31.98,1304,Roxana Charville,rcharville3k@ovh.net,256-521-6301,181 Sundown Crossing,Anniston,Alabama,36205
BLAGAIPER40,Blanket Flower,Gaillardia pulchella,Perennial,HP1000,Hansel and Petals,2/23/2022,15.99,1,15.99,2247,Daria Dodge,ddodgeob@google.cn,619-646-8593,4399 Annamark Crossing,San Diego,California,92191
BLALIAPER41,Blazing Star,Liatris spp.,Perennial,HP1000,Hansel and Petals,2/7/2022,15.99,3,47.97,3862,Alix Durrett,adurrettcr@de.vu,559-841-7710,90 Garrison Road,Fresno,California,93786
BLALIAPER41,Blazing Star,Liatris spp.,Perennial,HP1000,Hansel and Petals,2/22/2022,15.99,3,47.97,1703,Sallyann Revington,srevington5b@de.vu,205-266-7499,291 Farmco Plaza,Tuscaloosa,Alabama,35487
BLARUDANN38,Black-Eyed Susan,Rudbeckia hirta,Annuals,HP1000,Hansel and Petals,2/21/2022,15.99,1,15.99,4040,Darci Babber,dbabber48@nytimes.com,415-791-3528,96723 Scott Terrace,San Francisco,California,94159
BLARUDANN38,Black-Eyed Susan,Rudbeckia hirta,Annuals,HP1000,Hansel and Petals,2/26/2022,15.99,5,79.95,2247,Daria Dodge,ddodgeob@google.cn,619-646-8593,4399 Annamark Crossing,San Diego,California,92191
BLOHAEPER42,Blood Lily,Haemanthus multiflorus,Perennial,HP1000,Hansel and Petals,2/12/2022,15.99,5,79.95,3989,Allsun Meiner,ameinerrd@google.ca,415-345-5335,94886 Gateway Pass,San Francisco,California,94177
BLUANDGRA46,Bluestem Grass,Andropogon spp.,Grass,PF3000,Plant Fernishings,2/4/2022,5.99,3,17.97,1437,Lanni Hyder,lhydermu@microsoft.com,510-321-6339,207 Pierstorff Lane,Oakland,California,94611
BLUANDGRA46,Bluestem Grass,Andropogon spp.,Grass,PF3000,Plant Fernishings,2/11/2022,5.99,2,11.98,2309,Darcee McConway,dmcconwayf7@yale.edu,661-337-1212,4588 Mayfield Point,Bakersfield,California,93386
BLUPHLPER44,Blue Phlox,Phlox divaricata,Perennial,HP1000,Hansel and Petals,2/17/2022,15.99,1,15.99,3898,Allyn Hallowell,ahallowellf1@bluehost.com,916-846-1804,91066 Westport Terrace,Sacramento,California,94237
BLUQUETRE47,Bluff Oak,Quercus austrina,Large Tree,HB2000,Holly Berry Tree Emporium,2/15/2022,15.99,3,47.97,2309,Darcee McConway,dmcconwayf7@yale.edu,661-337-1212,4588 Mayfield Point,Bakersfield,California,93386
BLUSISPER45,Blue-Eyed Grass,Sisyrinchium angustifolium,Perennial,HP1000,Hansel and Petals,2/2/2022,15.99,3,47.97,3259,Laney Creagh,lcreagh2h@weather.com,818-613-5833,733 Elmside Road,Brea,California,92822
BLUSISPER45,Blue-Eyed Grass,Sisyrinchium angustifolium,Perennial,HP1000,Hansel and Petals,2/20/2022,15.99,3,47.97,1287,Aloysia McErlaine,amcerlaineqm@admin.ch,951-406-7189,1774 Portage Junction,Riverside,California,92513
BOTCALTRE48,Bottlebrush,Callistemon spp.,Small Tree,HB2000,Holly Berry Tree Emporium,2/19/2022,15.99,3,47.97,4040,Darci Babber,dbabber48@nytimes.com,415-791-3528,96723 Scott Terrace,San Francisco,California,94159
BOXSEVSHR51,Boxthorn,Severinia buxifolia,Large Shrub,HB2000,Holly Berry Tree Emporium,2/3/2022,15.99,3,47.97,1464,Ronny Knolles-Green,rknollesgreeno0@patch.com,415-551-4579,21549 Starling Parkway,San Francisco,California,94126
BOXSEVSHR51,Boxthorn,Severinia buxifolia,Large Shrub,HB2000,Holly Berry Tree Emporium,2/27/2022,15.99,3,47.97,2247,Daria Dodge,ddodgeob@google.cn,619-646-8593,4399 Annamark Crossing,San Diego,California,92191
BRAPTEFER52,Bracken Fern,Pteridium aquilinum,Fern,PF3000,Plant Fernishings,2/12/2022,5.99,3,17.97,2227,Latia Lamport,llamport2z@hatena.ne.jp,619-896-1165,4333 Mayer Hill,San Diego,California,92137
BRAPTEFER52,Bracken Fern,Pteridium aquilinum,Fern,PF3000,Plant Fernishings,2/20/2022,5.99,3,17.97,4040,Darci Babber,dbabber48@nytimes.com,415-791-3528,96723 Scott Terrace,San Francisco,California,94159
BRITHRPAL53,Brittle Thatch Palm,Thrinax morrisii,Palm or Palm-Like,HB2000,Holly Berry Tree Emporium,2/8/2022,15.99,2,31.98,1804,Rossie Ruddle,rruddle1s@hhs.gov,760-972-7148,305 American Lane,San Bernardino,California,92415
BROBROPER54,Bromeliads,Bromeliaceae genera,Perennial,HP1000,Hansel and Petals,2/5/2022,15.99,3,47.97,1437,Lanni Hyder,lhydermu@microsoft.com,510-321-6339,207 Pierstorff Lane,Oakland,California,94611
BROBROPER54,Bromeliads,Bromeliaceae genera,Perennial,HP1000,Hansel and Petals,2/23/2022,15.99,2,31.98,3562,Amerigo Garrelts,agarrelts6e@oaic.gov.au,415-190-3290,8252 Village Green Hill,San Francisco,California,94177
BUCPSEPAL55,Buccaneer Palm,Pseudophoenix sargentii,Palm or Palm-Like,HB2000,Holly Berry Tree Emporium,2/12/2022,12.99,5,64.95,3890,Row Hebner,rhebner7v@hugedomains.com,714-296-4939,91 Ilene Pass,Irvine,California,92717
BUCSIDTRE56,Buckthorn,Sideroxylon spp.,Small Tree,HB2000,Holly Berry Tree Emporium,2/18/2022,12.99,5,64.95,1213,Rycca Sunshine,rsunshineln@cdc.gov,949-702-6599,14 Gerald Center,Orange,California,92867
BULBULPER58,Bulbine,Bulbine frutescens,Perennial,HP1000,Hansel and Petals,2/10/2022,15.99,2,31.98,2227,Latia Lamport,llamport2z@hatena.ne.jp,619-896-1165,4333 Mayer Hill,San Diego,California,92137
BULBULPER58,Bulbine,Bulbine frutescens,Perennial,HP1000,Hansel and Petals,2/27/2022,15.99,2,31.98,2723,Amerigo Reck,areckkc@blogspot.com,619-758-5441,583 Glendale Hill,San Diego,California,92145
BUSEURPER61,Bush Daisy,Euryops spp.,Perennial,HP1000,Hansel and Petals,2/18/2022,15.99,3,47.97,2718,Leicester Staines,lstaines64@issuu.com,559-791-9902,58 Southridge Alley,Modesto,California,95354
BUTHEDPER63,Butterfly Lily,Hedychium spp.,Perennial,HP1000,Hansel and Petals,2/25/2022,15.99,3,47.97,1949,Lenci Magog,lmagog1m@foxnews.com,415-864-3785,3596 Lighthouse Bay Point,San Francisco,California,94177
CARCARTRE75,Carpentaria Palm,Carpentaria acuminata,Medium Tree,HB2000,Holly Berry Tree Emporium,2/2/2022,15.99,2,31.98,3915,Dalli Self,dself80@xing.com,661-840-4196,91896 Pawling Terrace,Lancaster,California,93584
CARHALTRE74,Carolina Silverbell,Halesia carolina,Large Tree,HB2000,Holly Berry Tree Emporium,2/22/2022,15.99,1,15.99,3060,Lemmy Kubatsch,lkubatsch2v@tamu.edu,479-682-5609,69150 Cambridge Plaza,Fort Smith,Arkansas,72916
CEDULMTRE77,Cedar Elm,Ulmus crassifolia,Large Tree,HB2000,Holly Berry Tree Emporium,2/16/2022,15.99,5,79.95,2309,Darcee McConway,dmcconwayf7@yale.edu,661-337-1212,4588 Mayfield Point,Bakersfield,California,93386
CENAGASHR80,Century Plant,Agave spp.,Large Shrub,HB2000,Holly Berry Tree Emporium,2/17/2022,15.99,5,79.95,4040,Darci Babber,dbabber48@nytimes.com,415-791-3528,96723 Scott Terrace,San Francisco,California,94159
CHAVITSHR81,Chaste Tree,Vitex agnus-castus,Large Shrub,HB2000,Holly Berry Tree Emporium,2/28/2022,15.99,2,31.98,2247,Daria Dodge,ddodgeob@google.cn,619-646-8593,4399 Annamark Crossing,San Diego,California,92191
CHICHITRE86,Chinese Fringetree,Chionanthus retusus,Small Tree,HB2000,Holly Berry Tree Emporium,2/14/2022,15.99,3,47.97,3027,Lawrence Ilyin,lilyin9s@discovery.com,719-695-4587,678 Weeping Birch Avenue,Colorado Springs,Colorado,80995
CHIILETRE87,Chinese Holly,Ilex cornuta and cvs.,Small Tree,HB2000,Holly Berry Tree Emporium,2/6/2022,15.99,2,31.98,1118,Dante Whittington,dwhittingtoncz@mozilla.org,256-633-7875,10220 Montana Lane,Huntsville,Alabama,35810
CHIILETRE87,Chinese Holly,Ilex cornuta and cvs.,Small Tree,HB2000,Holly Berry Tree Emporium,2/21/2022,15.99,3,47.97,1433,Lemar Judgkins,ljudgkinsji@godaddy.com,970-338-7988,2030 6th Circle,Fort Collins,Colorado,80525
CHIJUNSHR88,Chinese Juniper,Juniperus chinensis and cvs.,Large Shrub,HB2000,Holly Berry Tree Emporium,2/1/2022,15.99,2,31.98,3259,Laney Creagh,lcreagh2h@weather.com,818-613-5833,733 Elmside Road,Brea,California,92822
CHIJUNSHR88,Chinese Juniper,Juniperus chinensis and cvs.,Large Shrub,HB2000,Holly Berry Tree Emporium,2/9/2022,15.99,3,47.97,3189,Dara Preble,dpreblef3@fda.gov,334-165-6313,70658 Thompson Plaza,Montgomery,Alabama,36125
CHRSENSHR89,Christmas Senna,Senna bicapsularis,Large Shrub,HB2000,Holly Berry Tree Emporium,2/8/2022,13.99,1,13.99,1437,Lanni Hyder,lhydermu@microsoft.com,510-321-6339,207 Pierstorff Lane,Oakland,California,94611
CINOSMFER90,Cinnamon Fern,Osmunda cinnamomea,Fern,PF3000,Plant Fernishings,2/19/2022,5.99,1,5.99,2718,Leicester Staines,lstaines64@issuu.com,559-791-9902,58 Southridge Alley,Modesto,California,95354
CINOSMFER90,Cinnamon Fern,Osmunda cinnamomea,Fern,PF3000,Plant Fernishings,2/25/2022,5.99,3,17.97,2247,Daria Dodge,ddodgeob@google.cn,619-646-8593,4399 Annamark Crossing,San Diego,California,92191
CLETERSHR91,Cleyera,Ternstroemia gymnanthera,Large Shrub,HB2000,Holly Berry Tree Emporium,2/13/2022,15.99,1,15.99,2227,Latia Lamport,llamport2z@hatena.ne.jp,619-896-1165,4333 Mayer Hill,San Diego,California,92137
COCCHRSHR94,Cocoplum,Chrysobalanus icaco,Large Shrub,HB2000,Holly Berry Tree Emporium,2/17/2022,15.99,2,31.98,2718,Leicester Staines,lstaines64@issuu.com,559-791-9902,58 Southridge Alley,Modesto,California,95354
COMHAMSHR96,Common Witchhazel,Hamamelis virginiana,Large Shrub,HB2000,Holly Berry Tree Emporium,2/24/2022,15.99,5,79.95,1949,Lenci Magog,lmagog1m@foxnews.com,415-864-3785,3596 Lighthouse Bay Point,San Francisco,California,94177
COPACASHR99,Copper Leaf,Acalypha wilkesiana,Large Shrub,HB2000,Holly Berry Tree Emporium,2/28/2022,15.99,2,31.98,3322,Lenette Tremellier,ltremellier83@hubpages.com,323-986-6784,76 Riverside Alley,Los Angeles,California,90040
CORSPAGRA101,Cordgrass,Spartina spp.,Grasses,PF3000,Plant Fernishings,2/27/2022,5.99,2,11.98,1949,Lenci Magog,lmagog1m@foxnews.com,415-864-3785,3596 Lighthouse Bay Point,San Francisco,California,94177
DAHILETRE110,Dahoon Holly,Ilex cassine and cvs.,Medium Tree,HB2000,Holly Berry Tree Emporium,2/20/2022,15.99,2,31.98,1662,Ryun Tomkinson,rtomkinson47@nbcnews.com,303-797-6149,2750 Northland Parkway,Denver,Colorado,80217
DOWJASSHR115,Downy Jasmine,Jasminum multiflorum,Large Shrub,HB2000,Holly Berry Tree Emporium,2/2/2022,15.99,3,47.97,3317,Alfie Dinse,adinsec8@cam.ac.uk,805-373-6557,76 7th Avenue,Simi Valley,California,93094
DOWJASSHR115,Downy Jasmine,Jasminum multiflorum,Large Shrub,HB2000,Holly Berry Tree Emporium,2/5/2022,15.99,5,79.95,1804,Rossie Ruddle,rruddle1s@hhs.gov,760-972-7148,305 American Lane,San Bernardino,California,92415
DOWJASSHR115,Downy Jasmine,Jasminum multiflorum,Large Shrub,HB2000,Holly Berry Tree Emporium,2/14/2022,15.99,1,15.99,2309,Darcee McConway,dmcconwayf7@yale.edu,661-337-1212,4588 Mayfield Point,Bakersfield,California,93386
DWASABSHR118,Dwarf Palmetto,Sabal minor,Large Shrub,HB2000,Holly Berry Tree Emporium,2/4/2022,15.99,1,15.99,3317,Alfie Dinse,adinsec8@cam.ac.uk,805-373-6557,76 7th Avenue,Simi Valley,California,93094
DWASABSHR118,Dwarf Palmetto,Sabal minor,Large Shrub,HB2000,Holly Berry Tree Emporium,2/9/2022,15.99,2,31.98,3862,Alix Durrett,adurrettcr@de.vu,559-841-7710,90 Garrison Road,Fresno,California,93786
DWASABSHR118,Dwarf Palmetto,Sabal minor,Large Shrub,HB2000,Holly Berry Tree Emporium,2/13/2022,15.99,2,31.98,3890,Row Hebner,rhebner7v@hugedomains.com,714-296-4939,91 Ilene Pass,Irvine,California,92717
DWASABSHR118,Dwarf Palmetto,Sabal minor,Large Shrub,HB2000,Holly Berry Tree Emporium,2/22/2022,15.99,2,31.98,4040,Darci Babber,dbabber48@nytimes.com,415-791-3528,96723 Scott Terrace,San Francisco,California,94159
FETLYOSHR130,Fetterbush,Lyonia lucida,Small Shrub,HB2000,Holly Berry Tree Emporium,2/8/2022,15.99,3,47.97,3862,Alix Durrett,adurrettcr@de.vu,559-841-7710,90 Garrison Road,Fresno,California,93786
FETLYOSHR130,Fetterbush,Lyonia lucida,Small Shrub,HB2000,Holly Berry Tree Emporium,2/13/2022,15.99,2,31.98,3989,Allsun Meiner,ameinerrd@google.ca,415-345-5335,94886 Gateway Pass,San Francisco,California,94177
FETLYOSHR130,Fetterbush,Lyonia lucida,Small Shrub,HB2000,Holly Berry Tree Emporium,2/17/2022,15.99,2,31.98,1213,Rycca Sunshine,rsunshineln@cdc.gov,949-702-6599,14 Gerald Center,Orange,California,92867
FETLYOSHR130,Fetterbush,Lyonia lucida,Small Shrub,HB2000,Holly Berry Tree Emporium,2/24/2022,15.99,2,31.98,2247,Daria Dodge,ddodgeob@google.cn,619-646-8593,4399 Annamark Crossing,San Diego,California,92191
FIDCITTRE131,Fiddlewood,Citharexylum spinosum,Small Tree,HB2000,Holly Berry Tree Emporium,2/10/2022,15.99,2,31.98,3989,Allsun Meiner,ameinerrd@google.ca,415-345-5335,94886 Gateway Pass,San Francisco,California,94177
FIDCITTRE131,Fiddlewood,Citharexylum spinosum,Small Tree,HB2000,Holly Berry Tree Emporium,2/14/2022,15.99,3,47.97,3898,Allyn Hallowell,ahallowellf1@bluehost.com,916-846-1804,91066 Westport Terrace,Sacramento,California,94237
FIDCITTRE131,Fiddlewood,Citharexylum spinosum,Small Tree,HB2000,Holly Berry Tree Emporium,2/23/2022,15.99,3,47.97,2190,Salomon Griswood,sgriswood9u@forbes.com,858-128-0664,421 North Avenue,San Diego,California,92132
FIRHAMSHR132,Firebush,Hamelia patens,Large Shrub,HB2000,Holly Berry Tree Emporium,2/15/2022,15.99,2,31.98,3898,Allyn Hallowell,ahallowellf1@bluehost.com,916-846-1804,91066 Westport Terrace,Sacramento,California,94237
FIRHAMSHR132,Firebush,Hamelia patens,Large Shrub,HB2000,Holly Berry Tree Emporium,2/18/2022,15.99,2,31.98,1287,Aloysia McErlaine,amcerlaineqm@admin.ch,951-406-7189,1774 Portage Junction,Riverside,California,92513
FIRPYRSHR137,Firethorn,Pyracantha coccinea,Small Shrub,HB2000,Holly Berry Tree Emporium,2/28/2022,15.99,5,79.95,2723,Amerigo Reck,areckkc@blogspot.com,619-758-5441,583 Glendale Hill,San Diego,California,92145
FIRRUSSHR134,Firecracker Plant,Russelia equisetiformis,Small Shrub,HB2000,Holly Berry Tree Emporium,2/19/2022,15.99,3,47.97,1287,Aloysia McErlaine,amcerlaineqm@admin.ch,951-406-7189,1774 Portage Junction,Riverside,California,92513
FIRRUSSHR134,Firecracker Plant,Russelia equisetiformis,Small Shrub,HB2000,Holly Berry Tree Emporium,2/25/2022,15.99,5,79.95,3562,Amerigo Garrelts,agarrelts6e@oaic.gov.au,415-190-3290,8252 Village Green Hill,San Francisco,California,94177
FIRRUSSHR135,Firecracker Plant,Russelia sarmentosa,Small Shrub,HB2000,Holly Berry Tree Emporium,2/26/2022,15.99,3,47.97,3562,Amerigo Garrelts,agarrelts6e@oaic.gov.au,415-190-3290,8252 Village Green Hill,San Francisco,California,94177
FLOCORTRE147,Flowering Dogwood,Cornus florida,Small Tree,HB2000,Holly Berry Tree Emporium,2/1/2022,15.99,5,79.95,1464,Ronny Knolles-Green,rknollesgreeno0@patch.com,415-551-4579,21549 Starling Parkway,San Francisco,California,94126
GOLSOLPER165,Goldenrod,Solidago spp.,Perennial,HP1000,Hansel and Petals,2/5/2022,10.99,5,54.95,1530,Alis Merlin,amerlindg@google.es,520-753-9555,2356 Mitchell Drive,Tucson,Arizona,85748
HELHELPER170,Heliconia,Heliconia spp.,Perennial,HP1000,Hansel and Petals,2/22/2022,10.99,2,21.98,1114,Alphonso Grzelewski,agrzelewskimt@intel.com,520-953-8300,10105 Elka Hill,Tucson,Arizona,85720
HURLYCPER177,Hurricane Lily,Lycoris spp.,Perennial,HP1000,Hansel and Petals,2/2/2022,10.99,1,10.99,1464,Ronny Knolles-Green,rknollesgreeno0@patch.com,415-551-4579,21549 Starling Parkway,San Francisco,California,94126
IMPIMPPER179,Impatiens,Impatiens spp.,Perennial,HP1000,Hansel and Petals,2/4/2022,15.99,3,47.97,1804,Rossie Ruddle,rruddle1s@hhs.gov,760-972-7148,305 American Lane,San Bernardino,California,92415
JABMYRTRE183,Jaboticaba,Myrciaria cauliflora,Small Tree,HB2000,Holly Berry Tree Emporium,2/6/2022,15.99,2,31.98,1804,Rossie Ruddle,rruddle1s@hhs.gov,760-972-7148,305 American Lane,San Bernardino,California,92415
JACJACTRE184,Jacaranda,Jacaranda mimosifolia,Medium Tree,HB2000,Holly Berry Tree Emporium,2/11/2022,15.99,1,15.99,3890,Row Hebner,rhebner7v@hugedomains.com,714-296-4939,91 Ilene Pass,Irvine,California,92717
JAMCAPTRE186,Jamaica Caper Tree,Capparis cynophallophora,Small Tree,HB2000,Holly Berry Tree Emporium,2/16/2022,25.99,1,25.99,1213,Rycca Sunshine,rsunshineln@cdc.gov,949-702-6599,14 Gerald Center,Orange,California,92867
JAMPISTRE187,Jamaican Dogwood,Piscidia piscipula,Large Tree,HB2000,Holly Berry Tree Emporium,2/24/2022,25.99,5,129.95,2190,Salomon Griswood,sgriswood9u@forbes.com,858-128-0664,421 North Avenue,San Diego,California,92132
JAPFATSHR188,Japanese Aralia,Fatsia japonica,Large Shrub,HB2000,Holly Berry Tree Emporium,2/28/2022,25.99,2,51.98,3647,Sara-ann Westby,swestby1v@msu.edu,510-778-1066,85117 Scott Center,Berkeley,California,94712
KENHOWPAL194,Kentia Palm,Howea forsterana,Palm or Palm-Like,HB2000,Holly Berry Tree Emporium,2/21/2022,25.99,3,77.97,2191,Sal Locock,slocockig@wp.com,203-469-6193,42110 Hansons Point,New Haven,Connecticut,6520
LEARUMGRO200,Leatherleaf Fern,Rumohra adiantiformis,Groundcover,PF3000,Plant Fernishings,2/7/2022,5.99,5,29.95,1118,Dante Whittington,dwhittingtoncz@mozilla.org,256-633-7875,10220 Montana Lane,Huntsville,Alabama,35810
LEMCYMGRA201,Lemongrass,Cymbopogon citratus,Grass,PF3000,Plant Fernishings,2/8/2022,5.99,3,17.97,3189,Dara Preble,dpreblef3@fda.gov,334-165-6313,70658 Thompson Plaza,Montgomery,Alabama,36125
MEXCUPPER222,Mexican Heather,Cuphea hyssopifolia,Perennial,HP1000,Hansel and Petals,2/9/2022,15.99,3,47.97,3890,Row Hebner,rhebner7v@hugedomains.com,714-296-4939,91 Ilene Pass,Irvine,California,92717
MEXTITANN224,Mexican Sunflower,Tithonia rotundiflora,Annuals,HP1000,Hansel and Petals,2/19/2022,15.99,3,47.97,1213,Rycca Sunshine,rsunshineln@cdc.gov,949-702-6599,14 Gerald Center,Orange,California,92867
PANPANGRA245,Panic Grass,Panicum virgatum and cvs.,Grass,PF3000,Plant Fernishings,2/10/2022,25.99,1,25.99,1890,Darby Hopewell,dhopewellk4@creativecommons.org,202-451-7202,33495 Scott Place,Washington,District of Columbia,20425
ROYOSMFER303,Royal Fern,Osmunda regalis,Fern,PF3000,Plant Fernishings,2/7/2022,25.99,1,25.99,1804,Rossie Ruddle,rruddle1s@hhs.gov,760-972-7148,305 American Lane,San Bernardino,California,92415
RUDRUDPER306,Rudbeckia,Rudbeckia fulgida,Perennial,HP1000,Hansel and Petals,2/25/2022,15.99,1,15.99,2190,Salomon Griswood,sgriswood9u@forbes.com,858-128-0664,421 North Avenue,San Diego,California,92132
SALDISGRA310,Salt Grass,Distichlis spicata,Grass,PF3000,Plant Fernishings,2/10/2022,25.99,3,77.97,3890,Row Hebner,rhebner7v@hugedomains.com,714-296-4939,91 Ilene Pass,Irvine,California,92717
SOUADIFER337,Southern Maidenhair Fern,Adiantum capillus-veneris,Fern,PF3000,Plant Fernishings,2/15/2022,25.99,3,77.97,1213,Rycca Sunshine,rsunshineln@cdc.gov,949-702-6599,14 Gerald Center,Orange,California,92867
SOUTHEGRO340,Southern Shield Fern,Thelypteris kunthii,Groundcover,PF3000,Plant Fernishings,2/26/2022,25.99,2,51.98,2190,Salomon Griswood,sgriswood9u@forbes.com,858-128-0664,421 North Avenue,San Diego,California,92132
SWABLEFER358,Swamp Fern,Blechnum serrulatum,Fern,PF3000,Plant Fernishings,2/27/2022,25.99,1,25.99,3647,Sara-ann Westby,swestby1v@msu.edu,510-778-1066,85117 Scott Center,Berkeley,California,94712
WALNEOPER391,Walking Iris,Neomarica gracilis,Perennial,HP1000,Hansel and Petals,2/3/2022,15.99,2,31.98,3317,Alfie Dinse,adinsec8@cam.ac.uk,805-373-6557,76 7th Avenue,Simi Valley,California,93094
WAXBEGPER394,Wax Begonia,Begonia Xsemperflorens-cultorum,Perennial,HP1000,Hansel and Petals,2/6/2022,12.99,1,12.99,3862,Alix Durrett,adurrettcr@de.vu,559-841-7710,90 Garrison Road,Fresno,California,93786
WHIGAUPER400,White Gaura,Gaura lindheimeri,Perennial,HP1000,Hansel and Petals,2/6/2022,12.99,5,64.95,1437,Lanni Hyder,lhydermu@microsoft.com,510-321-6339,207 Pierstorff Lane,Oakland,California,94611
WHIGAUPER400,White Gaura,Gaura lindheimeri,Perennial,HP1000,Hansel and Petals,2/11/2022,12.99,3,38.97,3989,Allsun Meiner,ameinerrd@google.ca,415-345-5335,94886 Gateway Pass,San Francisco,California,94177
WILLANPER407,Wild Sage,Lantana involucrata,Perennial,HP1000,Hansel and Petals,2/11/2022,12.99,5,64.95,2227,Latia Lamport,llamport2z@hatena.ne.jp,619-896-1165,4333 Mayer Hill,San Diego,California,92137
WILLANPER407,Wild Sage,Lantana involucrata,Perennial,HP1000,Hansel and Petals,2/16/2022,12.99,5,64.95,3898,Allyn Hallowell,ahallowellf1@bluehost.com,916-846-1804,91066 Westport Terrace,Sacramento,California,94237
WISTORANN413,Wishbone Flower,Torenia fournieri,Annuals,HP1000,Hansel and Petals,2/20/2022,12.99,2,25.98,2718,Leicester Staines,lstaines64@issuu.com,559-791-9902,58 Southridge Alley,Modesto,California,95354
WISTORANN413,Wishbone Flower,Torenia fournieri,Annuals,HP1000,Hansel and Petals,2/21/2022,12.99,1,12.99,1287,Aloysia McErlaine,amcerlaineqm@admin.ch,951-406-7189,1774 Portage Junction,Riverside,California,92513
YELFLAPER420,Yellowtop,Flaveria linearis,Perennial,HP1000,Hansel and Petals,2/23/2022,12.99,3,38.97,1949,Lenci Magog,lmagog1m@foxnews.com,415-864-3785,3596 Lighthouse Bay Point,San Francisco,California,94177
YELFLAPER420,Yellowtop,Flaveria linearis,Perennial,HP1000,Hansel and Petals,2/24/2022,12.99,3,38.97,3562,Amerigo Garrelts,agarrelts6e@oaic.gov.au,415-190-3290,8252 Village Green Hill,San Francisco,California,94177
