﻿DetPlantID,Plant Name,Scientific Name,Plant Type,VendorID,Vendor,OrderDate,Price,QTY,SubTotal,CustomerID,CustomerName,CustomerEmail,CustomerPhone,CustomerAddress,CustomerCity,CustomerState,CustomerZip
AFRDIEPER1,African Iris,Dietes iridoides,Perennial,HP1000,Hansel and Petals,1/9/2022,25.99,3,77.97,2536,Cristen Hitchens,chitchenset@opensource.org,310-555-2285,51 Packers Center,Inglewood,California,90310
AGEAGEANN2,Ageratum,Ageratum spp.,Annuals,HP1000,Hansel and Petals,1/4/2022,25.99,2,51.98,2536,Cristen Hitchens,chitchenset@opensource.org,310-555-2285,51 Packers Center,Inglewood,California,90310
AGEAGEANN2,Ageratum,Ageratum spp.,Annuals,HP1000,Hansel and Petals,1/10/2022,25.99,3,77.97,1439,Cristobal Pidon,cpidon69@feedburner.com,858-874-5305,2078 Sloan Hill,San Diego,California,92121
ALEPTYPAL3,Alexander Palm,Ptychosperma elegans,Palm or Palm-Like,HB2000,Holly Berry Tree Emporium,1/28/2022,15.99,3,47.97,2588,Kristoforo Shimwell,kshimwell94@soup.io,480-106-2175,53 Annamark Alley,Phoenix,Arizona,85020
AMAHIPPER7,Amaryllis,Hippeastrum spp.,Perennial,HP1000,Hansel and Petals,1/4/2022,25.99,3,77.97,3402,Abbie Holsey,aholseyl0@wix.com,562-716-5380,79 Florence Point,Los Angeles,California,90071
AMAHIPPER7,Amaryllis,Hippeastrum spp.,Perennial,HP1000,Hansel and Petals,1/12/2022,25.99,2,51.98,1439,Cristobal Pidon,cpidon69@feedburner.com,858-874-5305,2078 Sloan Hill,San Diego,California,92121
AMAHIPPER7,Amaryllis,Hippeastrum spp.,Perennial,HP1000,Hansel and Petals,1/21/2022,25.99,2,51.98,3529,Curran Oaks,coaks1g@gravatar.com,760-980-3555,80955 Comanche Hill,San Bernardino,California,92415
AMECARTRE11,American Hornbeam,Carpinus caroliniana,Medium Tree,HB2000,Holly Berry Tree Emporium,1/5/2022,15.99,1,15.99,3230,Keelby Bonnet,kbonnetmg@google.com.br,949-555-7810,72312 Luster Place,Los Angeles,California,90010
ANGANGPER13,Angelonia,Angelonia angustifolia,Perennial,HP1000,Hansel and Petals,1/7/2022,25.99,2,51.98,2313,Abner Crowch,acrowchox@blogger.com,619-379-0901,4599 John Wall Alley,San Diego,California,92170
ANGANGPER13,Angelonia,Angelonia angustifolia,Perennial,HP1000,Hansel and Petals,1/18/2022,25.99,3,77.97,3529,Curran Oaks,coaks1g@gravatar.com,760-980-3555,80955 Comanche Hill,San Bernardino,California,92415
ANGANGPER13,Angelonia,Angelonia angustifolia,Perennial,HP1000,Hansel and Petals,1/24/2022,25.99,2,51.98,2714,Cyrus Ranking,crankingmd@shareasale.com,916-748-6202,58 Goodland Drive,Sacramento,California,94230
ANGBRUSHR14,Angel’s Trumpet,Brugmansia Xcandida,Large Shrub,HB2000,Holly Berry Tree Emporium,1/9/2022,15.99,3,47.97,1339,Kenny Coffey,kcoffeych@posterous.com,909-623-5862,1944 Orin Plaza,Pomona,California,91797
ARICUPTRE15,Arizona Cypress,Cupressus arizonica var.,Medium Tree,HB2000,Holly Berry Tree Emporium,1/19/2022,15.99,1,15.99,1811,Kimberlyn Annett,kannett8p@wikia.com,213-310-6539,30672 Main Trail,Van Nuys,California,91499
AUSSPHFER17,Australian Tree Fern,Sphaeropteris cooperi,Fern,PF3000,Plant Fernishings,1/14/2022,5.99,3,17.97,3385,Adah Illyes,aillyesic@answers.com,251-142-1149,78175 Morningstar Place,Mobile,Alabama,36616
AUSSPHFER17,Australian Tree Fern,Sphaeropteris cooperi,Fern,PF3000,Plant Fernishings,1/25/2022,5.99,2,11.98,1152,Klara Cotton,kcotton95@youtube.com,310-102-0796,113 Lake View Road,Torrance,California,90505
AUSSPHFER17,Australian Tree Fern,Sphaeropteris cooperi,Fern,PF3000,Plant Fernishings,1/28/2022,5.99,2,11.98,2714,Cyrus Ranking,crankingmd@shareasale.com,916-748-6202,58 Goodland Drive,Sacramento,California,94230
AUTDRYGRO18,Autumn Fern,Dryopteris spp.,Groundcover,PF3000,Plant Fernishings,1/31/2022,5.99,1,5.99,3259,Laney Creagh,lcreagh2h@weather.com,818-613-5833,733 Elmside Road,Brea,California,92822
AVOPERTRE19,Avocado,Persea americana,Large Tree,HB2000,Holly Berry Tree Emporium,1/23/2022,15.99,3,47.97,1152,Klara Cotton,kcotton95@youtube.com,310-102-0796,113 Lake View Road,Torrance,California,90505
AZTSPRPER23,Aztec Lily,Sprekelia formosissima,Perennial,HP1000,Hansel and Petals,1/13/2022,25.99,2,51.98,1543,Abramo Jentzsch,ajentzschl1@de.vu,559-235-1237,2398 Redwing Drive,Fullerton,California,92640
AZTSPRPER23,Aztec Lily,Sprekelia formosissima,Perennial,HP1000,Hansel and Petals,1/29/2022,25.99,3,77.97,2714,Cyrus Ranking,crankingmd@shareasale.com,916-748-6202,58 Goodland Drive,Sacramento,California,94230
BAYSURSHR29,Bay Cedar,Suriana maritima,Large Shrub,HB2000,Holly Berry Tree Emporium,1/2/2022,15.99,5,79.95,1654,Cristen Elles,cellesgw@barnesandnoble.com,619-232-1557,2714 Walton Park,San Diego,California,92196
BEACALSHR31,Beautyberry,Callicarpa americana,Large Shrub,HB2000,Holly Berry Tree Emporium,1/7/2022,15.99,5,79.95,2536,Cristen Hitchens,chitchenset@opensource.org,310-555-2285,51 Packers Center,Inglewood,California,90310
BEAHELPER30,Beach Sunflower,Helianthus debilis,Perennial,HP1000,Hansel and Petals,1/16/2022,15.99,2,31.98,3306,Agnella Franceschielli,afranceschiellim1@linkedin.com,415-757-6185,754 Summerview Avenue,San Francisco,California,94116
BIRSTRSHR33,Bird of Paradise,Strelitzia reginae,Small Shrub,HB2000,Holly Berry Tree Emporium,1/15/2022,15.99,5,79.95,1439,Cristobal Pidon,cpidon69@feedburner.com,858-874-5305,2078 Sloan Hill,San Diego,California,92121
BISBISPAL34,Bismarck Palm,Bismarckia nobilis,Palm or Palm-Like,HB2000,Holly Berry Tree Emporium,1/19/2022,15.99,3,47.97,3529,Curran Oaks,coaks1g@gravatar.com,760-980-3555,80955 Comanche Hill,San Bernardino,California,92415
BLAAVITRE35,Black Mangrove,Avicennia germinans,Medium Tree,HB2000,Holly Berry Tree Emporium,1/7/2022,15.99,3,47.97,3548,Roderigo Anstie,ranstie17@wp.com,619-302-0240,82 Burning Wood Alley,San Diego,California,92137
BLAAVITRE35,Black Mangrove,Avicennia germinans,Medium Tree,HB2000,Holly Berry Tree Emporium,1/25/2022,15.99,3,47.97,2714,Cyrus Ranking,crankingmd@shareasale.com,916-748-6202,58 Goodland Drive,Sacramento,California,94230
BLABELPER37,Blackberry Lily,Belamcanda chinensis,Perennial,HP1000,Hansel and Petals,1/6/2022,15.99,3,47.97,2680,Robinia Balog,rbalogiw@arstechnica.com,205-133-6098,565 Fairfield Terrace,Birmingham,Alabama,35220
BLABELPER37,Blackberry Lily,Belamcanda chinensis,Perennial,HP1000,Hansel and Petals,1/23/2022,15.99,2,31.98,3739,Ajay Albers,aalbersq1@pbs.org,805-979-0372,887 Porter Road,Ventura,California,93005
BLABUCTRE36,Black Olive,Bucida buceras,Large Tree,HB2000,Holly Berry Tree Emporium,1/14/2022,15.99,3,47.97,3055,Rollins Devil,rdevil97@feedburner.com,408-604-5195,69 Union Parkway,San Jose,California,95155
BLAGAIPER40,Blanket Flower,Gaillardia pulchella,Perennial,HP1000,Hansel and Petals,1/6/2022,15.99,5,79.95,3230,Keelby Bonnet,kbonnetmg@google.com.br,949-555-7810,72312 Luster Place,Los Angeles,California,90010
BLALIAPER41,Blazing Star,Liatris spp.,Perennial,HP1000,Hansel and Petals,1/11/2022,15.99,2,31.98,1339,Kenny Coffey,kcoffeych@posterous.com,909-623-5862,1944 Orin Plaza,Pomona,California,91797
BLARUDANN38,Black-Eyed Susan,Rudbeckia hirta,Annuals,HP1000,Hansel and Petals,1/12/2022,15.99,3,47.97,3304,Roger Gilbee,rgilbeekq@cdbaby.com,251-339-6395,751 Crest Line Junction,Mobile,Alabama,36605
BLARUDANN38,Black-Eyed Susan,Rudbeckia hirta,Annuals,HP1000,Hansel and Petals,1/30/2022,15.99,1,15.99,3210,Alejandra Abry,aabryaw@hibu.com,562-179-3866,715 Crescent Oaks Avenue,Long Beach,California,90831
BLOHAEPER42,Blood Lily,Haemanthus multiflorus,Perennial,HP1000,Hansel and Petals,1/20/2022,15.99,5,79.95,1811,Kimberlyn Annett,kannett8p@wikia.com,213-310-6539,30672 Main Trail,Van Nuys,California,91499
BLUPHLPER44,Blue Phlox,Phlox divaricata,Perennial,HP1000,Hansel and Petals,1/24/2022,15.99,2,31.98,1152,Klara Cotton,kcotton95@youtube.com,310-102-0796,113 Lake View Road,Torrance,California,90505
BLUQUETRE47,Bluff Oak,Quercus austrina,Large Tree,HB2000,Holly Berry Tree Emporium,1/22/2022,15.99,3,47.97,3900,Rona Kunisch,rkunischfi@dion.ne.jp,415-514-3255,911 Prentice Trail,San Francisco,California,94132
BOTCALTRE48,Bottlebrush,Callistemon spp.,Small Tree,HB2000,Holly Berry Tree Emporium,1/25/2022,15.99,3,47.97,2019,Ronalda Wisniowski,rwisniowskig8@baidu.com,714-171-9474,381 Carpenter Place,Anaheim,California,92812
BUCSIDTRE56,Buckthorn,Sideroxylon spp.,Small Tree,HB2000,Holly Berry Tree Emporium,1/20/2022,12.99,3,38.97,2918,Ailbert Brende,abrende6e@harvard.edu,501-867-6807,63 Raven Crossing,Little Rock,Arkansas,72204
BULBULPER58,Bulbine,Bulbine frutescens,Perennial,HP1000,Hansel and Petals,1/21/2022,15.99,3,47.97,3009,Ailsun Gever,ageverpd@ft.com,907-578-1249,66891 Algoma Point,Anchorage,Alaska,99522
BUTBUDSHR62,Butterfly Bush,Buddleia lindleyana,Large Shrub,HB2000,Holly Berry Tree Emporium,1/6/2022,12.99,1,12.99,2536,Cristen Hitchens,chitchenset@opensource.org,310-555-2285,51 Packers Center,Inglewood,California,90310
CARCALSHR71,Carolina Allspice,Calycanthus floridus,Large Shrub,HB2000,Holly Berry Tree Emporium,1/11/2022,12.99,1,12.99,1439,Cristobal Pidon,cpidon69@feedburner.com,858-874-5305,2078 Sloan Hill,San Diego,California,92121
CARHALTRE74,Carolina Silverbell,Halesia carolina,Large Tree,HB2000,Holly Berry Tree Emporium,1/26/2022,15.99,5,79.95,2714,Cyrus Ranking,crankingmd@shareasale.com,916-748-6202,58 Goodland Drive,Sacramento,California,94230
CARRHASHR72,Carolina Buckthorn,Rhamnus caroliniana,Large Shrub,HB2000,Holly Berry Tree Emporium,1/14/2022,12.99,5,64.95,2889,Kevina Richmond,krichmond9g@mozilla.org,479-133-6841,6214 Del Mar Terrace,Fort Smith,Arkansas,72916
CARRHASHR72,Carolina Buckthorn,Rhamnus caroliniana,Large Shrub,HB2000,Holly Berry Tree Emporium,1/23/2022,12.99,5,64.95,3529,Curran Oaks,coaks1g@gravatar.com,760-980-3555,80955 Comanche Hill,San Bernardino,California,92415
CHICHITRE86,Chinese Fringetree,Chionanthus retusus,Small Tree,HB2000,Holly Berry Tree Emporium,1/17/2022,15.99,3,47.97,1811,Kimberlyn Annett,kannett8p@wikia.com,213-310-6539,30672 Main Trail,Van Nuys,California,91499
CHIILETRE87,Chinese Holly,Ilex cornuta and cvs.,Small Tree,HB2000,Holly Berry Tree Emporium,1/21/2022,15.99,3,47.97,1152,Klara Cotton,kcotton95@youtube.com,310-102-0796,113 Lake View Road,Torrance,California,90505
CHILIVPAL85,Chinese Fan Palm,Livistona spp.,Palm or Palm-Like,HB2000,Holly Berry Tree Emporium,1/12/2022,15.99,3,47.97,1339,Kenny Coffey,kcoffeych@posterous.com,909-623-5862,1944 Orin Plaza,Pomona,California,91797
CHILIVPAL85,Chinese Fan Palm,Livistona spp.,Palm or Palm-Like,HB2000,Holly Berry Tree Emporium,1/26/2022,15.99,5,79.95,1697,Klarika Geane,kgeane37@google.com.hk,303-587-5734,29 Briar Crest Junction,Aurora,Colorado,80044
CHIPRUTRE83,Chickasaw Plum,Prunus angustifolia,Small Tree,HB2000,Holly Berry Tree Emporium,1/2/2022,15.99,5,79.95,2173,Katerina Kempstone,kkempstone3t@harvard.edu,303-823-7990,4153 7th Park,Denver,Colorado,80217
CHIULMTRE84,Chinese Elm,Ulmus parvifolia and cvs.,Large Tree,HB2000,Holly Berry Tree Emporium,1/8/2022,15.99,3,47.97,3230,Keelby Bonnet,kbonnetmg@google.com.br,949-555-7810,72312 Luster Place,Los Angeles,California,90010
CHIULMTRE84,Chinese Elm,Ulmus parvifolia and cvs.,Large Tree,HB2000,Holly Berry Tree Emporium,1/15/2022,15.99,2,31.98,1121,Kienan Agiolfinger,kagiolfingeri2@reverbnation.com,303-821-2331,1043 Goodland Road,Littleton,Colorado,80161
CRALAGTRE103,Crapemyrtle,Lagerstroemia indica,Medium Tree,HB2000,Holly Berry Tree Emporium,1/2/2022,15.99,5,79.95,1483,Robby Drinkale,rdrinkale8z@tripod.com,209-943-7338,2203 Fordem Center,Fresno,California,93721
CRALAGTRE103,Crapemyrtle,Lagerstroemia indica,Medium Tree,HB2000,Holly Berry Tree Emporium,1/5/2022,15.99,3,47.97,3402,Abbie Holsey,aholseyl0@wix.com,562-716-5380,79 Florence Point,Los Angeles,California,90071
CRALAGTRE103,Crapemyrtle,Lagerstroemia indica,Medium Tree,HB2000,Holly Berry Tree Emporium,1/5/2022,15.99,3,47.97,1657,Robinet Attenbrow,rattenbrowb9@jigsy.com,303-367-3441,273 Grim Center,Aurora,Colorado,80044
CROCODSHR108,Croton,Codiaeum variegatum,Large Shrub,HB2000,Holly Berry Tree Emporium,1/2/2022,15.99,1,15.99,3402,Abbie Holsey,aholseyl0@wix.com,562-716-5380,79 Florence Point,Los Angeles,California,90071
CROCODSHR108,Croton,Codiaeum variegatum,Large Shrub,HB2000,Holly Berry Tree Emporium,1/8/2022,15.99,5,79.95,2313,Abner Crowch,acrowchox@blogger.com,619-379-0901,4599 John Wall Alley,San Diego,California,92170
CROCODSHR108,Croton,Codiaeum variegatum,Large Shrub,HB2000,Holly Berry Tree Emporium,1/8/2022,15.99,2,31.98,3548,Roderigo Anstie,ranstie17@wp.com,619-302-0240,82 Burning Wood Alley,San Diego,California,92137
CROCODSHR108,Croton,Codiaeum variegatum,Large Shrub,HB2000,Holly Berry Tree Emporium,1/8/2022,15.99,3,47.97,2536,Cristen Hitchens,chitchenset@opensource.org,310-555-2285,51 Packers Center,Inglewood,California,90310
CROCODSHR108,Croton,Codiaeum variegatum,Large Shrub,HB2000,Holly Berry Tree Emporium,1/13/2022,15.99,1,15.99,2335,Roi Marchand,rmarchandhj@google.ru,970-826-7483,46653 Lunder Circle,Greeley,Colorado,80638
DAHILETRE110,Dahoon Holly,Ilex cassine and cvs.,Medium Tree,HB2000,Holly Berry Tree Emporium,1/9/2022,15.99,3,47.97,2313,Abner Crowch,acrowchox@blogger.com,619-379-0901,4599 John Wall Alley,San Diego,California,92170
DAHILETRE110,Dahoon Holly,Ilex cassine and cvs.,Medium Tree,HB2000,Holly Berry Tree Emporium,1/10/2022,15.99,1,15.99,1543,Abramo Jentzsch,ajentzschl1@de.vu,559-235-1237,2398 Redwing Drive,Fullerton,California,92640
DAHILETRE110,Dahoon Holly,Ilex cassine and cvs.,Medium Tree,HB2000,Holly Berry Tree Emporium,1/13/2022,15.99,3,47.97,1439,Cristobal Pidon,cpidon69@feedburner.com,858-874-5305,2078 Sloan Hill,San Diego,California,92121
DAHILETRE110,Dahoon Holly,Ilex cassine and cvs.,Medium Tree,HB2000,Holly Berry Tree Emporium,1/16/2022,15.99,3,47.97,3055,Rollins Devil,rdevil97@feedburner.com,408-604-5195,69 Union Parkway,San Jose,California,95155
DATPHOPAL111,Date Palms,Phoenix spp.,Palm or Palm-Like,HB2000,Holly Berry Tree Emporium,1/12/2022,15.99,5,79.95,1543,Abramo Jentzsch,ajentzschl1@de.vu,559-235-1237,2398 Redwing Drive,Fullerton,California,92640
DATPHOPAL111,Date Palms,Phoenix spp.,Palm or Palm-Like,HB2000,Holly Berry Tree Emporium,1/17/2022,15.99,1,15.99,3306,Agnella Franceschielli,afranceschiellim1@linkedin.com,415-757-6185,754 Summerview Avenue,San Francisco,California,94116
DATPHOPAL111,Date Palms,Phoenix spp.,Palm or Palm-Like,HB2000,Holly Berry Tree Emporium,1/21/2022,15.99,3,47.97,3900,Rona Kunisch,rkunischfi@dion.ne.jp,415-514-3255,911 Prentice Trail,San Francisco,California,94132
DATPHOPAL111,Date Palms,Phoenix spp.,Palm or Palm-Like,HB2000,Holly Berry Tree Emporium,1/22/2022,15.99,1,15.99,3529,Curran Oaks,coaks1g@gravatar.com,760-980-3555,80955 Comanche Hill,San Bernardino,California,92415
DESSENTRE113,Desert Cassia,Senna polyphylla,Small Tree,HB2000,Holly Berry Tree Emporium,1/18/2022,15.99,5,79.95,3306,Agnella Franceschielli,afranceschiellim1@linkedin.com,415-757-6185,754 Summerview Avenue,San Francisco,California,94116
DESSENTRE113,Desert Cassia,Senna polyphylla,Small Tree,HB2000,Holly Berry Tree Emporium,1/25/2022,15.99,1,15.99,3739,Ajay Albers,aalbersq1@pbs.org,805-979-0372,887 Porter Road,Ventura,California,93005
DESSENTRE113,Desert Cassia,Senna polyphylla,Small Tree,HB2000,Holly Berry Tree Emporium,1/27/2022,15.99,1,15.99,2714,Cyrus Ranking,crankingmd@shareasale.com,916-748-6202,58 Goodland Drive,Sacramento,California,94230
DESSENTRE113,Desert Cassia,Senna polyphylla,Small Tree,HB2000,Holly Berry Tree Emporium,1/29/2022,15.99,3,47.97,2019,Ronalda Wisniowski,rwisniowskig8@baidu.com,714-171-9474,381 Carpenter Place,Anaheim,California,92812
DEVARATRE114,Devil’s Walkingstick,Aralia spinosa,Small Tree,HB2000,Holly Berry Tree Emporium,1/22/2022,15.99,5,79.95,3739,Ajay Albers,aalbersq1@pbs.org,805-979-0372,887 Porter Road,Ventura,California,93005
DEVARATRE114,Devil’s Walkingstick,Aralia spinosa,Small Tree,HB2000,Holly Berry Tree Emporium,1/28/2022,15.99,3,47.97,3210,Alejandra Abry,aabryaw@hibu.com,562-179-3866,715 Crescent Oaks Avenue,Long Beach,California,90831
DEVARATRE114,Devil’s Walkingstick,Aralia spinosa,Small Tree,HB2000,Holly Berry Tree Emporium,1/30/2022,15.99,2,31.98,1464,Ronny Knolles-Green,rknollesgreeno0@patch.com,415-551-4579,21549 Starling Parkway,San Francisco,California,94126
DEVARATRE114,Devil’s Walkingstick,Aralia spinosa,Small Tree,HB2000,Holly Berry Tree Emporium,1/31/2022,15.99,2,31.98,3915,Dalli Self,dself80@xing.com,661-840-4196,91896 Pawling Terrace,Lancaster,California,93584
DOWJASSHR115,Downy Jasmine,Jasminum multiflorum,Large Shrub,HB2000,Holly Berry Tree Emporium,1/29/2022,15.99,2,31.98,3210,Alejandra Abry,aabryaw@hibu.com,562-179-3866,715 Crescent Oaks Avenue,Long Beach,California,90831
FLADIAPER141,Flax Lily,Dianella spp.,Perennial,HP1000,Hansel and Petals,1/1/2022,10.99,2,21.98,3882,Abbey Cussins,acussinsax@bloomberg.com,480-770-1126,909 Dorton Drive,Phoenix,Arizona,85045
FLAPRUTRE140,Flatwoods Plum,Prunus umbellata,Small Tree,HB2000,Holly Berry Tree Emporium,1/3/2022,15.99,2,31.98,1483,Robby Drinkale,rdrinkale8z@tripod.com,209-943-7338,2203 Fordem Center,Fresno,California,93721
FLOCHOTRE146,Floss-Silk Tree,Chorisia speciosa,Large Tree,HB2000,Holly Berry Tree Emporium,1/26/2022,15.99,5,79.95,2019,Ronalda Wisniowski,rwisniowskig8@baidu.com,714-171-9474,381 Carpenter Place,Anaheim,California,92812
FLOFORTRE144,Florida Privet,Forestiera segregata,Small Tree,HB2000,Holly Berry Tree Emporium,1/15/2022,15.99,2,31.98,3055,Rollins Devil,rdevil97@feedburner.com,408-604-5195,69 Union Parkway,San Jose,California,95155
FLORHOSHR142,Florida Flame Azalea,Rhododendron austrinum,Large Shrub,HB2000,Holly Berry Tree Emporium,1/11/2022,15.99,5,79.95,3548,Roderigo Anstie,ranstie17@wp.com,619-302-0240,82 Burning Wood Alley,San Diego,California,92137
FLOTHRPAL145,Florida Thatch Palm,Thrinax radiata,Palm or Palm-Like,HB2000,Holly Berry Tree Emporium,1/24/2022,15.99,2,31.98,3900,Rona Kunisch,rkunischfi@dion.ne.jp,415-514-3255,911 Prentice Trail,San Francisco,California,94132
GAZGAZPER155,Gazania,Gazania spp.,Perennial,HP1000,Hansel and Petals,1/1/2022,10.99,3,32.97,1483,Robby Drinkale,rdrinkale8z@tripod.com,209-943-7338,2203 Fordem Center,Fresno,California,93721
GAZGAZPER155,Gazania,Gazania spp.,Perennial,HP1000,Hansel and Petals,1/15/2022,10.99,3,32.97,1534,Adams Zimmermanns,azimmermanns3x@feedburner.com,480-765-4865,2362 Grim Terrace,Gilbert,Arizona,85297
GLOGLOPER159,Gloriosa Lily,Gloriosa spp.,Perennial,HP1000,Hansel and Petals,1/10/2022,10.99,1,10.99,3548,Roderigo Anstie,ranstie17@wp.com,619-302-0240,82 Burning Wood Alley,San Diego,California,92137
GLOGLOPER159,Gloriosa Lily,Gloriosa spp.,Perennial,HP1000,Hansel and Petals,1/26/2022,10.99,3,32.97,3284,Aldin Walsh,awalshj1@dell.com,928-506-9720,7459 Messerschmidt Park,Mesa,Arizona,85210
GOLPACPER164,Golden Shrimp Plant,Pachystachys lutea,Perennial,HP1000,Hansel and Petals,1/18/2022,10.99,2,21.98,3055,Rollins Devil,rdevil97@feedburner.com,408-604-5195,69 Union Parkway,San Jose,California,95155
GOLPACPER164,Golden Shrimp Plant,Pachystachys lutea,Perennial,HP1000,Hansel and Petals,1/31/2022,10.99,2,21.98,3758,Alexandra Stamp,astampir@gizmodo.com,602-377-5957,8944 Luster Alley,Phoenix,Arizona,85035
GOLSOLPER165,Goldenrod,Solidago spp.,Perennial,HP1000,Hansel and Petals,1/23/2022,10.99,2,21.98,3900,Rona Kunisch,rkunischfi@dion.ne.jp,415-514-3255,911 Prentice Trail,San Francisco,California,94132
HELHELPER170,Heliconia,Heliconia spp.,Perennial,HP1000,Hansel and Petals,1/28/2022,10.99,1,10.99,2019,Ronalda Wisniowski,rwisniowskig8@baidu.com,714-171-9474,381 Carpenter Place,Anaheim,California,92812
JAPCEPTRE192,Japanese Plum Yew,Cephalotaxus harringtonia,Small Tree,HB2000,Holly Berry Tree Emporium,1/19/2022,25.99,1,25.99,3077,Romola O'Shiel,roshieldi@tiny.cc,203-194-8057,6964 Lindbergh Street,Bridgeport,Connecticut,6606
KINTHUSHR195,King’s Mantle,Thunbergia erecta,Large Shrub,HB2000,Holly Berry Tree Emporium,1/1/2022,25.99,2,51.98,1288,Karel Whitters,kwhittersma@wiley.com,213-922-0666,17783 Mosinee Circle,Los Angeles,California,90050
KINTHUSHR195,King’s Mantle,Thunbergia erecta,Large Shrub,HB2000,Holly Berry Tree Emporium,1/3/2022,25.99,2,51.98,1654,Cristen Elles,cellesgw@barnesandnoble.com,619-232-1557,2714 Walton Park,San Diego,California,92196
LADBRUSHR196,Lady of the Night,Brunfelsia americana,Small Shrub,HB2000,Holly Berry Tree Emporium,1/4/2022,25.99,3,77.97,3230,Keelby Bonnet,kbonnetmg@google.com.br,949-555-7810,72312 Luster Place,Los Angeles,California,90010
LADBRUSHR196,Lady of the Night,Brunfelsia americana,Small Shrub,HB2000,Holly Berry Tree Emporium,1/5/2022,25.99,2,51.98,2536,Cristen Hitchens,chitchenset@opensource.org,310-555-2285,51 Packers Center,Inglewood,California,90310
LADRHAPAL197,Lady Palm,Rhapis excelsa,Palm or Palm-Like,HB2000,Holly Berry Tree Emporium,1/13/2022,25.99,2,51.98,1339,Kenny Coffey,kcoffeych@posterous.com,909-623-5862,1944 Orin Plaza,Pomona,California,91797
LADRHAPAL197,Lady Palm,Rhapis excelsa,Palm or Palm-Like,HB2000,Holly Berry Tree Emporium,1/14/2022,25.99,2,51.98,1439,Cristobal Pidon,cpidon69@feedburner.com,858-874-5305,2078 Sloan Hill,San Diego,California,92121
LAUCOCSHR198,Laurelleaf Snailseed,Cocculus laurifolius,Large Shrub,HB2000,Holly Berry Tree Emporium,1/18/2022,25.99,3,77.97,1811,Kimberlyn Annett,kannett8p@wikia.com,213-310-6539,30672 Main Trail,Van Nuys,California,91499
LAUCOCSHR198,Laurelleaf Snailseed,Cocculus laurifolius,Large Shrub,HB2000,Holly Berry Tree Emporium,1/20/2022,25.99,2,51.98,3529,Curran Oaks,coaks1g@gravatar.com,760-980-3555,80955 Comanche Hill,San Bernardino,California,92415
LITSCHGRA206,Little Blue Stem Grass,Schizachyrium scoparium,Grass,PF3000,Plant Fernishings,1/4/2022,25.99,1,25.99,1483,Robby Drinkale,rdrinkale8z@tripod.com,209-943-7338,2203 Fordem Center,Fresno,California,93721
MAHDIDFER216,Mahogany Fern,Didymochlaena truncatula,Fern,PF3000,Plant Fernishings,1/9/2022,25.99,2,51.98,3548,Roderigo Anstie,ranstie17@wp.com,619-302-0240,82 Burning Wood Alley,San Diego,California,92137
MUHMUHGRA230,Muhly Grass,Muhlenbergia capillaris,Grass,PF3000,Plant Fernishings,1/17/2022,25.99,5,129.95,3055,Rollins Devil,rdevil97@feedburner.com,408-604-5195,69 Union Parkway,San Jose,California,95155
PANPANGRA245,Panic Grass,Panicum virgatum and cvs.,Grass,PF3000,Plant Fernishings,1/20/2022,25.99,5,129.95,3900,Rona Kunisch,rkunischfi@dion.ne.jp,415-514-3255,911 Prentice Trail,San Francisco,California,94132
PURERAGRA285,Purple Lovegrass,Eragrostis spectabilis,Grass,PF3000,Plant Fernishings,1/27/2022,25.99,2,51.98,2019,Ronalda Wisniowski,rwisniowskig8@baidu.com,714-171-9474,381 Carpenter Place,Anaheim,California,92812
RIVCHAGRA299,River Oats,Chasmanthium latifolium,Grass,PF3000,Plant Fernishings,1/30/2022,25.99,2,51.98,1993,Daisie Connelly,dconnelly6d@seattletimes.com,202-653-9458,3724 Stuart Place,Washington,District of Columbia,20546
RIVCHAGRA299,River Oats,Chasmanthium latifolium,Grass,PF3000,Plant Fernishings,1/31/2022,25.99,2,51.98,1464,Ronny Knolles-Green,rknollesgreeno0@patch.com,415-551-4579,21549 Starling Parkway,San Francisco,California,94126
SALSALPER311,Salvia,Salvia spp.,Perennial,HP1000,Hansel and Petals,1/16/2022,15.99,3,47.97,1985,Crosby Cowland,ccowlando4@mediafire.com,623-752-7927,37044 Tony Avenue,Scottsdale,Arizona,85260
SCOHELPER320,Scorpion Tail,Heliotropium angiospermum,Perennial,HP1000,Hansel and Petals,1/3/2022,15.99,2,31.98,3402,Abbie Holsey,aholseyl0@wix.com,562-716-5380,79 Florence Point,Los Angeles,California,90071
SCOHELPER320,Scorpion Tail,Heliotropium angiospermum,Perennial,HP1000,Hansel and Petals,1/17/2022,15.99,1,15.99,2415,Curran MacMichael,cmacmichael5y@businesswire.com,520-968-8763,4949 Hauk Road,Tucson,Arizona,85705
SHEALPPER324,Shell Ginger,Alpinia spp.,Perennial,HP1000,Hansel and Petals,1/6/2022,15.99,3,47.97,2313,Abner Crowch,acrowchox@blogger.com,619-379-0901,4599 John Wall Alley,San Diego,California,92170
SHRJUSPER327,Shrimp Plant,Justicia brandegeana,Perennial,HP1000,Hansel and Petals,1/11/2022,15.99,2,31.98,1543,Abramo Jentzsch,ajentzschl1@de.vu,559-235-1237,2398 Redwing Drive,Fullerton,California,92640
SOCTULPER335,Society Garlic,Tulbaghia violacea,Perennial,HP1000,Hansel and Petals,1/7/2022,15.99,2,31.98,3230,Keelby Bonnet,kbonnetmg@google.com.br,949-555-7810,72312 Luster Place,Los Angeles,California,90010
SOCTULPER335,Society Garlic,Tulbaghia violacea,Perennial,HP1000,Hansel and Petals,1/19/2022,15.99,2,31.98,3306,Agnella Franceschielli,afranceschiellim1@linkedin.com,415-757-6185,754 Summerview Avenue,San Francisco,California,94116
TASDICFER371,Tasmanian Tree Fern,Dicksonia antarctica,Fern,PF3000,Plant Fernishings,1/3/2022,25.99,2,51.98,2872,Kathryn Barnish,kbarnishc1@freewebs.com,251-128-7201,61830 Sheridan Alley,Mobile,Alabama,36616
TIGTHYGRA377,Tiger Grass,Thysanolaena maxima,Grass,PF3000,Plant Fernishings,1/29/2022,25.99,3,77.97,1336,Krysta Djurdjevic,kdjurdjevicim@harvard.edu,251-560-6231,1928 Moland Crossing,Mobile,Alabama,36628
VIRIRIPER388,Virginia Iris,Iris virginica,Perennial,HP1000,Hansel and Petals,1/10/2022,15.99,1,15.99,1339,Kenny Coffey,kcoffeych@posterous.com,909-623-5862,1944 Orin Plaza,Pomona,California,91797
VIRIRIPER388,Virginia Iris,Iris virginica,Perennial,HP1000,Hansel and Petals,1/24/2022,15.99,2,31.98,3739,Ajay Albers,aalbersq1@pbs.org,805-979-0372,887 Porter Road,Ventura,California,93005
VOOAMOPER390,Voodoo Lily,Amorphophallus spp.,Perennial,HP1000,Hansel and Petals,1/16/2022,15.99,2,31.98,1811,Kimberlyn Annett,kannett8p@wikia.com,213-310-6539,30672 Main Trail,Van Nuys,California,91499
VOOAMOPER390,Voodoo Lily,Amorphophallus spp.,Perennial,HP1000,Hansel and Petals,1/27/2022,15.99,5,79.95,3210,Alejandra Abry,aabryaw@hibu.com,562-179-3866,715 Crescent Oaks Avenue,Long Beach,California,90831
WALNEOPER391,Walking Iris,Neomarica gracilis,Perennial,HP1000,Hansel and Petals,1/22/2022,15.99,1,15.99,1152,Klara Cotton,kcotton95@youtube.com,310-102-0796,113 Lake View Road,Torrance,California,90505
WAXBEGPER394,Wax Begonia,Begonia Xsemperflorens-cultorum,Perennial,HP1000,Hansel and Petals,1/30/2022,12.99,2,25.98,3259,Laney Creagh,lcreagh2h@weather.com,818-613-5833,733 Elmside Road,Brea,California,92822
ZEBMISGRA423,Zebra Grass,Miscanthus sinensis,Grass,PF3000,Plant Fernishings,1/1/2022,9.99,3,29.97,1654,Cristen Elles,cellesgw@barnesandnoble.com,619-232-1557,2714 Walton Park,San Diego,California,92196
ZINZINANN424,Zinnia,Zinnia hybrids,Annuals,HP1000,Hansel and Petals,1/27/2022,6.99,2,13.98,1626,Klemens Bolf,kbolf8z@smh.com.au,602-682-9926,2633 Pond Lane,Phoenix,Arizona,85053
