﻿DetPlantID,Plant Name,Scientific Name,Plant Type,VendorID,Vendor,OrderDate,Price,QTY,SubTotal,CustomerID,CustomerName,CustomerEmail,CustomerPhone,CustomerAddress,CustomerCity,CustomerState,CustomerZip
AFRDIEPER1,African Iris,Dietes iridoides,Perennial,HP1000,Hansel and Petals,3/29/2022,25.99,3,77.97,3071,Sidonia Maffy,smaffyjj@nbcnews.com,805-401-3418,69473 Swallow Pass,San Luis Obispo,California,93407
AGEAGEANN2,Ageratum,Ageratum spp.,Annuals,HP1000,Hansel and Petals,3/31/2022,25.99,5,129.95,2684,Siffre Hellcat,shellcatj9@economist.com,559-122-7163,5667 Troy Way,Fresno,California,93704
ALEPTYPAL3,Alexander Palm,Ptychosperma elegans,Palm or Palm-Like,HB2000,Holly Berry Tree Emporium,3/5/2022,15.99,5,79.95,3079,Anastasie Lawlings,alawlings6s@cpanel.net,408-621-0348,6967 Schlimgen Way,San Jose,California,95108
ALEPTYPAL3,Alexander Palm,Ptychosperma elegans,Palm or Palm-Like,HB2000,Holly Berry Tree Emporium,3/9/2022,15.99,3,47.97,1156,Lillian Hartus,lhartus60@flickr.com,951-297-3669,1181 Oneill Lane,Corona,California,92878
ALOALOSHR5,Aloe,Aloe spp.,Small Shrub,HB2000,Holly Berry Tree Emporium,3/10/2022,15.99,2,31.98,2634,Anjanette Glendza,aglendzafn@istockphoto.com,619-749-4931,5407 Waxwing Point,San Diego,California,92191
ALOALOSHR5,Aloe,Aloe spp.,Small Shrub,HB2000,Holly Berry Tree Emporium,3/11/2022,15.99,2,31.98,1888,Lise Jacklin,ljacklinci@hatena.ne.jp,619-375-2080,333 Rowland Plaza,San Diego,California,92186
AMECARTRE11,American Hornbeam,Carpinus caroliniana,Medium Tree,HB2000,Holly Berry Tree Emporium,3/27/2022,15.99,5,79.95,3571,Arabella Cristoferi,acristoferid8@bigcartel.com,805-214-8929,82960 Glendale Lane,Simi Valley,California,93094
AMEILETRE9,American Holly,Ilex opaca,Medium Tree,HB2000,Holly Berry Tree Emporium,3/21/2022,15.99,1,15.99,2290,Anthiathia Dyos,adyosmh@sohu.com,408-396-6831,454 Fairfield Lane,San Jose,California,95173
AMEILETRE9,American Holly,Ilex opaca,Medium Tree,HB2000,Holly Berry Tree Emporium,3/29/2022,15.99,1,15.99,2910,Loutitia Cota,lcotaeq@prweb.com,510-783-2470,62921 Farwell Point,Oakland,California,94627
AMEOSTTRE10,American Hophornbeam,Ostrya virginiana,Medium Tree,HB2000,Holly Berry Tree Emporium,3/25/2022,15.99,3,47.97,1846,Antonin Howgate,ahowgatep8@nifty.com,619-820-5723,32 Vidon Alley,San Diego,California,92176
AMEULMTRE8,American Elm,Ulmus americana,Large Tree,HB2000,Holly Berry Tree Emporium,3/5/2022,15.99,3,47.97,1792,Lilith Hughes,lhughes8y@qq.com,602-833-7435,30 Surrey Trail,Phoenix,Arizona,85045
AMEULMTRE8,American Elm,Ulmus americana,Large Tree,HB2000,Holly Berry Tree Emporium,3/18/2022,15.99,5,79.95,2839,Anselm Broke,abrokeqg@ihg.com,213-335-1519,600 Anthes Crossing,Los Angeles,California,90050
AMEULMTRE8,American Elm,Ulmus americana,Large Tree,HB2000,Holly Berry Tree Emporium,3/20/2022,15.99,5,79.95,3532,Lisette Stelljes,lstelljes40@storify.com,209-471-0868,81 Southridge Point,Stockton,California,95219
AUTDRYGRO18,Autumn Fern,Dryopteris spp.,Groundcover,PF3000,Plant Fernishings,3/8/2022,5.99,3,17.97,3074,Ange Kieran,akieranps@naver.com,205-324-9179,696 Graceland Lane,Birmingham,Alabama,35295
BANMAGTRE28,Banana Shrub,Magnolia figo,Small Tree,HB2000,Holly Berry Tree Emporium,3/3/2022,15.99,5,79.95,3322,Lenette Tremellier,ltremellier83@hubpages.com,323-986-6784,76 Riverside Alley,Los Angeles,California,90040
BAYSURSHR29,Bay Cedar,Suriana maritima,Large Shrub,HB2000,Holly Berry Tree Emporium,3/10/2022,15.99,5,79.95,1156,Lillian Hartus,lhartus60@flickr.com,951-297-3669,1181 Oneill Lane,Corona,California,92878
BEACALSHR31,Beautyberry,Callicarpa americana,Large Shrub,HB2000,Holly Berry Tree Emporium,3/12/2022,15.99,5,79.95,1888,Lise Jacklin,ljacklinci@hatena.ne.jp,619-375-2080,333 Rowland Plaza,San Diego,California,92186
BIRSTRSHR33,Bird of Paradise,Strelitzia reginae,Small Shrub,HB2000,Holly Berry Tree Emporium,3/18/2022,15.99,2,31.98,3532,Lisette Stelljes,lstelljes40@storify.com,209-471-0868,81 Southridge Point,Stockton,California,95219
BIRSTRSHR33,Bird of Paradise,Strelitzia reginae,Small Shrub,HB2000,Holly Berry Tree Emporium,3/21/2022,15.99,2,31.98,2688,Sherwood Waddingham,swaddingham6c@businessweek.com,520-884-3493,57 Forster Street,Prescott,Arizona,86305
BISBISPAL34,Bismarck Palm,Bismarckia nobilis,Palm or Palm-Like,HB2000,Holly Berry Tree Emporium,3/27/2022,15.99,3,47.97,2910,Loutitia Cota,lcotaeq@prweb.com,510-783-2470,62921 Farwell Point,Oakland,California,94627
BLAGAIPER40,Blanket Flower,Gaillardia pulchella,Perennial,HP1000,Hansel and Petals,3/3/2022,15.99,5,79.95,3729,Darnell Lafee,dlafeemx@youtube.com,310-701-3699,8843 4th Park,Inglewood,California,90310
BLALIAPER41,Blazing Star,Liatris spp.,Perennial,HP1000,Hansel and Petals,3/4/2022,15.99,1,15.99,3729,Darnell Lafee,dlafeemx@youtube.com,310-701-3699,8843 4th Park,Inglewood,California,90310
BLALIAPER41,Blazing Star,Liatris spp.,Perennial,HP1000,Hansel and Petals,3/9/2022,15.99,5,79.95,1934,Darrel Taunton,dtauntond0@about.me,415-531-6315,35 Nobel Pass,San Francisco,California,94137
BLOHAEPER42,Blood Lily,Haemanthus multiflorus,Perennial,HP1000,Hansel and Petals,3/8/2022,15.99,1,15.99,1934,Darrel Taunton,dtauntond0@about.me,415-531-6315,35 Nobel Pass,San Francisco,California,94137
BLOHAEPER42,Blood Lily,Haemanthus multiflorus,Perennial,HP1000,Hansel and Petals,3/13/2022,15.99,5,79.95,2030,Debby McCourtie,dmccourtie4s@vistaprint.com,415-548-8883,3877 Debra Crossing,San Rafael,California,94913
BLUANDGRA46,Bluestem Grass,Andropogon spp.,Grass,PF3000,Plant Fernishings,3/14/2022,5.99,3,17.97,3731,Annie Walklott,awalklott49@independent.co.uk,205-524-0796,8848 Clove Lane,Tuscaloosa,Alabama,35487
BLUPHLPER44,Blue Phlox,Phlox divaricata,Perennial,HP1000,Hansel and Petals,3/15/2022,15.99,1,15.99,2030,Debby McCourtie,dmccourtie4s@vistaprint.com,415-548-8883,3877 Debra Crossing,San Rafael,California,94913
BLUPHLPER44,Blue Phlox,Phlox divaricata,Perennial,HP1000,Hansel and Petals,3/20/2022,15.99,2,31.98,1195,Debera McKinlay,dmckinlayoj@google.fr,818-617-4302,13228 American Street,Los Angeles,California,90065
BLUSISPER45,Blue-Eyed Grass,Sisyrinchium angustifolium,Perennial,HP1000,Hansel and Petals,3/21/2022,15.99,1,15.99,1195,Debera McKinlay,dmckinlayoj@google.fr,818-617-4302,13228 American Street,Los Angeles,California,90065
BLUSISPER45,Blue-Eyed Grass,Sisyrinchium angustifolium,Perennial,HP1000,Hansel and Petals,3/27/2022,15.99,5,79.95,2610,Deeann Poundesford,dpoundesfordd5@twitpic.com,310-468-9348,53409 Hayes Alley,Santa Monica,California,90405
BRITHRPAL53,Brittle Thatch Palm,Thrinax morrisii,Palm or Palm-Like,HB2000,Holly Berry Tree Emporium,3/6/2022,15.99,3,47.97,3729,Darnell Lafee,dlafeemx@youtube.com,310-701-3699,8843 4th Park,Inglewood,California,90310
BROBROPER54,Bromeliads,Bromeliaceae genera,Perennial,HP1000,Hansel and Petals,3/24/2022,15.99,1,15.99,2610,Deeann Poundesford,dpoundesfordd5@twitpic.com,310-468-9348,53409 Hayes Alley,Santa Monica,California,90405
BUCPSEPAL55,Buccaneer Palm,Pseudophoenix sargentii,Palm or Palm-Like,HB2000,Holly Berry Tree Emporium,3/11/2022,12.99,3,38.97,1934,Darrel Taunton,dtauntond0@about.me,415-531-6315,35 Nobel Pass,San Francisco,California,94137
BUCSIDTRE56,Buckthorn,Sideroxylon spp.,Small Tree,HB2000,Holly Berry Tree Emporium,3/16/2022,12.99,3,38.97,2030,Debby McCourtie,dmccourtie4s@vistaprint.com,415-548-8883,3877 Debra Crossing,San Rafael,California,94913
BUSALLSHR59,Bush Allamanda,Allamanda neriifolia,Large Shrub,HB2000,Holly Berry Tree Emporium,3/18/2022,12.99,3,38.97,1195,Debera McKinlay,dmckinlayoj@google.fr,818-617-4302,13228 American Street,Los Angeles,California,90065
BUSEURPER61,Bush Daisy,Euryops spp.,Perennial,HP1000,Hansel and Petals,3/4/2022,15.99,1,15.99,3079,Anastasie Lawlings,alawlings6s@cpanel.net,408-621-0348,6967 Schlimgen Way,San Jose,California,95108
BUSGAMSHR60,Bush Daisy,Gamolepis spp.,Small Shrub,HB2000,Holly Berry Tree Emporium,3/26/2022,12.99,3,38.97,2610,Deeann Poundesford,dpoundesfordd5@twitpic.com,310-468-9348,53409 Hayes Alley,Santa Monica,California,90405
BUSGAMSHR60,Bush Daisy,Gamolepis spp.,Small Shrub,HB2000,Holly Berry Tree Emporium,3/30/2022,12.99,5,64.95,2401,Delmore Stuart,dstuartil@dmoz.org,501-861-2262,49 Randy Junction,Little Rock,Arkansas,72204
BUTHEDPER63,Butterfly Lily,Hedychium spp.,Perennial,HP1000,Hansel and Petals,3/12/2022,15.99,2,31.98,2634,Anjanette Glendza,aglendzafn@istockphoto.com,619-749-4931,5407 Waxwing Point,San Diego,California,92191
CALCALPER67,Caladium,Caladium Xhortulanum,Perennial,HP1000,Hansel and Petals,3/1/2022,15.99,3,47.97,3322,Lenette Tremellier,ltremellier83@hubpages.com,323-986-6784,76 Riverside Alley,Los Angeles,California,90040
CALCALPER67,Caladium,Caladium Xhortulanum,Perennial,HP1000,Hansel and Petals,3/15/2022,15.99,1,15.99,2839,Anselm Broke,abrokeqg@ihg.com,213-335-1519,600 Anthes Crossing,Los Angeles,California,90050
CANCANPER69,Canna Lily,Canna spp.,Perennial,HP1000,Hansel and Petals,3/6/2022,15.99,3,47.97,1156,Lillian Hartus,lhartus60@flickr.com,951-297-3669,1181 Oneill Lane,Corona,California,92878
CANCANPER69,Canna Lily,Canna spp.,Perennial,HP1000,Hansel and Petals,3/19/2022,15.99,3,47.97,2290,Anthiathia Dyos,adyosmh@sohu.com,408-396-6831,454 Fairfield Lane,San Jose,California,95173
CANCANPER69,Canna Lily,Canna spp.,Perennial,HP1000,Hansel and Petals,3/23/2022,15.99,2,31.98,2857,Dedie Perelli,dperellihx@dagondesign.com,907-509-4716,61 Service Pass,Fairbanks,Alaska,99790
CARCARTRE75,Carpentaria Palm,Carpentaria acuminata,Medium Tree,HB2000,Holly Berry Tree Emporium,3/23/2022,15.99,1,15.99,3765,Lolita Dreschler,ldreschler65@reverbnation.com,501-259-0567,89785 Lake View Crossing,Little Rock,Arkansas,72209
CHEACASHR82,Chenille Plant,Acalypha hispida,Small Shrub,HB2000,Holly Berry Tree Emporium,3/1/2022,15.99,2,31.98,3729,Darnell Lafee,dlafeemx@youtube.com,310-701-3699,8843 4th Park,Inglewood,California,90310
CHICHITRE86,Chinese Fringetree,Chionanthus retusus,Small Tree,HB2000,Holly Berry Tree Emporium,3/25/2022,15.99,2,31.98,2610,Deeann Poundesford,dpoundesfordd5@twitpic.com,310-468-9348,53409 Hayes Alley,Santa Monica,California,90405
CHIJUNSHR88,Chinese Juniper,Juniperus chinensis and cvs.,Large Shrub,HB2000,Holly Berry Tree Emporium,3/31/2022,15.99,5,79.95,1532,Luca Arnaudon,larnaudonqm@uol.com.br,303-501-3272,236 Michigan Street,Denver,Colorado,80241
CHILIVPAL85,Chinese Fan Palm,Livistona spp.,Palm or Palm-Like,HB2000,Holly Berry Tree Emporium,3/19/2022,15.99,5,79.95,1195,Debera McKinlay,dmckinlayoj@google.fr,818-617-4302,13228 American Street,Los Angeles,California,90065
CHIPRUTRE83,Chickasaw Plum,Prunus angustifolia,Small Tree,HB2000,Holly Berry Tree Emporium,3/10/2022,15.99,2,31.98,1934,Darrel Taunton,dtauntond0@about.me,415-531-6315,35 Nobel Pass,San Francisco,California,94137
CHIULMTRE84,Chinese Elm,Ulmus parvifolia and cvs.,Large Tree,HB2000,Holly Berry Tree Emporium,3/17/2022,15.99,2,31.98,2030,Debby McCourtie,dmccourtie4s@vistaprint.com,415-548-8883,3877 Debra Crossing,San Rafael,California,94913
CORERYSHR100,Coral Bean,Erythrina herbacea,Large Shrub,HB2000,Holly Berry Tree Emporium,3/7/2022,15.99,2,31.98,1156,Lillian Hartus,lhartus60@flickr.com,951-297-3669,1181 Oneill Lane,Corona,California,92878
CORSPAGRA101,Cordgrass,Spartina spp.,Grasses,PF3000,Plant Fernishings,3/5/2022,5.99,3,17.97,3729,Darnell Lafee,dlafeemx@youtube.com,310-701-3699,8843 4th Park,Inglewood,California,90310
CORSPAGRA101,Cordgrass,Spartina spp.,Grasses,PF3000,Plant Fernishings,3/24/2022,5.99,2,11.98,2363,Lorain Siebert,lsiebertr7@vk.com,302-966-7244,4770 Orin Plaza,Wilmington,Delaware,19892
CRALAGTRE103,Crapemyrtle,Lagerstroemia indica,Medium Tree,HB2000,Holly Berry Tree Emporium,3/17/2022,15.99,1,15.99,3532,Lisette Stelljes,lstelljes40@storify.com,209-471-0868,81 Southridge Point,Stockton,California,95219
CRATABSHR102,Crape Jasmine,Tabernaemontana divaricata,Large Shrub,HB2000,Holly Berry Tree Emporium,3/14/2022,15.99,2,31.98,1888,Lise Jacklin,ljacklinci@hatena.ne.jp,619-375-2080,333 Rowland Plaza,San Diego,California,92186
CROCODSHR108,Croton,Codiaeum variegatum,Large Shrub,HB2000,Holly Berry Tree Emporium,3/28/2022,15.99,3,47.97,2910,Loutitia Cota,lcotaeq@prweb.com,510-783-2470,62921 Farwell Point,Oakland,California,94627
CURCURPER109,Curcuma,Curcuma spp.,Perennial,HP1000,Hansel and Petals,3/13/2022,15.99,3,47.97,1888,Lise Jacklin,ljacklinci@hatena.ne.jp,619-375-2080,333 Rowland Plaza,San Diego,California,92186
CURCURPER109,Curcuma,Curcuma spp.,Perennial,HP1000,Hansel and Petals,3/23/2022,15.99,5,79.95,1846,Antonin Howgate,ahowgatep8@nifty.com,619-820-5723,32 Vidon Alley,San Diego,California,92176
CURCURPER109,Curcuma,Curcuma spp.,Perennial,HP1000,Hansel and Petals,3/29/2022,15.99,2,31.98,1603,Delila Biddell,dbiddelljy@privacy.gov.au,907-593-4971,2599 Grayhawk Terrace,Juneau,Alaska,99812
DATPHOPAL111,Date Palms,Phoenix spp.,Palm or Palm-Like,HB2000,Holly Berry Tree Emporium,3/20/2022,15.99,5,79.95,2024,Sherill Heis,sheis9c@blogtalkradio.com,303-662-2285,383 Buell Park,Denver,Colorado,80279
DAYHEMPER112,Daylily,Hemerocallis spp.,Perennial,HP1000,Hansel and Petals,3/16/2022,15.99,2,31.98,3532,Lisette Stelljes,lstelljes40@storify.com,209-471-0868,81 Southridge Point,Stockton,California,95219
DAYHEMPER112,Daylily,Hemerocallis spp.,Perennial,HP1000,Hansel and Petals,3/29/2022,15.99,1,15.99,3571,Arabella Cristoferi,acristoferid8@bigcartel.com,805-214-8929,82960 Glendale Lane,Simi Valley,California,93094
DESSENTRE113,Desert Cassia,Senna polyphylla,Small Tree,HB2000,Holly Berry Tree Emporium,3/26/2022,15.99,5,79.95,3955,Sid Virgo,svirgol@noaa.gov,303-931-7922,9339 American Park,Aurora,Colorado,80044
DWAACAPER117,Dwarf Chenille Plant,Acalypha reptans,Perennial,HP1000,Hansel and Petals,3/26/2022,15.99,2,31.98,2910,Loutitia Cota,lcotaeq@prweb.com,510-783-2470,62921 Farwell Point,Oakland,California,94627
ELLERAGRA122,Elliott’s Lovegrass,Eragrostis elliottii,Grass,PF3000,Plant Fernishings,3/2/2022,5.99,1,5.99,3322,Lenette Tremellier,ltremellier83@hubpages.com,323-986-6784,76 Riverside Alley,Los Angeles,California,90040
ELLERAGRA122,Elliott’s Lovegrass,Eragrostis elliottii,Grass,PF3000,Plant Fernishings,3/7/2022,5.99,3,17.97,1934,Darrel Taunton,dtauntond0@about.me,415-531-6315,35 Nobel Pass,San Francisco,California,94137
EVEPASGRA126,Evergreen Paspalum,Paspalum quadrifarium,Grass,PF3000,Plant Fernishings,3/8/2022,5.99,1,5.99,1156,Lillian Hartus,lhartus60@flickr.com,951-297-3669,1181 Oneill Lane,Corona,California,92878
EVEPASGRA126,Evergreen Paspalum,Paspalum quadrifarium,Grass,PF3000,Plant Fernishings,3/14/2022,5.99,3,17.97,2030,Debby McCourtie,dmccourtie4s@vistaprint.com,415-548-8883,3877 Debra Crossing,San Rafael,California,94913
FAKTRIGRA128,Fakahatchee Grass,Tripsacum dactyloides,Grass,PF3000,Plant Fernishings,3/15/2022,5.99,1,5.99,1888,Lise Jacklin,ljacklinci@hatena.ne.jp,619-375-2080,333 Rowland Plaza,San Diego,California,92186
FAKTRIGRA128,Fakahatchee Grass,Tripsacum dactyloides,Grass,PF3000,Plant Fernishings,3/22/2022,5.99,3,17.97,1195,Debera McKinlay,dmckinlayoj@google.fr,818-617-4302,13228 American Street,Los Angeles,California,90065
FIDCITTRE131,Fiddlewood,Citharexylum spinosum,Small Tree,HB2000,Holly Berry Tree Emporium,3/2/2022,15.99,2,31.98,3729,Darnell Lafee,dlafeemx@youtube.com,310-701-3699,8843 4th Park,Inglewood,California,90310
FIRHAMSHR132,Firebush,Hamelia patens,Large Shrub,HB2000,Holly Berry Tree Emporium,3/1/2022,15.99,5,79.95,3647,Sara-ann Westby,swestby1v@msu.edu,510-778-1066,85117 Scott Center,Berkeley,California,94712
FIRHAMSHR132,Firebush,Hamelia patens,Large Shrub,HB2000,Holly Berry Tree Emporium,3/7/2022,15.99,2,31.98,3695,Andonis Barszczewski,abarszczewski6m@github.io,203-370-8808,8707 Eliot Crossing,Hartford,Connecticut,6105
FIRPYRSHR137,Firethorn,Pyracantha coccinea,Small Shrub,HB2000,Holly Berry Tree Emporium,3/6/2022,15.99,3,47.97,3079,Anastasie Lawlings,alawlings6s@cpanel.net,408-621-0348,6967 Schlimgen Way,San Jose,California,95108
FIRPYRSHR137,Firethorn,Pyracantha coccinea,Small Shrub,HB2000,Holly Berry Tree Emporium,3/14/2022,15.99,2,31.98,1322,Shaw Cawston,scawstoni0@imgur.com,626-739-5894,18809 Montana Circle,Pasadena,California,91117
FIRRUSSHR134,Firecracker Plant,Russelia equisetiformis,Small Shrub,HB2000,Holly Berry Tree Emporium,3/6/2022,15.99,1,15.99,1249,Sayres McAlindon,smcalindonb8@state.tx.us,209-389-2651,160 Raven Point,Stockton,California,95298
FIRRUSSHR134,Firecracker Plant,Russelia equisetiformis,Small Shrub,HB2000,Holly Berry Tree Emporium,3/31/2022,15.99,3,47.97,3201,Archy Crohan,acrohanbc@dell.com,203-870-1119,71 Huxley Pass,Fairfield,Connecticut,6825
FIRRUSSHR135,Firecracker Plant,Russelia sarmentosa,Small Shrub,HB2000,Holly Berry Tree Emporium,3/1/2022,15.99,1,15.99,2723,Amerigo Reck,areckkc@blogspot.com,619-758-5441,583 Glendale Hill,San Diego,California,92145
FIRRUSSHR135,Firecracker Plant,Russelia sarmentosa,Small Shrub,HB2000,Holly Berry Tree Emporium,3/11/2022,15.99,3,47.97,3870,Sharyl Brando,sbrando88@cpanel.net,619-235-3930,9007 Myrtle Center,San Diego,California,92170
FISCARPAL138,Fishtail Palm,Caryota mitis,Palm or Palm-Like,HB2000,Holly Berry Tree Emporium,3/3/2022,4.99,2,9.98,3079,Anastasie Lawlings,alawlings6s@cpanel.net,408-621-0348,6967 Schlimgen Way,San Jose,California,95108
FISCARPAL138,Fishtail Palm,Caryota mitis,Palm or Palm-Like,HB2000,Holly Berry Tree Emporium,3/11/2022,4.99,1,4.99,2634,Anjanette Glendza,aglendzafn@istockphoto.com,619-749-4931,5407 Waxwing Point,San Diego,California,92191
FISCARPAL138,Fishtail Palm,Caryota mitis,Palm or Palm-Like,HB2000,Holly Berry Tree Emporium,3/17/2022,4.99,2,9.98,3375,Shepherd Byas,sbyasnq@netvibes.com,213-844-8441,78 Dottie Street,Los Angeles,California,90087
FLAPRUTRE140,Flatwoods Plum,Prunus umbellata,Small Tree,HB2000,Holly Berry Tree Emporium,3/12/2022,15.99,2,31.98,1497,Daryl Wimbury,dwimburya7@nationalgeographic.com,860-145-2971,225 Ridge Oak Pass,Hartford,Connecticut,6145
FLAPRUTRE140,Flatwoods Plum,Prunus umbellata,Small Tree,HB2000,Holly Berry Tree Emporium,3/13/2022,15.99,5,79.95,2634,Anjanette Glendza,aglendzafn@istockphoto.com,619-749-4931,5407 Waxwing Point,San Diego,California,92191
FLAPRUTRE140,Flatwoods Plum,Prunus umbellata,Small Tree,HB2000,Holly Berry Tree Emporium,3/16/2022,15.99,3,47.97,2839,Anselm Broke,abrokeqg@ihg.com,213-335-1519,600 Anthes Crossing,Los Angeles,California,90050
FLAPRUTRE140,Flatwoods Plum,Prunus umbellata,Small Tree,HB2000,Holly Berry Tree Emporium,3/24/2022,15.99,2,31.98,2133,Sibelle Vassie,svassie59@cam.ac.uk,408-645-0310,40 Alpine Way,San Jose,California,95118
FLOCHOTRE146,Floss-Silk Tree,Chorisia speciosa,Large Tree,HB2000,Holly Berry Tree Emporium,3/28/2022,15.99,2,31.98,3571,Arabella Cristoferi,acristoferid8@bigcartel.com,805-214-8929,82960 Glendale Lane,Simi Valley,California,93094
FLOFORTRE144,Florida Privet,Forestiera segregata,Small Tree,HB2000,Holly Berry Tree Emporium,3/20/2022,15.99,3,47.97,2290,Anthiathia Dyos,adyosmh@sohu.com,408-396-6831,454 Fairfield Lane,San Jose,California,95173
FLOFORTRE144,Florida Privet,Forestiera segregata,Small Tree,HB2000,Holly Berry Tree Emporium,3/24/2022,15.99,2,31.98,1846,Antonin Howgate,ahowgatep8@nifty.com,619-820-5723,32 Vidon Alley,San Diego,California,92176
FLORHOSHR142,Florida Flame Azalea,Rhododendron austrinum,Large Shrub,HB2000,Holly Berry Tree Emporium,3/17/2022,15.99,2,31.98,2839,Anselm Broke,abrokeqg@ihg.com,213-335-1519,600 Anthes Crossing,Los Angeles,California,90050
FLORHOSHR142,Florida Flame Azalea,Rhododendron austrinum,Large Shrub,HB2000,Holly Berry Tree Emporium,3/22/2022,15.99,2,31.98,2290,Anthiathia Dyos,adyosmh@sohu.com,408-396-6831,454 Fairfield Lane,San Jose,California,95173
FLORHOSHR142,Florida Flame Azalea,Rhododendron austrinum,Large Shrub,HB2000,Holly Berry Tree Emporium,3/30/2022,15.99,1,15.99,3071,Sidonia Maffy,smaffyjj@nbcnews.com,805-401-3418,69473 Swallow Pass,San Luis Obispo,California,93407
FLOTHRPAL145,Florida Thatch Palm,Thrinax radiata,Palm or Palm-Like,HB2000,Holly Berry Tree Emporium,3/26/2022,15.99,2,31.98,1846,Antonin Howgate,ahowgatep8@nifty.com,619-820-5723,32 Vidon Alley,San Diego,California,92176
FLOTHRPAL145,Florida Thatch Palm,Thrinax radiata,Palm or Palm-Like,HB2000,Holly Berry Tree Emporium,3/30/2022,15.99,3,47.97,3571,Arabella Cristoferi,acristoferid8@bigcartel.com,805-214-8929,82960 Glendale Lane,Simi Valley,California,93094
FLOTRIGRA143,Florida Gama Grass,Tripsacum floridana,Grass,PF3000,Plant Fernishings,3/19/2022,5.99,3,17.97,3532,Lisette Stelljes,lstelljes40@storify.com,209-471-0868,81 Southridge Point,Stockton,California,95219
FLOTRIGRA143,Florida Gama Grass,Tripsacum floridana,Grass,PF3000,Plant Fernishings,3/28/2022,5.99,3,17.97,2610,Deeann Poundesford,dpoundesfordd5@twitpic.com,310-468-9348,53409 Hayes Alley,Santa Monica,California,90405
GIANEPGRO158,Giant Sword Fern,Nephrolepis biserrata,Groundcover,PF3000,Plant Fernishings,3/30/2022,5.99,2,11.98,2910,Loutitia Cota,lcotaeq@prweb.com,510-783-2470,62921 Farwell Point,Oakland,California,94627
JAMCAPTRE186,Jamaica Caper Tree,Capparis cynophallophora,Small Tree,HB2000,Holly Berry Tree Emporium,3/25/2022,25.99,5,129.95,1426,Lorena Dibb,ldibb9h@huffingtonpost.com,860-392-1809,20024 Stephen Trail,Hartford,Connecticut,6120
JAPBERSHR190,Japanese Barberry,Berberis thunbergii,Large Shrub,HB2000,Holly Berry Tree Emporium,3/3/2022,25.99,3,77.97,1249,Sayres McAlindon,smcalindonb8@state.tx.us,209-389-2651,160 Raven Point,Stockton,California,95298
JAPCEPTRE192,Japanese Plum Yew,Cephalotaxus harringtonia,Small Tree,HB2000,Holly Berry Tree Emporium,3/12/2022,25.99,5,129.95,1322,Shaw Cawston,scawstoni0@imgur.com,626-739-5894,18809 Montana Circle,Pasadena,California,91117
JAPELATRE191,Japanese Blueberry,Elaeocarpus decipiens,Medium Tree,HB2000,Holly Berry Tree Emporium,3/10/2022,25.99,3,77.97,3870,Sharyl Brando,sbrando88@cpanel.net,619-235-3930,9007 Myrtle Center,San Diego,California,92170
KENHOWPAL194,Kentia Palm,Howea forsterana,Palm or Palm-Like,HB2000,Holly Berry Tree Emporium,3/18/2022,25.99,1,25.99,3375,Shepherd Byas,sbyasnq@netvibes.com,213-844-8441,78 Dottie Street,Los Angeles,California,90087
KINTHUSHR195,King’s Mantle,Thunbergia erecta,Large Shrub,HB2000,Holly Berry Tree Emporium,3/25/2022,25.99,1,25.99,2133,Sibelle Vassie,svassie59@cam.ac.uk,408-645-0310,40 Alpine Way,San Jose,California,95118
LADBRUSHR196,Lady of the Night,Brunfelsia americana,Small Shrub,HB2000,Holly Berry Tree Emporium,3/28/2022,25.99,3,77.97,3071,Sidonia Maffy,smaffyjj@nbcnews.com,805-401-3418,69473 Swallow Pass,San Luis Obispo,California,93407
LITSCHGRA206,Little Blue Stem Grass,Schizachyrium scoparium,Grass,PF3000,Plant Fernishings,3/7/2022,25.99,2,51.98,1232,Selia Albrighton,salbrightonbf@paginegialle.it,202-636-8025,15 Welch Plaza,Washington,District of Columbia,20520
LITSCHGRA206,Little Blue Stem Grass,Schizachyrium scoparium,Grass,PF3000,Plant Fernishings,3/31/2022,25.99,2,51.98,3352,Demetrius O' Liddy,dofz@ftc.gov,205-983-4144,771 American Lane,Birmingham,Alabama,35254
MUHMUHGRA230,Muhly Grass,Muhlenbergia capillaris,Grass,PF3000,Plant Fernishings,3/9/2022,25.99,3,77.97,1711,Angelia Ferrarone,aferrarone2v@alexa.com,202-683-5543,29476 Sunnyside Lane,Washington,District of Columbia,20520
SALSALPER311,Salvia,Salvia spp.,Perennial,HP1000,Hansel and Petals,3/2/2022,15.99,3,47.97,3647,Sara-ann Westby,swestby1v@msu.edu,510-778-1066,85117 Scott Center,Berkeley,California,94712
SCOHELPER320,Scorpion Tail,Heliotropium angiospermum,Perennial,HP1000,Hansel and Petals,3/4/2022,15.99,2,31.98,1249,Sayres McAlindon,smcalindonb8@state.tx.us,209-389-2651,160 Raven Point,Stockton,California,95298
SHEALPPER324,Shell Ginger,Alpinia spp.,Perennial,HP1000,Hansel and Petals,3/8/2022,15.99,5,79.95,3870,Sharyl Brando,sbrando88@cpanel.net,619-235-3930,9007 Myrtle Center,San Diego,California,92170
SHRJUSPER327,Shrimp Plant,Justicia brandegeana,Perennial,HP1000,Hansel and Petals,3/13/2022,15.99,1,15.99,1322,Shaw Cawston,scawstoni0@imgur.com,626-739-5894,18809 Montana Circle,Pasadena,California,91117
SOCTULPER335,Society Garlic,Tulbaghia violacea,Perennial,HP1000,Hansel and Petals,3/19/2022,15.99,3,47.97,3375,Shepherd Byas,sbyasnq@netvibes.com,213-844-8441,78 Dottie Street,Los Angeles,California,90087
SWONEPGRO367,Sword Fern,Nephrolepis exaltata,Groundcover,PF3000,Plant Fernishings,3/5/2022,25.99,3,77.97,1249,Sayres McAlindon,smcalindonb8@state.tx.us,209-389-2651,160 Raven Point,Stockton,California,95298
TASDICFER371,Tasmanian Tree Fern,Dicksonia antarctica,Fern,PF3000,Plant Fernishings,3/9/2022,25.99,2,51.98,3870,Sharyl Brando,sbrando88@cpanel.net,619-235-3930,9007 Myrtle Center,San Diego,California,92170
TIGTHYGRA377,Tiger Grass,Thysanolaena maxima,Grass,PF3000,Plant Fernishings,3/15/2022,25.99,2,51.98,1322,Shaw Cawston,scawstoni0@imgur.com,626-739-5894,18809 Montana Circle,Pasadena,California,91117
VIRIRIPER388,Virginia Iris,Iris virginica,Perennial,HP1000,Hansel and Petals,3/22/2022,15.99,3,47.97,2133,Sibelle Vassie,svassie59@cam.ac.uk,408-645-0310,40 Alpine Way,San Jose,California,95118
VOOAMOPER390,Voodoo Lily,Amorphophallus spp.,Perennial,HP1000,Hansel and Petals,3/27/2022,15.99,2,31.98,3071,Sidonia Maffy,smaffyjj@nbcnews.com,805-401-3418,69473 Swallow Pass,San Luis Obispo,California,93407
WIRARIGRA412,Wiregrass,Aristida stricta var. beyrichiana,Grass,PF3000,Plant Fernishings,3/16/2022,9.99,3,29.97,3375,Shepherd Byas,sbyasnq@netvibes.com,213-844-8441,78 Dottie Street,Los Angeles,California,90087
WIRARIGRA412,Wiregrass,Aristida stricta var. beyrichiana,Grass,PF3000,Plant Fernishings,3/21/2022,9.99,3,29.97,3723,Lizzie Kiely,lkielyhx@abc.net.au,251-989-9816,883 Lyons Court,Mobile,Alabama,36628
ZEBMISGRA423,Zebra Grass,Miscanthus sinensis,Grass,PF3000,Plant Fernishings,3/22/2022,9.99,3,29.97,1217,Llewellyn Fromont,lfromonte9@de.vu,205-279-7028,14 Rowland Lane,Birmingham,Alabama,35244
ZEBMISGRA423,Zebra Grass,Miscanthus sinensis,Grass,PF3000,Plant Fernishings,3/23/2022,9.99,3,29.97,2133,Sibelle Vassie,svassie59@cam.ac.uk,408-645-0310,40 Alpine Way,San Jose,California,95118
ZINZINANN424,Zinnia,Zinnia hybrids,Annuals,HP1000,Hansel and Petals,3/2/2022,12.99,3,38.97,2723,Amerigo Reck,areckkc@blogspot.com,619-758-5441,583 Glendale Hill,San Diego,California,92145
ZINZINANN424,Zinnia,Zinnia hybrids,Annuals,HP1000,Hansel and Petals,3/4/2022,12.99,2,25.98,3322,Lenette Tremellier,ltremellier83@hubpages.com,323-986-6784,76 Riverside Alley,Los Angeles,California,90040
