﻿PopUpShopName,DetPlantID,Plant Name,Scientific Name,Plant Type,VendorID,Vendor,Price,QTY,SubTotal,CustomerID,CustomerName,CustomerEmail,CustomerPhone,CustomerAddress,CustomerCity,CustomerState,CustomerZip
Zone 4,FLADIAPER141,Flax Lily,Dianella spp.,Perennial,HP1000,Hansel and Petal,10.99,2,21.98,3882,Abbey Cussins,acussinsax@bloomberg.com,480-770-1126,909 Dorton Drive,Phoenix,Arizona,85045
Zone 4,CROCODSHR108,Croton,Codiaeum variegatum,Large Shrub,HB2000,Holly Berry Tree Emporium,15.99,1,15.99,3402,Abbie Holsey,aholseyl0@wix.com,562-716-5380,79 Florence Point,Los Angeles,California,90071
Zone 4,SCOHELPER320,Scorpion Tail,Heliotropium angiospermum,Perennial,HP1000,Hansel and Petal,15.99,2,31.98,3402,Abbie Holsey,aholseyl0@wix.com,562-716-5380,79 Florence Point,Los Angeles,California,90071
Zone 4,AMAHIPPER7,Amaryllis,Hippeastrum spp.,Perennial,HP1000,Hansel and Petal,25.99,3,77.97,3402,Abbie Holsey,aholseyl0@wix.com,562-716-5380,79 Florence Point,Los Angeles,California,90071
Zone 4,CRALAGTRE103,Crapemyrtle,Lagerstroemia indica,Medium Tree,HB2000,Holly Berry Tree Emporium,15.99,3,47.97,3402,Abbie Holsey,aholseyl0@wix.com,562-716-5380,79 Florence Point,Los Angeles,California,90071
Zone 4,SHEALPPER324,Shell Ginger,Alpinia spp.,Perennial,HP1000,Hansel and Petal,15.99,3,47.97,2313,Abner Crowch,acrowchox@blogger.com,619-379-0901,4599 John Wall Alley,San Diego,California,92170
Zone 4,ANGANGPER13,Angelonia,Angelonia angustifolia,Perennial,HP1000,Hansel and Petal,25.99,2,51.98,2313,Abner Crowch,acrowchox@blogger.com,619-379-0901,4599 John Wall Alley,San Diego,California,92170
Zone 4,CROCODSHR108,Croton,Codiaeum variegatum,Large Shrub,HB2000,Holly Berry Tree Emporium,15.99,5,79.95,2313,Abner Crowch,acrowchox@blogger.com,619-379-0901,4599 John Wall Alley,San Diego,California,92170
Zone 4,DAHILETRE110,Dahoon Holly,Ilex cassine and cvs.,Medium Tree,HB2000,Holly Berry Tree Emporium,15.99,3,47.97,2313,Abner Crowch,acrowchox@blogger.com,619-379-0901,4599 John Wall Alley,San Diego,California,92170
Zone 4,DAHILETRE110,Dahoon Holly,Ilex cassine and cvs.,Medium Tree,HB2000,Holly Berry Tree Emporium,15.99,1,15.99,1543,Abramo Jentzsch,ajentzschl1@de.vu,559-235-1237,2398 Redwing Drive,Fullerton,California,92640
Zone 4,SHRJUSPER327,Shrimp Plant,Justicia brandegeana,Perennial,HP1000,Hansel and Petal,15.99,2,31.98,1543,Abramo Jentzsch,ajentzschl1@de.vu,559-235-1237,2398 Redwing Drive,Fullerton,California,92640
Zone 4,DATPHOPAL111,Date Palms,Phoenix spp.,Palm or Palm-Like,HB2000,Holly Berry Tree Emporium,15.99,5,79.95,1543,Abramo Jentzsch,ajentzschl1@de.vu,559-235-1237,2398 Redwing Drive,Fullerton,California,92640
Zone 4,AZTSPRPER23,Aztec Lily,Sprekelia formosissima,Perennial,HP1000,Hansel and Petal,25.99,2,51.98,1543,Abramo Jentzsch,ajentzschl1@de.vu,559-235-1237,2398 Redwing Drive,Fullerton,California,92640
Zone 4,AUSSPHFER17,Australian Tree Fern,Sphaeropteris cooperi,Fern,PF3000,Plant Fernishings,5.99,3,17.97,3385,Adah Illyes,aillyesic@answers.com,251-142-1149,78175 Morningstar Place,Mobile,Alabama,36616
Zone 4,GAZGAZPER155,Gazania,Gazania spp.,Perennial,HP1000,Hansel and Petal,10.99,3,32.97,1534,Adams Zimmermanns,azimmermanns3x@feedburner.com,480-765-4865,2362 Grim Terrace,Gilbert,Arizona,85297
Zone 4,BEAHELPER30,Beach Sunflower,Helianthus debilis,Perennial,HP1000,Hansel and Petal,15.99,2,31.98,3306,Agnella Franceschielli,afranceschiellim1@linkedin.com,415-757-6185,754 Summerview Avenue,San Francisco,California,94116
Zone 4,DATPHOPAL111,Date Palms,Phoenix spp.,Palm or Palm-Like,HB2000,Holly Berry Tree Emporium,15.99,1,15.99,3306,Agnella Franceschielli,afranceschiellim1@linkedin.com,415-757-6185,754 Summerview Avenue,San Francisco,California,94116
Zone 4,DESSENTRE113,Desert Cassia,Senna polyphylla,Small Tree,HB2000,Holly Berry Tree Emporium,15.99,5,79.95,3306,Agnella Franceschielli,afranceschiellim1@linkedin.com,415-757-6185,754 Summerview Avenue,San Francisco,California,94116
Zone 4,SOCTULPER335,Society Garlic,Tulbaghia violacea,Perennial,HP1000,Hansel and Petal,15.99,2,31.98,3306,Agnella Franceschielli,afranceschiellim1@linkedin.com,415-757-6185,754 Summerview Avenue,San Francisco,California,94116
Zone 4,BUCSIDTRE56,Buckthorn,Sideroxylon spp.,Small Tree,HB2000,Holly Berry Tree Emporium,12.99,3,38.97,2918,Ailbert Brende,abrende6e@harvard.edu,501-867-6807,63 Raven Crossing,Little Rock,Arkansas,72204
Zone 4,BULBULPER58,Bulbine,Bulbine frutescens,Perennial,HP1000,Hansel and Petal,15.99,3,47.97,3009,Ailsun Gever,ageverpd@ft.com,907-578-1249,66891 Algoma Point,Anchorage,Alaska,99522
Zone 4,DEVARATRE114,Devil’s Walkingstick,Aralia spinosa,Small Tree,HB2000,Holly Berry Tree Emporium,15.99,5,79.95,3739,Ajay Albers,aalbersq1@pbs.org,805-979-0372,887 Porter Road,Ventura,California,93005
Zone 4,BLABELPER37,Blackberry Lily,Belamcanda chinensis,Perennial,HP1000,Hansel and Petal,15.99,2,31.98,3739,Ajay Albers,aalbersq1@pbs.org,805-979-0372,887 Porter Road,Ventura,California,93005
Zone 4,VIRIRIPER388,Virginia Iris,Iris virginica,Perennial,HP1000,Hansel and Petal,15.99,2,31.98,3739,Ajay Albers,aalbersq1@pbs.org,805-979-0372,887 Porter Road,Ventura,California,93005
Zone 4,DESSENTRE113,Desert Cassia,Senna polyphylla,Small Tree,HB2000,Holly Berry Tree Emporium,15.99,1,15.99,3739,Ajay Albers,aalbersq1@pbs.org,805-979-0372,887 Porter Road,Ventura,California,93005
Zone 4,GLOGLOPER159,Gloriosa Lily,Gloriosa spp.,Perennial,HP1000,Hansel and Petal,10.99,3,32.97,3284,Aldin Walsh,awalshj1@dell.com,928-506-9720,7459 Messerschmidt Park,Mesa,Arizona,85210
Zone 4,VOOAMOPER390,Voodoo Lily,Amorphophallus spp.,Perennial,HP1000,Hansel and Petal,15.99,5,79.95,3210,Alejandra Abry,aabryaw@hibu.com,562-179-3866,715 Crescent Oaks Avenue,Long Beach,California,90831
Zone 4,DEVARATRE114,Devil’s Walkingstick,Aralia spinosa,Small Tree,HB2000,Holly Berry Tree Emporium,15.99,3,47.97,3210,Alejandra Abry,aabryaw@hibu.com,562-179-3866,715 Crescent Oaks Avenue,Long Beach,California,90831
Zone 4,DOWJASSHR115,Downy Jasmine,Jasminum multiflorum,Large Shrub,HB2000,Holly Berry Tree Emporium,15.99,2,31.98,3210,Alejandra Abry,aabryaw@hibu.com,562-179-3866,715 Crescent Oaks Avenue,Long Beach,California,90831
Zone 4,BLARUDANN38,Black-Eyed Susan,Rudbeckia hirta,Annuals,HP1000,Hansel and Petal,15.99,1,15.99,3210,Alejandra Abry,aabryaw@hibu.com,562-179-3866,715 Crescent Oaks Avenue,Long Beach,California,90831
Zone 4,GOLPACPER164,Golden Shrimp Plant,Pachystachys lutea,Perennial,HP1000,Hansel and Petal,10.99,2,21.98,3758,Alexandra Stamp,astampir@gizmodo.com,602-377-5957,8944 Luster Alley,Phoenix,Arizona,85035
Zone 4,BLAGAIPER40,Blanket Flower,Gaillardia pulchella,Perennial,HP1000,Hansel and Petal,15.99,3,47.97,3317,Alfie Dinse,adinsec8@cam.ac.uk,805-373-6557,76 7th Avenue,Simi Valley,California,93094
Zone 4,DOWJASSHR115,Downy Jasmine,Jasminum multiflorum,Large Shrub,HB2000,Holly Berry Tree Emporium,15.99,3,47.97,3317,Alfie Dinse,adinsec8@cam.ac.uk,805-373-6557,76 7th Avenue,Simi Valley,California,93094
Zone 4,WALNEOPER391,Walking Iris,Neomarica gracilis,Perennial,HP1000,Hansel and Petal,15.99,2,31.98,3317,Alfie Dinse,adinsec8@cam.ac.uk,805-373-6557,76 7th Avenue,Simi Valley,California,93094
Zone 4,DWASABSHR118,Dwarf Palmetto,Sabal minor,Large Shrub,HB2000,Holly Berry Tree Emporium,15.99,1,15.99,3317,Alfie Dinse,adinsec8@cam.ac.uk,805-373-6557,76 7th Avenue,Simi Valley,California,93094
Zone 4,GOLSOLPER165,Goldenrod,Solidago spp.,Perennial,HP1000,Hansel and Petal,10.99,5,54.95,1530,Alis Merlin,amerlindg@google.es,520-753-9555,2356 Mitchell Drive,Tucson,Arizona,85748
Zone 4,WAXBEGPER394,Wax Begonia,Begonia Xsemperflorens-cultorum,Perennial,HP1000,Hansel and Petal,12.99,1,12.99,3862,Alix Durrett,adurrettcr@de.vu,559-841-7710,90 Garrison Road,Fresno,California,93786
Zone 4,BLALIAPER41,Blazing Star,Liatris spp.,Perennial,HP1000,Hansel and Petal,15.99,3,47.97,3862,Alix Durrett,adurrettcr@de.vu,559-841-7710,90 Garrison Road,Fresno,California,93786
Zone 4,FETLYOSHR130,Fetterbush,Lyonia lucida,Small Shrub,HB2000,Holly Berry Tree Emporium,15.99,3,47.97,3862,Alix Durrett,adurrettcr@de.vu,559-841-7710,90 Garrison Road,Fresno,California,93786
Zone 4,DWASABSHR118,Dwarf Palmetto,Sabal minor,Large Shrub,HB2000,Holly Berry Tree Emporium,15.99,2,31.98,3862,Alix Durrett,adurrettcr@de.vu,559-841-7710,90 Garrison Road,Fresno,California,93786
Zone 4,FIDCITTRE131,Fiddlewood,Citharexylum spinosum,Small Tree,HB2000,Holly Berry Tree Emporium,15.99,2,31.98,3989,Allsun Meiner,ameinerrd@google.ca,415-345-5335,94886 Gateway Pass,San Francisco,California,94177
Zone 4,WHIGAUPER400,White Gaura,Gaura lindheimeri,Perennial,HP1000,Hansel and Petal,12.99,3,38.97,3989,Allsun Meiner,ameinerrd@google.ca,415-345-5335,94886 Gateway Pass,San Francisco,California,94177
Zone 4,BLOHAEPER42,Blood Lily,Haemanthus multiflorus,Perennial,HP1000,Hansel and Petal,15.99,5,79.95,3989,Allsun Meiner,ameinerrd@google.ca,415-345-5335,94886 Gateway Pass,San Francisco,California,94177
Zone 4,FETLYOSHR130,Fetterbush,Lyonia lucida,Small Shrub,HB2000,Holly Berry Tree Emporium,15.99,2,31.98,3989,Allsun Meiner,ameinerrd@google.ca,415-345-5335,94886 Gateway Pass,San Francisco,California,94177
Zone 4,FIDCITTRE131,Fiddlewood,Citharexylum spinosum,Small Tree,HB2000,Holly Berry Tree Emporium,15.99,3,47.97,3898,Allyn Hallowell,ahallowellf1@bluehost.com,916-846-1804,91066 Westport Terrace,Sacramento,California,94237
Zone 4,FIRHAMSHR132,Firebush,Hamelia patens,Large Shrub,HB2000,Holly Berry Tree Emporium,15.99,2,31.98,3898,Allyn Hallowell,ahallowellf1@bluehost.com,916-846-1804,91066 Westport Terrace,Sacramento,California,94237
Zone 4,WILLANPER407,Wild Sage,Lantana involucrata,Perennial,HP1000,Hansel and Petal,12.99,5,64.95,3898,Allyn Hallowell,ahallowellf1@bluehost.com,916-846-1804,91066 Westport Terrace,Sacramento,California,94237
Zone 4,BLUPHLPER44,Blue Phlox,Phlox divaricata,Perennial,HP1000,Hansel and Petal,15.99,1,15.99,3898,Allyn Hallowell,ahallowellf1@bluehost.com,916-846-1804,91066 Westport Terrace,Sacramento,California,94237
Zone 4,FIRHAMSHR132,Firebush,Hamelia patens,Large Shrub,HB2000,Holly Berry Tree Emporium,15.99,2,31.98,1287,Aloysia McErlaine,amcerlaineqm@admin.ch,951-406-7189,1774 Portage Junction,Riverside,California,92513
Zone 4,FIRRUSSHR134,Firecracker Plant,Russelia equisetiformis,Small Shrub,HB2000,Holly Berry Tree Emporium,15.99,3,47.97,1287,Aloysia McErlaine,amcerlaineqm@admin.ch,951-406-7189,1774 Portage Junction,Riverside,California,92513
Zone 4,BLUSISPER45,Blue-Eyed Grass,Sisyrinchium angustifolium,Perennial,HP1000,Hansel and Petal,15.99,3,47.97,1287,Aloysia McErlaine,amcerlaineqm@admin.ch,951-406-7189,1774 Portage Junction,Riverside,California,92513
Zone 4,WISTORANN413,Wishbone Flower,Torenia fournieri,Annuals,HP1000,Hansel and Petal,12.99,1,12.99,1287,Aloysia McErlaine,amcerlaineqm@admin.ch,951-406-7189,1774 Portage Junction,Riverside,California,92513
Zone 4,HELHELPER170,Heliconia,Heliconia spp.,Perennial,HP1000,Hansel and Petal,10.99,2,21.98,1114,Alphonso Grzelewski,agrzelewskimt@intel.com,520-953-8300,10105 Elka Hill,Tucson,Arizona,85720
Zone 4,BROBROPER54,Bromeliads,Bromeliaceae genera,Perennial,HP1000,Hansel and Petal,15.99,2,31.98,3562,Amerigo Garrelts,agarrelts6e@oaic.gov.au,415-190-3290,8252 Village Green Hill,San Francisco,California,94177
Zone 4,YELFLAPER420,Yellowtop,Flaveria linearis,Perennial,HP1000,Hansel and Petal,12.99,3,38.97,3562,Amerigo Garrelts,agarrelts6e@oaic.gov.au,415-190-3290,8252 Village Green Hill,San Francisco,California,94177
Zone 4,FIRRUSSHR134,Firecracker Plant,Russelia equisetiformis,Small Shrub,HB2000,Holly Berry Tree Emporium,15.99,5,79.95,3562,Amerigo Garrelts,agarrelts6e@oaic.gov.au,415-190-3290,8252 Village Green Hill,San Francisco,California,94177
Zone 4,FIRRUSSHR135,Firecracker Plant,Russelia sarmentosa,Small Shrub,HB2000,Holly Berry Tree Emporium,15.99,3,47.97,3562,Amerigo Garrelts,agarrelts6e@oaic.gov.au,415-190-3290,8252 Village Green Hill,San Francisco,California,94177
Zone 4,BULBULPER58,Bulbine,Bulbine frutescens,Perennial,HP1000,Hansel and Petal,15.99,2,31.98,2723,Amerigo Reck,areckkc@blogspot.com,619-758-5441,583 Glendale Hill,San Diego,California,92145
Zone 4,FIRPYRSHR137,Firethorn,Pyracantha coccinea,Small Shrub,HB2000,Holly Berry Tree Emporium,15.99,5,79.95,2723,Amerigo Reck,areckkc@blogspot.com,619-758-5441,583 Glendale Hill,San Diego,California,92145
Zone 4,FIRRUSSHR135,Firecracker Plant,Russelia sarmentosa,Small Shrub,HB2000,Holly Berry Tree Emporium,15.99,1,15.99,2723,Amerigo Reck,areckkc@blogspot.com,619-758-5441,583 Glendale Hill,San Diego,California,92145
Zone 4,ZINZINANN424,Zinnia,Zinnia hybrids,Annuals,HP1000,Hansel and Petal,12.99,3,38.97,2723,Amerigo Reck,areckkc@blogspot.com,619-758-5441,583 Glendale Hill,San Diego,California,92145
Zone 4,FISCARPAL138,Fishtail Palm,Caryota mitis,Palm or Palm-Like,HB2000,Holly Berry Tree Emporium,4.99,2,9.98,3079,Anastasie Lawlings,alawlings6s@cpanel.net,408-621-0348,6967 Schlimgen Way,San Jose,California,95108
Zone 4,BUSEURPER61,Bush Daisy,Euryops spp.,Perennial,HP1000,Hansel and Petal,15.99,1,15.99,3079,Anastasie Lawlings,alawlings6s@cpanel.net,408-621-0348,6967 Schlimgen Way,San Jose,California,95108
Zone 4,ALEPTYPAL3,Alexander Palm,Ptychosperma elegans,Palm or Palm-Like,HB2000,Holly Berry Tree Emporium,15.99,5,79.95,3079,Anastasie Lawlings,alawlings6s@cpanel.net,408-621-0348,6967 Schlimgen Way,San Jose,California,95108
Zone 4,FIRPYRSHR137,Firethorn,Pyracantha coccinea,Small Shrub,HB2000,Holly Berry Tree Emporium,15.99,3,47.97,3079,Anastasie Lawlings,alawlings6s@cpanel.net,408-621-0348,6967 Schlimgen Way,San Jose,California,95108
Zone 4,FIRHAMSHR132,Firebush,Hamelia patens,Large Shrub,HB2000,Holly Berry Tree Emporium,15.99,2,31.98,3695,Andonis Barszczewski,abarszczewski6m@github.io,203-370-8808,8707 Eliot Crossing,Hartford,Connecticut,6105
Zone 4,AUTDRYGRO18,Autumn Fern,Dryopteris spp.,Groundcover,PF3000,Plant Fernishings,5.99,3,17.97,3074,Ange Kieran,akieranps@naver.com,205-324-9179,696 Graceland Lane,Birmingham,Alabama,35295
Zone 4,MUHMUHGRA230,Muhly Grass,Muhlenbergia capillaris,Grass,PF3000,Plant Fernishings,25.99,3,77.97,1711,Angelia Ferrarone,aferrarone2v@alexa.com,202-683-5543,29476 Sunnyside Lane,Washington,District of Columbia,20520
Zone 4,ALOALOSHR5,Aloe,Aloe spp.,Small Shrub,HB2000,Holly Berry Tree Emporium,15.99,2,31.98,2634,Anjanette Glendza,aglendzafn@istockphoto.com,619-749-4931,5407 Waxwing Point,San Diego,California,92191
Zone 4,FISCARPAL138,Fishtail Palm,Caryota mitis,Palm or Palm-Like,HB2000,Holly Berry Tree Emporium,4.99,1,4.99,2634,Anjanette Glendza,aglendzafn@istockphoto.com,619-749-4931,5407 Waxwing Point,San Diego,California,92191
Zone 4,BUTHEDPER63,Butterfly Lily,Hedychium spp.,Perennial,HP1000,Hansel and Petal,15.99,2,31.98,2634,Anjanette Glendza,aglendzafn@istockphoto.com,619-749-4931,5407 Waxwing Point,San Diego,California,92191
Zone 4,FLAPRUTRE140,Flatwoods Plum,Prunus umbellata,Small Tree,HB2000,Holly Berry Tree Emporium,15.99,5,79.95,2634,Anjanette Glendza,aglendzafn@istockphoto.com,619-749-4931,5407 Waxwing Point,San Diego,California,92191
Zone 4,BLUANDGRA46,Bluestem Grass,Andropogon spp.,Grass,PF3000,Plant Fernishings,5.99,3,17.97,3731,Annie Walklott,awalklott49@independent.co.uk,205-524-0796,8848 Clove Lane,Tuscaloosa,Alabama,35487
Zone 4,CALCALPER67,Caladium,Caladium Xhortulanum,Perennial,HP1000,Hansel and Petal,15.99,1,15.99,2839,Anselm Broke,abrokeqg@ihg.com,213-335-1519,600 Anthes Crossing,Los Angeles,California,90050
Zone 4,FLAPRUTRE140,Flatwoods Plum,Prunus umbellata,Small Tree,HB2000,Holly Berry Tree Emporium,15.99,3,47.97,2839,Anselm Broke,abrokeqg@ihg.com,213-335-1519,600 Anthes Crossing,Los Angeles,California,90050
Zone 4,FLORHOSHR142,Florida Flame Azalea,Rhododendron austrinum,Large Shrub,HB2000,Holly Berry Tree Emporium,15.99,2,31.98,2839,Anselm Broke,abrokeqg@ihg.com,213-335-1519,600 Anthes Crossing,Los Angeles,California,90050
Zone 4,AMEULMTRE8,American Elm,Ulmus americana,Large Tree,HB2000,Holly Berry Tree Emporium,15.99,5,79.95,2839,Anselm Broke,abrokeqg@ihg.com,213-335-1519,600 Anthes Crossing,Los Angeles,California,90050
Zone 4,CANCANPER69,Canna Lily,Canna spp.,Perennial,HP1000,Hansel and Petal,15.99,3,47.97,2290,Anthiathia Dyos,adyosmh@sohu.com,408-396-6831,454 Fairfield Lane,San Jose,California,95173
Zone 4,FLOFORTRE144,Florida Privet,Forestiera segregata,Small Tree,HB2000,Holly Berry Tree Emporium,15.99,3,47.97,2290,Anthiathia Dyos,adyosmh@sohu.com,408-396-6831,454 Fairfield Lane,San Jose,California,95173
Zone 4,AMEILETRE9,American Holly,Ilex opaca,Medium Tree,HB2000,Holly Berry Tree Emporium,15.99,1,15.99,2290,Anthiathia Dyos,adyosmh@sohu.com,408-396-6831,454 Fairfield Lane,San Jose,California,95173
Zone 4,FLORHOSHR142,Florida Flame Azalea,Rhododendron austrinum,Large Shrub,HB2000,Holly Berry Tree Emporium,15.99,2,31.98,2290,Anthiathia Dyos,adyosmh@sohu.com,408-396-6831,454 Fairfield Lane,San Jose,California,95173
Zone 4,CURCURPER109,Curcuma,Curcuma spp.,Perennial,HP1000,Hansel and Petal,15.99,5,79.95,1846,Antonin Howgate,ahowgatep8@nifty.com,619-820-5723,32 Vidon Alley,San Diego,California,92176
Zone 4,FLOFORTRE144,Florida Privet,Forestiera segregata,Small Tree,HB2000,Holly Berry Tree Emporium,15.99,2,31.98,1846,Antonin Howgate,ahowgatep8@nifty.com,619-820-5723,32 Vidon Alley,San Diego,California,92176
Zone 4,AMEOSTTRE10,American Hophornbeam,Ostrya virginiana,Medium Tree,HB2000,Holly Berry Tree Emporium,15.99,3,47.97,1846,Antonin Howgate,ahowgatep8@nifty.com,619-820-5723,32 Vidon Alley,San Diego,California,92176
Zone 4,FLOTHRPAL145,Florida Thatch Palm,Thrinax radiata,Palm or Palm-Like,HB2000,Holly Berry Tree Emporium,15.99,2,31.98,1846,Antonin Howgate,ahowgatep8@nifty.com,619-820-5723,32 Vidon Alley,San Diego,California,92176
Zone 4,AMECARTRE11,American Hornbeam,Carpinus caroliniana,Medium Tree,HB2000,Holly Berry Tree Emporium,15.99,5,79.95,3571,Arabella Cristoferi,acristoferid8@bigcartel.com,805-214-8929,82960 Glendale Lane,Simi Valley,California,93094
Zone 4,FLOCHOTRE146,Floss-Silk Tree,Chorisia speciosa,Large Tree,HB2000,Holly Berry Tree Emporium,15.99,2,31.98,3571,Arabella Cristoferi,acristoferid8@bigcartel.com,805-214-8929,82960 Glendale Lane,Simi Valley,California,93094
Zone 4,DAYHEMPER112,Daylily,Hemerocallis spp.,Perennial,HP1000,Hansel and Petal,15.99,1,15.99,3571,Arabella Cristoferi,acristoferid8@bigcartel.com,805-214-8929,82960 Glendale Lane,Simi Valley,California,93094
Zone 4,FLOTHRPAL145,Florida Thatch Palm,Thrinax radiata,Palm or Palm-Like,HB2000,Holly Berry Tree Emporium,15.99,3,47.97,3571,Arabella Cristoferi,acristoferid8@bigcartel.com,805-214-8929,82960 Glendale Lane,Simi Valley,California,93094
Zone 4,FIRRUSSHR134,Firecracker Plant,Russelia equisetiformis,Small Shrub,HB2000,Holly Berry Tree Emporium,15.99,3,47.97,3201,Archy Crohan,acrohanbc@dell.com,203-870-1119,71 Huxley Pass,Fairfield,Connecticut,6825
Zone 4,DWAACAPER117,Dwarf Chenille Plant,Acalypha reptans,Perennial,HP1000,Hansel and Petal,15.99,1,15.99,2252,Aridatha McEntagart,amcentagartde@bloglovin.com,408-992-2430,44 Milwaukee Parkway,San Jose,California,95194
Zone 4,ANGBRUSHR14,Angel’s Trumpet,Brugmansia Xcandida,Large Shrub,HB2000,Holly Berry Tree Emporium,15.99,5,79.95,2252,Aridatha McEntagart,amcentagartde@bloglovin.com,408-992-2430,44 Milwaukee Parkway,San Jose,California,95194
Zone 4,FLOCHOTRE146,Floss-Silk Tree,Chorisia speciosa,Large Tree,HB2000,Holly Berry Tree Emporium,15.99,3,47.97,2252,Aridatha McEntagart,amcentagartde@bloglovin.com,408-992-2430,44 Milwaukee Parkway,San Jose,California,95194
Zone 4,FLOCORTRE147,Flowering Dogwood,Cornus florida,Small Tree,HB2000,Holly Berry Tree Emporium,15.99,2,31.98,2252,Aridatha McEntagart,amcentagartde@bloglovin.com,408-992-2430,44 Milwaukee Parkway,San Jose,California,95194
Zone 4,HURLYCPER177,Hurricane Lily,Lycoris spp.,Perennial,HP1000,Hansel and Petal,10.99,2,21.98,2977,Ariel Kayne,akayne4c@japanpost.jp,602-146-2215,6549 Chinook Lane,Glendale,Arizona,85311
Zone 4,FALCONPER129,False Rosemary,Conradina spp.,Perennial,HP1000,Hansel and Petal,15.99,3,47.97,4001,Arvy Farris,afarris5j@mediafire.com,650-945-7231,9547 Butternut Street,San Jose,California,95113
Zone 4,FLOCORTRE147,Flowering Dogwood,Cornus florida,Small Tree,HB2000,Holly Berry Tree Emporium,15.99,3,47.97,4001,Arvy Farris,afarris5j@mediafire.com,650-945-7231,9547 Butternut Street,San Jose,California,95113
Zone 4,ARICUPTRE15,Arizona Cypress,Cupressus arizonica var.,Medium Tree,HB2000,Holly Berry Tree Emporium,15.99,2,31.98,4001,Arvy Farris,afarris5j@mediafire.com,650-945-7231,9547 Butternut Street,San Jose,California,95113
Zone 4,JABMYRTRE183,Jaboticaba,Myrciaria cauliflora,Small Tree,HB2000,Holly Berry Tree Emporium,15.99,1,15.99,4001,Arvy Farris,afarris5j@mediafire.com,650-945-7231,9547 Butternut Street,San Jose,California,95113
Zone 4,FIRCROPER133,Firecracker Flower,Crossandra spp.,Perennial,HP1000,Hansel and Petal,15.99,3,47.97,2369,Ashlee Haversham,ahaversham6f@abc.net.au,510-806-8861,48 Dayton Plaza,Oakland,California,94660
Zone 4,JACJACTRE184,Jacaranda,Jacaranda mimosifolia,Medium Tree,HB2000,Holly Berry Tree Emporium,15.99,3,47.97,2369,Ashlee Haversham,ahaversham6f@abc.net.au,510-806-8861,48 Dayton Plaza,Oakland,California,94660
Zone 4,JABMYRTRE183,Jaboticaba,Myrciaria cauliflora,Small Tree,HB2000,Holly Berry Tree Emporium,15.99,5,79.95,2369,Ashlee Haversham,ahaversham6f@abc.net.au,510-806-8861,48 Dayton Plaza,Oakland,California,94660
Zone 4,AVOPERTRE19,Avocado,Persea americana,Large Tree,HB2000,Holly Berry Tree Emporium,15.99,1,15.99,2369,Ashlee Haversham,ahaversham6f@abc.net.au,510-806-8861,48 Dayton Plaza,Oakland,California,94660
Zone 4,RUDRUDPER306,Rudbeckia,Rudbeckia fulgida,Perennial,HP1000,Hansel and Petal,15.99,2,31.98,2369,Ashlee Haversham,ahaversham6f@abc.net.au,510-806-8861,48 Dayton Plaza,Oakland,California,94660
Zone 4,JAMCAPTRE186,Jamaica Caper Tree,Capparis cynophallophora,Small Tree,HB2000,Holly Berry Tree Emporium,25.99,3,77.97,3583,Ashton Mansion,amansion85@china.com.cn,510-593-1754,8303 Golf Course Alley,Sacramento,California,95823
Zone 4,JACJACTRE184,Jacaranda,Jacaranda mimosifolia,Medium Tree,HB2000,Holly Berry Tree Emporium,15.99,2,31.98,3583,Ashton Mansion,amansion85@china.com.cn,510-593-1754,8303 Golf Course Alley,Sacramento,California,95823
Zone 4,FIRODOPER136,Firespike,Odontonema strictum,Perennial,HP1000,Hansel and Petal,15.99,2,31.98,3583,Ashton Mansion,amansion85@china.com.cn,510-593-1754,8303 Golf Course Alley,Sacramento,California,95823
Zone 4,SALSALPER311,Salvia,Salvia spp.,Perennial,HP1000,Hansel and Petal,15.99,5,79.95,3583,Ashton Mansion,amansion85@china.com.cn,510-593-1754,8303 Golf Course Alley,Sacramento,California,95823
Zone 4,AWAVIBTRE20,Awabuki Viburnum,Viburnum odoratissimum,Small Tree,HB2000,Holly Berry Tree Emporium,15.99,3,47.97,3583,Ashton Mansion,amansion85@china.com.cn,510-593-1754,8303 Golf Course Alley,Sacramento,California,95823
Zone 4,IMPIMPPER179,Impatiens,Impatiens spp.,Perennial,HP1000,Hansel and Petal,15.99,1,15.99,2733,Atalanta Arendsen,aarendsenpl@state.tx.us,520-937-8245,58789 Dayton Place,Prescott,Arizona,86305
Zone 4,MEXCUPPER222,Mexican Heather,Cuphea hyssopifolia,Perennial,HP1000,Hansel and Petal,15.99,2,31.98,1994,Aubree Pomphrey,apomphreyi1@narod.ru,520-969-5162,37345 Lakewood Terrace,Tucson,Arizona,85720
Zone 4,JAMCAPTRE186,Jamaica Caper Tree,Capparis cynophallophora,Small Tree,HB2000,Holly Berry Tree Emporium,25.99,5,129.95,2525,Aurea Bluschke,abluschkegz@narod.ru,408-265-6034,508 Graedel Plaza,San Jose,California,95123
Zone 4,SCOHELPER320,Scorpion Tail,Heliotropium angiospermum,Perennial,HP1000,Hansel and Petal,15.99,2,31.98,2525,Aurea Bluschke,abluschkegz@narod.ru,408-265-6034,508 Graedel Plaza,San Jose,California,95123
Zone 4,FLAJUSANN139,Flamingo Plant,Justicia carnea,Annuals,HP1000,Hansel and Petal,15.99,3,47.97,2525,Aurea Bluschke,abluschkegz@narod.ru,408-265-6034,508 Graedel Plaza,San Jose,California,95123
Zone 4,JAMPISTRE187,Jamaican Dogwood,Piscidia piscipula,Large Tree,HB2000,Holly Berry Tree Emporium,25.99,3,77.97,2525,Aurea Bluschke,abluschkegz@narod.ru,408-265-6034,508 Graedel Plaza,San Jose,California,95123
Zone 4,AZARHOSHR22,Azalea,Rhododendron cvs.,Large Shrub,HB2000,Holly Berry Tree Emporium,15.99,1,15.99,2525,Aurea Bluschke,abluschkegz@narod.ru,408-265-6034,508 Graedel Plaza,San Jose,California,95123
Zone 4,SHEALPPER324,Shell Ginger,Alpinia spp.,Perennial,HP1000,Hansel and Petal,15.99,5,79.95,1599,Barbabra Dows,bdowsh4@mozilla.com,619-105-8973,25824 Mccormick Trail,San Diego,California,92160
Zone 4,BAMBAMSHR25,Bamboo,Bambusa spp.,Large Shrub,HB2000,Holly Berry Tree Emporium,15.99,3,47.97,1599,Barbabra Dows,bdowsh4@mozilla.com,619-105-8973,25824 Mccormick Trail,San Diego,California,92160
Zone 4,FLADIAPER141,Flax Lily,Dianella spp.,Perennial,HP1000,Hansel and Petal,10.99,2,21.98,1599,Barbabra Dows,bdowsh4@mozilla.com,619-105-8973,25824 Mccormick Trail,San Diego,California,92160
Zone 4,JAPFATSHR188,Japanese Aralia,Fatsia japonica,Large Shrub,HB2000,Holly Berry Tree Emporium,25.99,3,77.97,1599,Barbabra Dows,bdowsh4@mozilla.com,619-105-8973,25824 Mccormick Trail,San Diego,California,92160
Zone 4,JAMPISTRE187,Jamaican Dogwood,Piscidia piscipula,Large Tree,HB2000,Holly Berry Tree Emporium,25.99,2,51.98,1599,Barbabra Dows,bdowsh4@mozilla.com,619-105-8973,25824 Mccormick Trail,San Diego,California,92160
Zone 4,BUSALLSHR59,Bush Allamanda,Allamanda neriifolia,Large Shrub,HB2000,Holly Berry Tree Emporium,12.99,1,12.99,2667,Barney Watkiss,bwatkiss66@zimbio.com,501-430-4091,5583 Mockingbird Court,Hot Springs National Park,Arkansas,71914
Zone 4,FIRRUSSHR135,Firecracker Plant,Russelia sarmentosa,Small Shrub,HB2000,Holly Berry Tree Emporium,15.99,2,31.98,1447,Baron Cusack,bcusackij@wp.com,203-205-0433,21 Killdeer Place,New Haven,Connecticut,6505
Zone 4,JAPBERSHR190,Japanese Barberry,Berberis thunbergii,Large Shrub,HB2000,Holly Berry Tree Emporium,25.99,3,77.97,3314,Bartholomew Casier,bcasier9v@tamu.edu,562-443-9696,75842 Laurel Junction,Whittier,California,90610
Zone 4,BAMCERPAL26,Bamboo Cycad,Ceratozamia hildae,Palm or Palm-Like,HB2000,Holly Berry Tree Emporium,15.99,1,15.99,3314,Bartholomew Casier,bcasier9v@tamu.edu,562-443-9696,75842 Laurel Junction,Whittier,California,90610
Zone 4,JAPFATSHR188,Japanese Aralia,Fatsia japonica,Large Shrub,HB2000,Holly Berry Tree Emporium,25.99,5,129.95,3314,Bartholomew Casier,bcasier9v@tamu.edu,562-443-9696,75842 Laurel Junction,Whittier,California,90610
Zone 4,GAZGAZPER155,Gazania,Gazania spp.,Perennial,HP1000,Hansel and Petal,10.99,3,32.97,3314,Bartholomew Casier,bcasier9v@tamu.edu,562-443-9696,75842 Laurel Junction,Whittier,California,90610
Zone 4,SHRJUSPER327,Shrimp Plant,Justicia brandegeana,Perennial,HP1000,Hansel and Petal,15.99,2,31.98,3314,Bartholomew Casier,bcasier9v@tamu.edu,562-443-9696,75842 Laurel Junction,Whittier,California,90610
Zone 4,JAPBERSHR190,Japanese Barberry,Berberis thunbergii,Large Shrub,HB2000,Holly Berry Tree Emporium,25.99,2,51.98,3676,Bastien Di Boldi,bdi6g@aol.com,951-107-0693,8642 Sutteridge Drive,San Bernardino,California,92410
Zone 4,JAPELATRE191,Japanese Blueberry,Elaeocarpus decipiens,Medium Tree,HB2000,Holly Berry Tree Emporium,25.99,3,77.97,3676,Bastien Di Boldi,bdi6g@aol.com,951-107-0693,8642 Sutteridge Drive,San Bernardino,California,92410
Zone 4,GLOGLOPER159,Gloriosa Lily,Gloriosa spp.,Perennial,HP1000,Hansel and Petal,10.99,2,21.98,3676,Bastien Di Boldi,bdi6g@aol.com,951-107-0693,8642 Sutteridge Drive,San Bernardino,California,92410
Zone 4,BANMUSTRE27,Banana,Musa spp.,Small Tree,HB2000,Holly Berry Tree Emporium,15.99,3,47.97,3676,Bastien Di Boldi,bdi6g@aol.com,951-107-0693,8642 Sutteridge Drive,San Bernardino,California,92410
Zone 4,SOCTULPER335,Society Garlic,Tulbaghia violacea,Perennial,HP1000,Hansel and Petal,15.99,5,79.95,3676,Bastien Di Boldi,bdi6g@aol.com,951-107-0693,8642 Sutteridge Drive,San Bernardino,California,92410
Zone 4,JAPCEPTRE192,Japanese Plum Yew,Cephalotaxus harringtonia,Small Tree,HB2000,Holly Berry Tree Emporium,25.99,2,51.98,2513,Beatrisa Drew-Clifton,bdrewclifton8y@nps.gov,310-348-7017,5010 Autumn Leaf Lane,Inglewood,California,90398
Zone 4,JAPELATRE191,Japanese Blueberry,Elaeocarpus decipiens,Medium Tree,HB2000,Holly Berry Tree Emporium,25.99,1,25.99,2513,Beatrisa Drew-Clifton,bdrewclifton8y@nps.gov,310-348-7017,5010 Autumn Leaf Lane,Inglewood,California,90398
Zone 4,VIRIRIPER388,Virginia Iris,Iris virginica,Perennial,HP1000,Hansel and Petal,15.99,2,31.98,2513,Beatrisa Drew-Clifton,bdrewclifton8y@nps.gov,310-348-7017,5010 Autumn Leaf Lane,Inglewood,California,90398
Zone 4,BANMAGTRE28,Banana Shrub,Magnolia figo,Small Tree,HB2000,Holly Berry Tree Emporium,15.99,3,47.97,2513,Beatrisa Drew-Clifton,bdrewclifton8y@nps.gov,310-348-7017,5010 Autumn Leaf Lane,Inglewood,California,90398
Zone 4,GOLPACPER164,Golden Shrimp Plant,Pachystachys lutea,Perennial,HP1000,Hansel and Petal,10.99,5,54.95,2513,Beatrisa Drew-Clifton,bdrewclifton8y@nps.gov,310-348-7017,5010 Autumn Leaf Lane,Inglewood,California,90398
Zone 4,BLUANDGRA46,Bluestem Grass,Andropogon spp.,Grass,PF3000,Plant Fernishings,5.99,3,17.97,2838,Becka Hegden,bhegden7x@scientificamerican.com,302-710-8827,60 Sauthoff Terrace,Newark,Delaware,19725
Zone 4,VOOAMOPER390,Voodoo Lily,Amorphophallus spp.,Perennial,HP1000,Hansel and Petal,15.99,2,31.98,1622,Bee Bockh,bbockhc0@jimdo.com,818-466-4284,26267 Esker Circle,Torrance,California,90510
Zone 4,JAPCEPTRE192,Japanese Plum Yew,Cephalotaxus harringtonia,Small Tree,HB2000,Holly Berry Tree Emporium,25.99,1,25.99,1622,Bee Bockh,bbockhc0@jimdo.com,818-466-4284,26267 Esker Circle,Torrance,California,90510
Zone 4,KENHOWPAL194,Kentia Palm,Howea forsterana,Palm or Palm-Like,HB2000,Holly Berry Tree Emporium,25.99,2,51.98,1622,Bee Bockh,bbockhc0@jimdo.com,818-466-4284,26267 Esker Circle,Torrance,California,90510
Zone 4,GOLSOLPER165,Goldenrod,Solidago spp.,Perennial,HP1000,Hansel and Petal,10.99,5,54.95,1622,Bee Bockh,bbockhc0@jimdo.com,818-466-4284,26267 Esker Circle,Torrance,California,90510
Zone 4,BAYSURSHR29,Bay Cedar,Suriana maritima,Large Shrub,HB2000,Holly Berry Tree Emporium,15.99,3,47.97,1622,Bee Bockh,bbockhc0@jimdo.com,818-466-4284,26267 Esker Circle,Torrance,California,90510
Zone 4,BRAPTEFER52,Bracken Fern,Pteridium aquilinum,Fern,PF3000,Plant Fernishings,5.99,3,17.97,1216,Benedicta Pioch,bpioch15@microsoft.com,251-318-9513,14 Quincy Junction,Mobile,Alabama,36622
Zone 4,BUSEURPER61,Bush Daisy,Euryops spp.,Perennial,HP1000,Hansel and Petal,15.99,1,15.99,3599,Benji Minkin,bminkinan@mtv.com,907-154-4319,8389 Superior Park,Fairbanks,Alaska,99790
Zone 4,BEACALSHR31,Beautyberry,Callicarpa americana,Large Shrub,HB2000,Holly Berry Tree Emporium,15.99,3,47.97,3232,Bentley Vynoll,bvynoll5o@gizmodo.com,415-153-7580,72439 Longview Point,San Francisco,California,94116
Zone 4,HELHELPER170,Heliconia,Heliconia spp.,Perennial,HP1000,Hansel and Petal,10.99,2,21.98,3232,Bentley Vynoll,bvynoll5o@gizmodo.com,415-153-7580,72439 Longview Point,San Francisco,California,94116
Zone 4,KENHOWPAL194,Kentia Palm,Howea forsterana,Palm or Palm-Like,HB2000,Holly Berry Tree Emporium,25.99,2,51.98,3232,Bentley Vynoll,bvynoll5o@gizmodo.com,415-153-7580,72439 Longview Point,San Francisco,California,94116
Zone 4,WALNEOPER391,Walking Iris,Neomarica gracilis,Perennial,HP1000,Hansel and Petal,15.99,5,79.95,3232,Bentley Vynoll,bvynoll5o@gizmodo.com,415-153-7580,72439 Longview Point,San Francisco,California,94116
Zone 4,KINTHUSHR195,King’s Mantle,Thunbergia erecta,Large Shrub,HB2000,Holly Berry Tree Emporium,25.99,3,77.97,3232,Bentley Vynoll,bvynoll5o@gizmodo.com,415-153-7580,72439 Longview Point,San Francisco,California,94116
Zone 4,WAXBEGPER394,Wax Begonia,Begonia Xsemperflorens-cultorum,Perennial,HP1000,Hansel and Petal,12.99,2,25.98,3371,Beret Sheerin,bsheerinu@php.net,805-933-1947,77890 Gina Terrace,San Luis Obispo,California,93407
Zone 4,LADBRUSHR196,Lady of the Night,Brunfelsia americana,Small Shrub,HB2000,Holly Berry Tree Emporium,25.99,2,51.98,3371,Beret Sheerin,bsheerinu@php.net,805-933-1947,77890 Gina Terrace,San Luis Obispo,California,93407
Zone 4,HURLYCPER177,Hurricane Lily,Lycoris spp.,Perennial,HP1000,Hansel and Petal,10.99,5,54.95,3371,Beret Sheerin,bsheerinu@php.net,805-933-1947,77890 Gina Terrace,San Luis Obispo,California,93407
Zone 4,BIRSTRSHR33,Bird of Paradise,Strelitzia reginae,Small Shrub,HB2000,Holly Berry Tree Emporium,15.99,3,47.97,3371,Beret Sheerin,bsheerinu@php.net,805-933-1947,77890 Gina Terrace,San Luis Obispo,California,93407
Zone 4,KINTHUSHR195,King’s Mantle,Thunbergia erecta,Large Shrub,HB2000,Holly Berry Tree Emporium,25.99,1,25.99,3371,Beret Sheerin,bsheerinu@php.net,805-933-1947,77890 Gina Terrace,San Luis Obispo,California,93407
Zone 4,BISBISPAL34,Bismarck Palm,Bismarckia nobilis,Palm or Palm-Like,HB2000,Holly Berry Tree Emporium,15.99,2,31.98,4119,Bern Hrishanok,bhrishanokd2@archive.org,626-269-0421,996 Victoria Drive,Pasadena,California,91186
Zone 4,LADBRUSHR196,Lady of the Night,Brunfelsia americana,Small Shrub,HB2000,Holly Berry Tree Emporium,25.99,3,77.97,4119,Bern Hrishanok,bhrishanokd2@archive.org,626-269-0421,996 Victoria Drive,Pasadena,California,91186
Zone 4,WHIGAUPER400,White Gaura,Gaura lindheimeri,Perennial,HP1000,Hansel and Petal,12.99,1,12.99,4119,Bern Hrishanok,bhrishanokd2@archive.org,626-269-0421,996 Victoria Drive,Pasadena,California,91186
Zone 4,IMPIMPPER179,Impatiens,Impatiens spp.,Perennial,HP1000,Hansel and Petal,15.99,2,31.98,4119,Bern Hrishanok,bhrishanokd2@archive.org,626-269-0421,996 Victoria Drive,Pasadena,California,91186
Zone 4,LADRHAPAL197,Lady Palm,Rhapis excelsa,Palm or Palm-Like,HB2000,Holly Berry Tree Emporium,25.99,5,129.95,4119,Bern Hrishanok,bhrishanokd2@archive.org,626-269-0421,996 Victoria Drive,Pasadena,California,91186
Zone 4,CINOSMFER90,Cinnamon Fern,Osmunda cinnamomea,Fern,PF3000,Plant Fernishings,5.99,3,17.97,1798,Betsy Buncombe,bbuncombeqn@goodreads.com,205-757-8485,30136 Fairview Hill,Birmingham,Alabama,35244
Zone 4,MEXTITANN224,Mexican Sunflower,Tithonia rotundiflora,Annuals,HP1000,Hansel and Petal,15.99,3,47.97,2254,Betty Hargerie,bhargeriehi@bandcamp.com,480-989-0446,44 Porter Road,Phoenix,Arizona,85040
Zone 4,BLAAVITRE35,Black Mangrove,Avicennia germinans,Medium Tree,HB2000,Holly Berry Tree Emporium,15.99,3,47.97,2968,Binky Escale,bescale84@ow.ly,310-350-1747,6507 Ridgeview Road,Los Angeles,California,90071
Zone 4,LAUCOCSHR198,Laurelleaf Snailseed,Cocculus laurifolius,Large Shrub,HB2000,Holly Berry Tree Emporium,25.99,2,51.98,2968,Binky Escale,bescale84@ow.ly,310-350-1747,6507 Ridgeview Road,Los Angeles,California,90071
Zone 4,MEXCUPPER222,Mexican Heather,Cuphea hyssopifolia,Perennial,HP1000,Hansel and Petal,15.99,5,79.95,2968,Binky Escale,bescale84@ow.ly,310-350-1747,6507 Ridgeview Road,Los Angeles,California,90071
Zone 4,WILLANPER407,Wild Sage,Lantana involucrata,Perennial,HP1000,Hansel and Petal,12.99,2,25.98,2968,Binky Escale,bescale84@ow.ly,310-350-1747,6507 Ridgeview Road,Los Angeles,California,90071
Zone 4,LADRHAPAL197,Lady Palm,Rhapis excelsa,Palm or Palm-Like,HB2000,Holly Berry Tree Emporium,25.99,1,25.99,2968,Binky Escale,bescale84@ow.ly,310-350-1747,6507 Ridgeview Road,Los Angeles,California,90071
Zone 4,MAHDIDFER216,Mahogany Fern,Didymochlaena truncatula,Fern,PF3000,Plant Fernishings,25.99,3,77.97,1699,Bird Chittenden,bchittendenot@e-recht24.de,202-884-7359,290 Columbus Parkway,Washington,District of Columbia,20380
Zone 4,CORSPAGRA101,Cordgrass,Spartina spp.,Grasses,PF3000,Plant Fernishings,5.99,1,5.99,1931,Birgitta Decourcy,bdecourcy5n@blogspot.com,251-377-1872,35 Arrowood Point,Mobile,Alabama,36628
Zone 4,CEDULMTRE77,Cedar Elm,Ulmus crassifolia,Large Tree,HB2000,Holly Berry Tree Emporium,15.99,2,31.98,1931,Birgitta Decourcy,bdecourcy5n@blogspot.com,251-377-1872,35 Arrowood Point,Mobile,Alabama,36628
Zone 4,BLABUCTRE36,Black Olive,Bucida buceras,Large Tree,HB2000,Holly Berry Tree Emporium,15.99,1,15.99,2250,Bob Chattington,bchattingtonkm@un.org,661-289-2097,44 Lakewood Gardens Plaza,Lancaster,California,93584
Zone 4,LAUCOCSHR198,Laurelleaf Snailseed,Cocculus laurifolius,Large Shrub,HB2000,Holly Berry Tree Emporium,25.99,5,129.95,2250,Bob Chattington,bchattingtonkm@un.org,661-289-2097,44 Lakewood Gardens Plaza,Lancaster,California,93584
Zone 4,AUSSPHFER17,Australian Tree Fern,Sphaeropteris cooperi,Fern,PF3000,Plant Fernishings,5.99,3,17.97,2250,Bob Chattington,bchattingtonkm@un.org,661-289-2097,44 Lakewood Gardens Plaza,Lancaster,California,93584
Zone 4,MEXTITANN224,Mexican Sunflower,Tithonia rotundiflora,Annuals,HP1000,Hansel and Petal,15.99,3,47.97,2250,Bob Chattington,bchattingtonkm@un.org,661-289-2097,44 Lakewood Gardens Plaza,Lancaster,California,93584
Zone 4,WISTORANN413,Wishbone Flower,Torenia fournieri,Annuals,HP1000,Hansel and Petal,12.99,2,25.98,2250,Bob Chattington,bchattingtonkm@un.org,661-289-2097,44 Lakewood Gardens Plaza,Lancaster,California,93584
Zone 4,AUTDRYGRO18,Autumn Fern,Dryopteris spp.,Groundcover,PF3000,Plant Fernishings,5.99,3,17.97,3611,Bondy Flint,bflintls@bloglovin.com,702-505-0627,840 Portage Point,Santa Barbara,California,93111
Zone 4,YELFLAPER420,Yellowtop,Flaveria linearis,Perennial,HP1000,Hansel and Petal,12.99,5,64.95,3611,Bondy Flint,bflintls@bloglovin.com,702-505-0627,840 Portage Point,Santa Barbara,California,93111
Zone 4,BLUQUETRE47,Bluff Oak,Quercus austrina,Large Tree,HB2000,Holly Berry Tree Emporium,15.99,1,15.99,3611,Bondy Flint,bflintls@bloglovin.com,702-505-0627,840 Portage Point,Santa Barbara,California,93111
Zone 4,RUDRUDPER306,Rudbeckia,Rudbeckia fulgida,Perennial,HP1000,Hansel and Petal,15.99,3,47.97,3611,Bondy Flint,bflintls@bloglovin.com,702-505-0627,840 Portage Point,Santa Barbara,California,93111
Zone 4,AUSSPHFER17,Australian Tree Fern,Sphaeropteris cooperi,Fern,PF3000,Plant Fernishings,5.99,2,11.98,3611,Bondy Flint,bflintls@bloglovin.com,702-505-0627,840 Portage Point,Santa Barbara,California,93111
Zone 4,BLUANDGRA46,Bluestem Grass,Andropogon spp.,Grass,PF3000,Plant Fernishings,5.99,3,17.97,1645,Bonni Hustings,bhustingsfb@furl.net,559-610-7607,27 Melby Terrace,Fresno,California,93750
Zone 4,BOTCALTRE48,Bottlebrush,Callistemon spp.,Small Tree,HB2000,Holly Berry Tree Emporium,15.99,3,47.97,1645,Bonni Hustings,bhustingsfb@furl.net,559-610-7607,27 Melby Terrace,Fresno,California,93750
Zone 4,AUTDRYGRO18,Autumn Fern,Dryopteris spp.,Groundcover,PF3000,Plant Fernishings,5.99,2,11.98,1645,Bonni Hustings,bhustingsfb@furl.net,559-610-7607,27 Melby Terrace,Fresno,California,93750
Zone 4,SALSALPER311,Salvia,Salvia spp.,Perennial,HP1000,Hansel and Petal,15.99,2,31.98,1645,Bonni Hustings,bhustingsfb@furl.net,559-610-7607,27 Melby Terrace,Fresno,California,93750
Zone 4,ZINZINANN424,Zinnia,Zinnia hybrids,Annuals,HP1000,Hansel and Petal,12.99,5,64.95,1645,Bonni Hustings,bhustingsfb@furl.net,559-610-7607,27 Melby Terrace,Fresno,California,93750
Zone 4,BLUANDGRA46,Bluestem Grass,Andropogon spp.,Grass,PF3000,Plant Fernishings,5.99,1,5.99,3884,Brady Medeway,bmedewaylp@dailymotion.com,415-848-8824,90986 Trailsway Crossing,San Francisco,California,94116
Zone 4,SCOHELPER320,Scorpion Tail,Heliotropium angiospermum,Perennial,HP1000,Hansel and Petal,15.99,5,79.95,3884,Brady Medeway,bmedewaylp@dailymotion.com,415-848-8824,90986 Trailsway Crossing,San Francisco,California,94116
Zone 4,BRAPTEFER52,Bracken Fern,Pteridium aquilinum,Fern,PF3000,Plant Fernishings,5.99,2,11.98,3884,Brady Medeway,bmedewaylp@dailymotion.com,415-848-8824,90986 Trailsway Crossing,San Francisco,California,94116
Zone 4,ALEPTYPAL3,Alexander Palm,Ptychosperma elegans,Palm or Palm-Like,HB2000,Holly Berry Tree Emporium,15.99,2,31.98,3884,Brady Medeway,bmedewaylp@dailymotion.com,415-848-8824,90986 Trailsway Crossing,San Francisco,California,94116
Zone 4,BOXSEVSHR51,Boxthorn,Severinia buxifolia,Large Shrub,HB2000,Holly Berry Tree Emporium,15.99,3,47.97,3884,Brady Medeway,bmedewaylp@dailymotion.com,415-848-8824,90986 Trailsway Crossing,San Francisco,California,94116
Zone 4,ALOALOSHR5,Aloe,Aloe spp.,Small Shrub,HB2000,Holly Berry Tree Emporium,15.99,1,15.99,3326,Brantley Nendick,bnendick5z@mtv.com,209-260-0008,760 Sage Center,Fresno,California,93726
Zone 4,SHEALPPER324,Shell Ginger,Alpinia spp.,Perennial,HP1000,Hansel and Petal,15.99,2,31.98,3326,Brantley Nendick,bnendick5z@mtv.com,209-260-0008,760 Sage Center,Fresno,California,93726
Zone 4,CINOSMFER90,Cinnamon Fern,Osmunda cinnamomea,Fern,PF3000,Plant Fernishings,5.99,5,29.95,3326,Brantley Nendick,bnendick5z@mtv.com,209-260-0008,760 Sage Center,Fresno,California,93726
Zone 4,BRAPTEFER52,Bracken Fern,Pteridium aquilinum,Fern,PF3000,Plant Fernishings,5.99,3,17.97,3326,Brantley Nendick,bnendick5z@mtv.com,209-260-0008,760 Sage Center,Fresno,California,93726
Zone 4,BRITHRPAL53,Brittle Thatch Palm,Thrinax morrisii,Palm or Palm-Like,HB2000,Holly Berry Tree Emporium,15.99,2,31.98,3326,Brantley Nendick,bnendick5z@mtv.com,209-260-0008,760 Sage Center,Fresno,California,93726
Zone 4,SHRJUSPER327,Shrimp Plant,Justicia brandegeana,Perennial,HP1000,Hansel and Petal,15.99,1,15.99,3693,Brear Barthod,bbarthode@sina.com.cn,323-448-0622,87 Namekagon Junction,Long Beach,California,90805
Zone 4,CINOSMFER90,Cinnamon Fern,Osmunda cinnamomea,Fern,PF3000,Plant Fernishings,5.99,3,17.97,3693,Brear Barthod,bbarthode@sina.com.cn,323-448-0622,87 Namekagon Junction,Long Beach,California,90805
Zone 4,BUCPSEPAL55,Buccaneer Palm,Pseudophoenix sargentii,Palm or Palm-Like,HB2000,Holly Berry Tree Emporium,12.99,5,64.95,3693,Brear Barthod,bbarthode@sina.com.cn,323-448-0622,87 Namekagon Junction,Long Beach,California,90805
Zone 4,CORSPAGRA101,Cordgrass,Spartina spp.,Grasses,PF3000,Plant Fernishings,5.99,2,11.98,3693,Brear Barthod,bbarthode@sina.com.cn,323-448-0622,87 Namekagon Junction,Long Beach,California,90805
Zone 4,AMEULMTRE8,American Elm,Ulmus americana,Large Tree,HB2000,Holly Berry Tree Emporium,15.99,3,47.97,3693,Brear Barthod,bbarthode@sina.com.cn,323-448-0622,87 Namekagon Junction,Long Beach,California,90805
Zone 4,RUDRUDPER306,Rudbeckia,Rudbeckia fulgida,Perennial,HP1000,Hansel and Petal,15.99,2,31.98,2755,Brian Crowther,bcrowthergs@cyberchimps.com,520-686-5167,59451 Onsgard Hill,Tucson,Arizona,85737
Zone 4,ELLERAGRA122,Elliott’s Lovegrass,Eragrostis elliottii,Grass,PF3000,Plant Fernishings,5.99,2,11.98,3271,Brigham Lampkin,blampkinw@ihg.com,858-289-4089,74 Oneill Point,San Diego,California,92110
Zone 4,AMEILETRE9,American Holly,Ilex opaca,Medium Tree,HB2000,Holly Berry Tree Emporium,15.99,3,47.97,3271,Brigham Lampkin,blampkinw@ihg.com,858-289-4089,74 Oneill Point,San Diego,California,92110
Zone 4,BUCSIDTRE56,Buckthorn,Sideroxylon spp.,Small Tree,HB2000,Holly Berry Tree Emporium,12.99,5,64.95,3271,Brigham Lampkin,blampkinw@ihg.com,858-289-4089,74 Oneill Point,San Diego,California,92110
Zone 4,CORSPAGRA101,Cordgrass,Spartina spp.,Grasses,PF3000,Plant Fernishings,5.99,3,17.97,3271,Brigham Lampkin,blampkinw@ihg.com,858-289-4089,74 Oneill Point,San Diego,California,92110
Zone 4,SOCTULPER335,Society Garlic,Tulbaghia violacea,Perennial,HP1000,Hansel and Petal,15.99,1,15.99,3271,Brigham Lampkin,blampkinw@ihg.com,858-289-4089,74 Oneill Point,San Diego,California,92110
Zone 4,BUSALLSHR59,Bush Allamanda,Allamanda neriifolia,Large Shrub,HB2000,Holly Berry Tree Emporium,12.99,5,64.95,3625,Brigitta Zanussii,bzanussii1p@usgs.gov,714-751-9372,84617 Oak Valley Road,Garden Grove,California,92645
Zone 4,ELLERAGRA122,Elliott’s Lovegrass,Eragrostis elliottii,Grass,PF3000,Plant Fernishings,5.99,3,17.97,3625,Brigitta Zanussii,bzanussii1p@usgs.gov,714-751-9372,84617 Oak Valley Road,Garden Grove,California,92645
Zone 4,VIRIRIPER388,Virginia Iris,Iris virginica,Perennial,HP1000,Hansel and Petal,15.99,1,15.99,3625,Brigitta Zanussii,bzanussii1p@usgs.gov,714-751-9372,84617 Oak Valley Road,Garden Grove,California,92645
Zone 4,AMEOSTTRE10,American Hophornbeam,Ostrya virginiana,Medium Tree,HB2000,Holly Berry Tree Emporium,15.99,3,47.97,3625,Brigitta Zanussii,bzanussii1p@usgs.gov,714-751-9372,84617 Oak Valley Road,Garden Grove,California,92645
Zone 4,EVEPASGRA126,Evergreen Paspalum,Paspalum quadrifarium,Grass,PF3000,Plant Fernishings,5.99,2,11.98,3625,Brigitta Zanussii,bzanussii1p@usgs.gov,714-751-9372,84617 Oak Valley Road,Garden Grove,California,92645
Zone 4,VOOAMOPER390,Voodoo Lily,Amorphophallus spp.,Perennial,HP1000,Hansel and Petal,15.99,3,47.97,1458,Brinna Suddock,bsuddock1z@oaic.gov.au,619-530-2876,21294 Artisan Crossing,San Diego,California,92191
Zone 4,AMECARTRE11,American Hornbeam,Carpinus caroliniana,Medium Tree,HB2000,Holly Berry Tree Emporium,15.99,3,47.97,1458,Brinna Suddock,bsuddock1z@oaic.gov.au,619-530-2876,21294 Artisan Crossing,San Diego,California,92191
Zone 4,BUSGAMSHR60,Bush Daisy,Gamolepis spp.,Small Shrub,HB2000,Holly Berry Tree Emporium,12.99,2,25.98,1458,Brinna Suddock,bsuddock1z@oaic.gov.au,619-530-2876,21294 Artisan Crossing,San Diego,California,92191
Zone 4,EVEPASGRA126,Evergreen Paspalum,Paspalum quadrifarium,Grass,PF3000,Plant Fernishings,5.99,2,11.98,1458,Brinna Suddock,bsuddock1z@oaic.gov.au,619-530-2876,21294 Artisan Crossing,San Diego,California,92191
Zone 4,FAKTRIGRA128,Fakahatchee Grass,Tripsacum dactyloides,Grass,PF3000,Plant Fernishings,5.99,1,5.99,1458,Brinna Suddock,bsuddock1z@oaic.gov.au,619-530-2876,21294 Artisan Crossing,San Diego,California,92191
Zone 4,ANGBRUSHR14,Angel’s Trumpet,Brugmansia Xcandida,Large Shrub,HB2000,Holly Berry Tree Emporium,15.99,2,31.98,3369,Brock Ottiwill,bottiwillnq@hatena.ne.jp,626-406-2166,77875 Vidon Pass,Alhambra,California,91841
Zone 4,BUTBUDSHR62,Butterfly Bush,Buddleia lindleyana,Large Shrub,HB2000,Holly Berry Tree Emporium,12.99,1,12.99,3369,Brock Ottiwill,bottiwillnq@hatena.ne.jp,626-406-2166,77875 Vidon Pass,Alhambra,California,91841
Zone 4,WALNEOPER391,Walking Iris,Neomarica gracilis,Perennial,HP1000,Hansel and Petal,15.99,3,47.97,3369,Brock Ottiwill,bottiwillnq@hatena.ne.jp,626-406-2166,77875 Vidon Pass,Alhambra,California,91841
Zone 4,FAKTRIGRA128,Fakahatchee Grass,Tripsacum dactyloides,Grass,PF3000,Plant Fernishings,5.99,5,29.95,3369,Brock Ottiwill,bottiwillnq@hatena.ne.jp,626-406-2166,77875 Vidon Pass,Alhambra,California,91841
Zone 4,FLOTRIGRA143,Florida Gama Grass,Tripsacum floridana,Grass,PF3000,Plant Fernishings,5.99,3,17.97,3369,Brock Ottiwill,bottiwillnq@hatena.ne.jp,626-406-2166,77875 Vidon Pass,Alhambra,California,91841
Zone 4,WAXBEGPER394,Wax Begonia,Begonia Xsemperflorens-cultorum,Perennial,HP1000,Hansel and Petal,12.99,2,25.98,1297,Brunhilda Wailes,bwailes4a@mac.com,213-147-9443,180 Myrtle Court,Los Angeles,California,90050
Zone 4,CARCALSHR71,Carolina Allspice,Calycanthus floridus,Large Shrub,HB2000,Holly Berry Tree Emporium,12.99,3,38.97,1297,Brunhilda Wailes,bwailes4a@mac.com,213-147-9443,180 Myrtle Court,Los Angeles,California,90050
Zone 4,ARICUPTRE15,Arizona Cypress,Cupressus arizonica var.,Medium Tree,HB2000,Holly Berry Tree Emporium,15.99,5,79.95,1297,Brunhilda Wailes,bwailes4a@mac.com,213-147-9443,180 Myrtle Court,Los Angeles,California,90050
Zone 4,GIANEPGRO158,Giant Sword Fern,Nephrolepis biserrata,Groundcover,PF3000,Plant Fernishings,5.99,3,17.97,1297,Brunhilda Wailes,bwailes4a@mac.com,213-147-9443,180 Myrtle Court,Los Angeles,California,90050
Zone 4,FLOTRIGRA143,Florida Gama Grass,Tripsacum floridana,Grass,PF3000,Plant Fernishings,5.99,2,11.98,1297,Brunhilda Wailes,bwailes4a@mac.com,213-147-9443,180 Myrtle Court,Los Angeles,California,90050
Zone 4,CENAGASHR80,Century Plant,Agave spp.,Large Shrub,HB2000,Holly Berry Tree Emporium,15.99,2,31.98,3750,Bryanty Issit,bissitbb@oaic.gov.au,205-871-2970,89 Dennis Place,Birmingham,Alabama,35285
Zone 4,ELLERAGRA122,Elliott’s Lovegrass,Eragrostis elliottii,Grass,PF3000,Plant Fernishings,5.99,1,5.99,3750,Bryanty Issit,bissitbb@oaic.gov.au,205-871-2970,89 Dennis Place,Birmingham,Alabama,35285
Zone 4,FIRPYRSHR137,Firethorn,Pyracantha coccinea,Small Shrub,HB2000,Holly Berry Tree Emporium,15.99,5,79.95,1223,Bryn Gulliford,bgulliforded@wordpress.com,203-246-1515,1453 Kim Circle,Waterbury,Connecticut,6726
Zone 4,EVEPASGRA126,Evergreen Paspalum,Paspalum quadrifarium,Grass,PF3000,Plant Fernishings,5.99,2,11.98,3003,Bryna Cumberpatch,bcumberpatchjr@auda.org.au,205-731-4813,6665 Marcy Street,Birmingham,Alabama,35225
Zone 4,CHAVITSHR81,Chaste Tree,Vitex agnus-castus,Large Shrub,HB2000,Holly Berry Tree Emporium,15.99,3,47.97,3003,Bryna Cumberpatch,bcumberpatchjr@auda.org.au,205-731-4813,6665 Marcy Street,Birmingham,Alabama,35225
Zone 4,CHEACASHR82,Chenille Plant,Acalypha hispida,Small Shrub,HB2000,Holly Berry Tree Emporium,15.99,1,15.99,3757,Buck Meiklam,bmeiklamiv@myspace.com,205-789-4928,8943 Rusk Drive,Birmingham,Alabama,35205
Zone 4,FAKTRIGRA128,Fakahatchee Grass,Tripsacum dactyloides,Grass,PF3000,Plant Fernishings,5.99,3,17.97,3757,Buck Meiklam,bmeiklamiv@myspace.com,205-789-4928,8943 Rusk Drive,Birmingham,Alabama,35205
Zone 4,HOLCYRGRO174,Holly Fern,Cyrtomium falcatum,Groundcover,PF3000,Plant Fernishings,5.99,3,17.97,3936,Burk Alvey,balveyf@vimeo.com,562-840-3997,92743 Emmet Terrace,Whittier,California,90610
Zone 4,WHIGAUPER400,White Gaura,Gaura lindheimeri,Perennial,HP1000,Hansel and Petal,12.99,2,25.98,3936,Burk Alvey,balveyf@vimeo.com,562-840-3997,92743 Emmet Terrace,Whittier,California,90610
Zone 4,GIANEPGRO158,Giant Sword Fern,Nephrolepis biserrata,Groundcover,PF3000,Plant Fernishings,5.99,2,11.98,3936,Burk Alvey,balveyf@vimeo.com,562-840-3997,92743 Emmet Terrace,Whittier,California,90610
Zone 4,AVOPERTRE19,Avocado,Persea americana,Large Tree,HB2000,Holly Berry Tree Emporium,15.99,5,79.95,3936,Burk Alvey,balveyf@vimeo.com,562-840-3997,92743 Emmet Terrace,Whittier,California,90610
Zone 4,CARRHASHR72,Carolina Buckthorn,Rhamnus caroliniana,Large Shrub,HB2000,Holly Berry Tree Emporium,12.99,3,38.97,3936,Burk Alvey,balveyf@vimeo.com,562-840-3997,92743 Emmet Terrace,Whittier,California,90610
Zone 4,LEAACRSHR199,Leather Fern,Acrostichum danaeifolium,Large Shrub,PF3000,Plant Fernishings,5.99,2,11.98,1467,Care Caccavella,ccaccavellaed@wordpress.org,415-280-1606,2162 Comanche Place,San Francisco,California,94154
Zone 4,HOLCYRGRO174,Holly Fern,Cyrtomium falcatum,Groundcover,PF3000,Plant Fernishings,5.99,1,5.99,1467,Care Caccavella,ccaccavellaed@wordpress.org,415-280-1606,2162 Comanche Place,San Francisco,California,94154
Zone 4,CARHALTRE74,Carolina Silverbell,Halesia carolina,Large Tree,HB2000,Holly Berry Tree Emporium,15.99,3,47.97,1467,Care Caccavella,ccaccavellaed@wordpress.org,415-280-1606,2162 Comanche Place,San Francisco,California,94154
Zone 4,WILLANPER407,Wild Sage,Lantana involucrata,Perennial,HP1000,Hansel and Petal,12.99,5,64.95,1467,Care Caccavella,ccaccavellaed@wordpress.org,415-280-1606,2162 Comanche Place,San Francisco,California,94154
Zone 4,AWAVIBTRE20,Awabuki Viburnum,Viburnum odoratissimum,Small Tree,HB2000,Holly Berry Tree Emporium,15.99,2,31.98,1467,Care Caccavella,ccaccavellaed@wordpress.org,415-280-1606,2162 Comanche Place,San Francisco,California,94154
Zone 4,LEAACRSHR199,Leather Fern,Acrostichum danaeifolium,Large Shrub,PF3000,Plant Fernishings,5.99,3,17.97,2978,Care Espinas,cespinasn4@nih.gov,707-572-2225,6553 Heath Terrace,Petaluma,California,94975
Zone 4,CARCARTRE75,Carpentaria Palm,Carpentaria acuminata,Medium Tree,HB2000,Holly Berry Tree Emporium,15.99,2,31.98,2978,Care Espinas,cespinasn4@nih.gov,707-572-2225,6553 Heath Terrace,Petaluma,California,94975
Zone 4,AZARHOSHR22,Azalea,Rhododendron cvs.,Large Shrub,HB2000,Holly Berry Tree Emporium,15.99,1,15.99,2978,Care Espinas,cespinasn4@nih.gov,707-572-2225,6553 Heath Terrace,Petaluma,California,94975
Zone 4,LEARUMGRO200,Leatherleaf Fern,Rumohra adiantiformis,Groundcover,PF3000,Plant Fernishings,5.99,5,29.95,2978,Care Espinas,cespinasn4@nih.gov,707-572-2225,6553 Heath Terrace,Petaluma,California,94975
Zone 4,WISTORANN413,Wishbone Flower,Torenia fournieri,Annuals,HP1000,Hansel and Petal,12.99,2,25.98,2978,Care Espinas,cespinasn4@nih.gov,707-572-2225,6553 Heath Terrace,Petaluma,California,94975
Zone 4,CHIPRUTRE83,Chickasaw Plum,Prunus angustifolia,Small Tree,HB2000,Holly Berry Tree Emporium,15.99,3,47.97,2591,Carl Dennistoun,cdennistounep@harvard.edu,251-244-6324,53 Buhler Hill,Mobile,Alabama,36622
Zone 4,FLOTRIGRA143,Florida Gama Grass,Tripsacum floridana,Grass,PF3000,Plant Fernishings,5.99,3,17.97,2591,Carl Dennistoun,cdennistounep@harvard.edu,251-244-6324,53 Buhler Hill,Mobile,Alabama,36622
Zone 4,BAMBAMSHR25,Bamboo,Bambusa spp.,Large Shrub,HB2000,Holly Berry Tree Emporium,15.99,2,31.98,3415,Carlie Stedman,cstedmanby@prnewswire.com,916-941-5428,795 Artisan Lane,Sacramento,California,94273
Zone 4,LEMCYMGRA201,Lemongrass,Cymbopogon citratus,Grass,PF3000,Plant Fernishings,5.99,2,11.98,3415,Carlie Stedman,cstedmanby@prnewswire.com,916-941-5428,795 Artisan Lane,Sacramento,California,94273
Zone 4,YELFLAPER420,Yellowtop,Flaveria linearis,Perennial,HP1000,Hansel and Petal,12.99,5,64.95,3415,Carlie Stedman,cstedmanby@prnewswire.com,916-941-5428,795 Artisan Lane,Sacramento,California,94273
Zone 4,LEARUMGRO200,Leatherleaf Fern,Rumohra adiantiformis,Groundcover,PF3000,Plant Fernishings,5.99,1,5.99,3415,Carlie Stedman,cstedmanby@prnewswire.com,916-941-5428,795 Artisan Lane,Sacramento,California,94273
Zone 4,CEDULMTRE77,Cedar Elm,Ulmus crassifolia,Large Tree,HB2000,Holly Berry Tree Emporium,15.99,3,47.97,3415,Carlie Stedman,cstedmanby@prnewswire.com,916-941-5428,795 Artisan Lane,Sacramento,California,94273
Zone 4,GIANEPGRO158,Giant Sword Fern,Nephrolepis biserrata,Groundcover,PF3000,Plant Fernishings,5.99,3,17.97,1919,Carlynn Bourthoumieux,cbourthoumieuxlg@behance.net,334-858-8369,345 Prentice Crossing,Montgomery,Alabama,36109
Zone 4,CHIULMTRE84,Chinese Elm,Ulmus parvifolia and cvs.,Large Tree,HB2000,Holly Berry Tree Emporium,15.99,1,15.99,1919,Carlynn Bourthoumieux,cbourthoumieuxlg@behance.net,334-858-8369,345 Prentice Crossing,Montgomery,Alabama,36109
Zone 4,CENAGASHR80,Century Plant,Agave spp.,Large Shrub,HB2000,Holly Berry Tree Emporium,15.99,1,15.99,3339,Carma Threlfall,cthrelfallih@loc.gov,714-103-8258,76462 Hintze Point,Irvine,California,92612
Zone 4,FISCARPAL138,Fishtail Palm,Caryota mitis,Palm or Palm-Like,HB2000,Holly Berry Tree Emporium,4.99,2,9.98,3339,Carma Threlfall,cthrelfallih@loc.gov,714-103-8258,76462 Hintze Point,Irvine,California,92612
Zone 4,BAMCERPAL26,Bamboo Cycad,Ceratozamia hildae,Palm or Palm-Like,HB2000,Holly Berry Tree Emporium,15.99,5,79.95,3339,Carma Threlfall,cthrelfallih@loc.gov,714-103-8258,76462 Hintze Point,Irvine,California,92612
Zone 4,LEMCYMGRA201,Lemongrass,Cymbopogon citratus,Grass,PF3000,Plant Fernishings,5.99,2,11.98,3339,Carma Threlfall,cthrelfallih@loc.gov,714-103-8258,76462 Hintze Point,Irvine,California,92612
Zone 4,LITSCHGRA206,Little Blue Stem Grass,Schizachyrium scoparium,Grass,PF3000,Plant Fernishings,25.99,3,77.97,3339,Carma Threlfall,cthrelfallih@loc.gov,714-103-8258,76462 Hintze Point,Irvine,California,92612
Zone 4,ZINZINANN424,Zinnia,Zinnia hybrids,Annuals,HP1000,Hansel and Petal,12.99,3,38.97,3339,Carma Threlfall,cthrelfallih@loc.gov,714-103-8258,76462 Hintze Point,Irvine,California,92612
Zone 4,MAHDIDFER216,Mahogany Fern,Didymochlaena truncatula,Fern,PF3000,Plant Fernishings,25.99,3,77.97,2924,Carmine Cruz,ccruzcn@ca.gov,415-232-2349,6334 Hazelcrest Crossing,San Francisco,California,94132
Zone 4,BANMUSTRE27,Banana,Musa spp.,Small Tree,HB2000,Holly Berry Tree Emporium,15.99,5,79.95,2924,Carmine Cruz,ccruzcn@ca.gov,415-232-2349,6334 Hazelcrest Crossing,San Francisco,California,94132
Zone 4,FLAPRUTRE140,Flatwoods Plum,Prunus umbellata,Small Tree,HB2000,Holly Berry Tree Emporium,15.99,2,31.98,2924,Carmine Cruz,ccruzcn@ca.gov,415-232-2349,6334 Hazelcrest Crossing,San Francisco,California,94132
Zone 4,ALEPTYPAL3,Alexander Palm,Ptychosperma elegans,Palm or Palm-Like,HB2000,Holly Berry Tree Emporium,15.99,3,47.97,2924,Carmine Cruz,ccruzcn@ca.gov,415-232-2349,6334 Hazelcrest Crossing,San Francisco,California,94132
Zone 4,LITSCHGRA206,Little Blue Stem Grass,Schizachyrium scoparium,Grass,PF3000,Plant Fernishings,25.99,2,51.98,2924,Carmine Cruz,ccruzcn@ca.gov,415-232-2349,6334 Hazelcrest Crossing,San Francisco,California,94132
Zone 4,CHAVITSHR81,Chaste Tree,Vitex agnus-castus,Large Shrub,HB2000,Holly Berry Tree Emporium,15.99,1,15.99,2924,Carmine Cruz,ccruzcn@ca.gov,415-232-2349,6334 Hazelcrest Crossing,San Francisco,California,94132
Zone 4,BUTHEDPER63,Butterfly Lily,Hedychium spp.,Perennial,HP1000,Hansel and Petal,15.99,2,31.98,2287,Carole Halliburton,challiburtonjx@wordpress.com,907-659-9515,452 Bowman Place,Anchorage,Alaska,99517
Zone 4,CHEACASHR82,Chenille Plant,Acalypha hispida,Small Shrub,HB2000,Holly Berry Tree Emporium,15.99,2,31.98,3999,Caryl Millyard,cmillyard19@google.fr,949-894-0365,95415 Hanson Trail,Irvine,California,92619
Zone 4,ALOALOSHR5,Aloe,Aloe spp.,Small Shrub,HB2000,Holly Berry Tree Emporium,15.99,3,47.97,3999,Caryl Millyard,cmillyard19@google.fr,949-894-0365,95415 Hanson Trail,Irvine,California,92619
Zone 4,MAHDIDFER216,Mahogany Fern,Didymochlaena truncatula,Fern,PF3000,Plant Fernishings,25.99,5,129.95,3999,Caryl Millyard,cmillyard19@google.fr,949-894-0365,95415 Hanson Trail,Irvine,California,92619
Zone 4,BANMAGTRE28,Banana Shrub,Magnolia figo,Small Tree,HB2000,Holly Berry Tree Emporium,15.99,2,31.98,3999,Caryl Millyard,cmillyard19@google.fr,949-894-0365,95415 Hanson Trail,Irvine,California,92619
Zone 4,MUHMUHGRA230,Muhly Grass,Muhlenbergia capillaris,Grass,PF3000,Plant Fernishings,25.99,1,25.99,3999,Caryl Millyard,cmillyard19@google.fr,949-894-0365,95415 Hanson Trail,Irvine,California,92619
Zone 4,FLORHOSHR142,Florida Flame Azalea,Rhododendron austrinum,Large Shrub,HB2000,Holly Berry Tree Emporium,15.99,3,47.97,3999,Caryl Millyard,cmillyard19@google.fr,949-894-0365,95415 Hanson Trail,Irvine,California,92619
Zone 4,HOLCYRGRO174,Holly Fern,Cyrtomium falcatum,Groundcover,PF3000,Plant Fernishings,5.99,5,29.95,1197,Charlena Lille,clillea8@nasa.gov,205-464-9921,13293 Macpherson Pass,Birmingham,Alabama,35215
Zone 4,CHILIVPAL85,Chinese Fan Palm,Livistona spp.,Palm or Palm-Like,HB2000,Holly Berry Tree Emporium,15.99,2,31.98,1197,Charlena Lille,clillea8@nasa.gov,205-464-9921,13293 Macpherson Pass,Birmingham,Alabama,35215
Zone 4,CALCALPER67,Caladium,Caladium Xhortulanum,Perennial,HP1000,Hansel and Petal,15.99,3,47.97,2324,Charlena Mayworth,cmayworthi2@time.com,907-364-6287,463 Trailsway Crossing,Juneau,Alaska,99812
Zone 4,FISCARPAL138,Fishtail Palm,Caryota mitis,Palm or Palm-Like,HB2000,Holly Berry Tree Emporium,4.99,3,14.97,4081,Cheri Gabriel,cgabrielaq@spotify.com,203-932-4595,98 Union Place,Stamford,Connecticut,6905
Zone 4,FLOFORTRE144,Florida Privet,Forestiera segregata,Small Tree,HB2000,Holly Berry Tree Emporium,15.99,5,79.95,2553,Chet Seage,cseageev@slate.com,619-147-1626,51645 Delladonna Circle,San Diego,California,92196
Zone 4,MUHMUHGRA230,Muhly Grass,Muhlenbergia capillaris,Grass,PF3000,Plant Fernishings,25.99,1,25.99,2553,Chet Seage,cseageev@slate.com,619-147-1626,51645 Delladonna Circle,San Diego,California,92196
Zone 4,PANPANGRA245,Panic Grass,Panicum virgatum and cvs.,Grass,PF3000,Plant Fernishings,25.99,3,77.97,2553,Chet Seage,cseageev@slate.com,619-147-1626,51645 Delladonna Circle,San Diego,California,92196
Zone 4,CHIPRUTRE83,Chickasaw Plum,Prunus angustifolia,Small Tree,HB2000,Holly Berry Tree Emporium,15.99,3,47.97,2553,Chet Seage,cseageev@slate.com,619-147-1626,51645 Delladonna Circle,San Diego,California,92196
Zone 4,BAYSURSHR29,Bay Cedar,Suriana maritima,Large Shrub,HB2000,Holly Berry Tree Emporium,15.99,2,31.98,2553,Chet Seage,cseageev@slate.com,619-147-1626,51645 Delladonna Circle,San Diego,California,92196
Zone 4,AMEULMTRE8,American Elm,Ulmus americana,Large Tree,HB2000,Holly Berry Tree Emporium,15.99,2,31.98,2553,Chet Seage,cseageev@slate.com,619-147-1626,51645 Delladonna Circle,San Diego,California,92196
Zone 4,BEACALSHR31,Beautyberry,Callicarpa americana,Large Shrub,HB2000,Holly Berry Tree Emporium,15.99,2,31.98,2724,Chev Lisett,clisetthb@icio.us,626-922-9441,583 Village Lane,Whittier,California,90605
Zone 4,PURERAGRA285,Purple Lovegrass,Eragrostis spectabilis,Grass,PF3000,Plant Fernishings,25.99,3,77.97,2724,Chev Lisett,clisetthb@icio.us,626-922-9441,583 Village Lane,Whittier,California,90605
Zone 4,AMEILETRE9,American Holly,Ilex opaca,Medium Tree,HB2000,Holly Berry Tree Emporium,15.99,2,31.98,2724,Chev Lisett,clisetthb@icio.us,626-922-9441,583 Village Lane,Whittier,California,90605
Zone 4,PANPANGRA245,Panic Grass,Panicum virgatum and cvs.,Grass,PF3000,Plant Fernishings,25.99,1,25.99,2724,Chev Lisett,clisetthb@icio.us,626-922-9441,583 Village Lane,Whittier,California,90605
Zone 4,FLOTHRPAL145,Florida Thatch Palm,Thrinax radiata,Palm or Palm-Like,HB2000,Holly Berry Tree Emporium,15.99,5,79.95,2724,Chev Lisett,clisetthb@icio.us,626-922-9441,583 Village Lane,Whittier,California,90605
Zone 4,CHIULMTRE84,Chinese Elm,Ulmus parvifolia and cvs.,Large Tree,HB2000,Holly Berry Tree Emporium,15.99,3,47.97,2724,Chev Lisett,clisetthb@icio.us,626-922-9441,583 Village Lane,Whittier,California,90605
Zone 4,RIVCHAGRA299,River Oats,Chasmanthium latifolium,Grass,PF3000,Plant Fernishings,25.99,3,77.97,4008,Chickie Pickover,cpickover2l@apache.org,760-123-9021,957 Florence Junction,Huntington Beach,California,92648
Zone 4,FLOCHOTRE146,Floss-Silk Tree,Chorisia speciosa,Large Tree,HB2000,Holly Berry Tree Emporium,15.99,5,79.95,4008,Chickie Pickover,cpickover2l@apache.org,760-123-9021,957 Florence Junction,Huntington Beach,California,92648
Zone 4,PURERAGRA285,Purple Lovegrass,Eragrostis spectabilis,Grass,PF3000,Plant Fernishings,25.99,1,25.99,4008,Chickie Pickover,cpickover2l@apache.org,760-123-9021,957 Florence Junction,Huntington Beach,California,92648
Zone 4,CHILIVPAL85,Chinese Fan Palm,Livistona spp.,Palm or Palm-Like,HB2000,Holly Berry Tree Emporium,15.99,1,15.99,4008,Chickie Pickover,cpickover2l@apache.org,760-123-9021,957 Florence Junction,Huntington Beach,California,92648
Zone 4,AMEOSTTRE10,American Hophornbeam,Ostrya virginiana,Medium Tree,HB2000,Holly Berry Tree Emporium,15.99,3,47.97,4008,Chickie Pickover,cpickover2l@apache.org,760-123-9021,957 Florence Junction,Huntington Beach,California,92648
Zone 4,BIRSTRSHR33,Bird of Paradise,Strelitzia reginae,Small Shrub,HB2000,Holly Berry Tree Emporium,15.99,2,31.98,4008,Chickie Pickover,cpickover2l@apache.org,760-123-9021,957 Florence Junction,Huntington Beach,California,92648
Zone 4,BISBISPAL34,Bismarck Palm,Bismarckia nobilis,Palm or Palm-Like,HB2000,Holly Berry Tree Emporium,15.99,5,79.95,3866,Christian Kluger,cklugerlg@sfgate.com,619-694-2511,90 Springview Alley,San Diego,California,92132
Zone 4,AMECARTRE11,American Hornbeam,Carpinus caroliniana,Medium Tree,HB2000,Holly Berry Tree Emporium,15.99,3,47.97,3866,Christian Kluger,cklugerlg@sfgate.com,619-694-2511,90 Springview Alley,San Diego,California,92132
Zone 4,RIVCHAGRA299,River Oats,Chasmanthium latifolium,Grass,PF3000,Plant Fernishings,25.99,2,51.98,3866,Christian Kluger,cklugerlg@sfgate.com,619-694-2511,90 Springview Alley,San Diego,California,92132
Zone 4,CHICHITRE86,Chinese Fringetree,Chionanthus retusus,Small Tree,HB2000,Holly Berry Tree Emporium,15.99,1,15.99,3866,Christian Kluger,cklugerlg@sfgate.com,619-694-2511,90 Springview Alley,San Diego,California,92132
Zone 4,FLOCORTRE147,Flowering Dogwood,Cornus florida,Small Tree,HB2000,Holly Berry Tree Emporium,15.99,2,31.98,3866,Christian Kluger,cklugerlg@sfgate.com,619-694-2511,90 Springview Alley,San Diego,California,92132
Zone 4,ROYOSMFER303,Royal Fern,Osmunda regalis,Fern,PF3000,Plant Fernishings,25.99,3,77.97,3866,Christian Kluger,cklugerlg@sfgate.com,619-694-2511,90 Springview Alley,San Diego,California,92132
Zone 4,BLAAVITRE35,Black Mangrove,Avicennia germinans,Medium Tree,HB2000,Holly Berry Tree Emporium,15.99,5,79.95,2178,Chrysler Chadwick,cchadwickg2@craigslist.org,661-262-2696,4171 Vidon Lane,Bakersfield,California,93399
Zone 4,ANGBRUSHR14,Angel’s Trumpet,Brugmansia Xcandida,Large Shrub,HB2000,Holly Berry Tree Emporium,15.99,3,47.97,2178,Chrysler Chadwick,cchadwickg2@craigslist.org,661-262-2696,4171 Vidon Lane,Bakersfield,California,93399
Zone 4,SALDISGRA310,Salt Grass,Distichlis spicata,Grass,PF3000,Plant Fernishings,25.99,3,77.97,2178,Chrysler Chadwick,cchadwickg2@craigslist.org,661-262-2696,4171 Vidon Lane,Bakersfield,California,93399
Zone 4,CHIILETRE87,Chinese Holly,Ilex cornuta and cvs.,Small Tree,HB2000,Holly Berry Tree Emporium,15.99,1,15.99,2178,Chrysler Chadwick,cchadwickg2@craigslist.org,661-262-2696,4171 Vidon Lane,Bakersfield,California,93399
Zone 4,JABMYRTRE183,Jaboticaba,Myrciaria cauliflora,Small Tree,HB2000,Holly Berry Tree Emporium,15.99,2,31.98,2178,Chrysler Chadwick,cchadwickg2@craigslist.org,661-262-2696,4171 Vidon Lane,Bakersfield,California,93399
Zone 4,ROYOSMFER303,Royal Fern,Osmunda regalis,Fern,PF3000,Plant Fernishings,25.99,2,51.98,2178,Chrysler Chadwick,cchadwickg2@craigslist.org,661-262-2696,4171 Vidon Lane,Bakersfield,California,93399
Zone 4,SOUADIFER337,Southern Maidenhair Fern,Adiantum capillus-veneris,Fern,PF3000,Plant Fernishings,25.99,3,77.97,3588,Chrysler Klemenz,cklemenzmn@ezinearticles.com,510-106-5346,8319 Dayton Trail,Oakland,California,94605
Zone 4,BLABUCTRE36,Black Olive,Bucida buceras,Large Tree,HB2000,Holly Berry Tree Emporium,15.99,5,79.95,3588,Chrysler Klemenz,cklemenzmn@ezinearticles.com,510-106-5346,8319 Dayton Trail,Oakland,California,94605
Zone 4,ARICUPTRE15,Arizona Cypress,Cupressus arizonica var.,Medium Tree,HB2000,Holly Berry Tree Emporium,15.99,3,47.97,3588,Chrysler Klemenz,cklemenzmn@ezinearticles.com,510-106-5346,8319 Dayton Trail,Oakland,California,94605
Zone 4,SALDISGRA310,Salt Grass,Distichlis spicata,Grass,PF3000,Plant Fernishings,25.99,2,51.98,3588,Chrysler Klemenz,cklemenzmn@ezinearticles.com,510-106-5346,8319 Dayton Trail,Oakland,California,94605
Zone 4,JACJACTRE184,Jacaranda,Jacaranda mimosifolia,Medium Tree,HB2000,Holly Berry Tree Emporium,15.99,2,31.98,3588,Chrysler Klemenz,cklemenzmn@ezinearticles.com,510-106-5346,8319 Dayton Trail,Oakland,California,94605
Zone 4,CHIJUNSHR88,Chinese Juniper,Juniperus chinensis and cvs.,Large Shrub,HB2000,Holly Berry Tree Emporium,15.99,1,15.99,3588,Chrysler Klemenz,cklemenzmn@ezinearticles.com,510-106-5346,8319 Dayton Trail,Oakland,California,94605
Zone 4,SOUADIFER337,Southern Maidenhair Fern,Adiantum capillus-veneris,Fern,PF3000,Plant Fernishings,25.99,2,51.98,3365,Claire Crowther,ccrowtherlf@huffingtonpost.com,626-327-6382,77619 Bay Plaza,Pasadena,California,91117
Zone 4,JAMCAPTRE186,Jamaica Caper Tree,Capparis cynophallophora,Small Tree,HB2000,Holly Berry Tree Emporium,25.99,2,51.98,3365,Claire Crowther,ccrowtherlf@huffingtonpost.com,626-327-6382,77619 Bay Plaza,Pasadena,California,91117
Zone 4,AVOPERTRE19,Avocado,Persea americana,Large Tree,HB2000,Holly Berry Tree Emporium,15.99,3,47.97,3365,Claire Crowther,ccrowtherlf@huffingtonpost.com,626-327-6382,77619 Bay Plaza,Pasadena,California,91117
Zone 4,BLUQUETRE47,Bluff Oak,Quercus austrina,Large Tree,HB2000,Holly Berry Tree Emporium,15.99,5,79.95,3365,Claire Crowther,ccrowtherlf@huffingtonpost.com,626-327-6382,77619 Bay Plaza,Pasadena,California,91117
Zone 4,CHRSENSHR89,Christmas Senna,Senna bicapsularis,Large Shrub,HB2000,Holly Berry Tree Emporium,13.99,1,13.99,3365,Claire Crowther,ccrowtherlf@huffingtonpost.com,626-327-6382,77619 Bay Plaza,Pasadena,California,91117
Zone 4,SOUTHEGRO340,Southern Shield Fern,Thelypteris kunthii,Groundcover,PF3000,Plant Fernishings,25.99,3,77.97,3365,Claire Crowther,ccrowtherlf@huffingtonpost.com,626-327-6382,77619 Bay Plaza,Pasadena,California,91117
Zone 4,SWABLEFER358,Swamp Fern,Blechnum serrulatum,Fern,PF3000,Plant Fernishings,25.99,1,25.99,3350,Clarine Kohrding,ckohrdingos@opensource.org,209-755-7288,77 Utah Alley,Fresno,California,93704
Zone 4,BOTCALTRE48,Bottlebrush,Callistemon spp.,Small Tree,HB2000,Holly Berry Tree Emporium,15.99,5,79.95,3350,Clarine Kohrding,ckohrdingos@opensource.org,209-755-7288,77 Utah Alley,Fresno,California,93704
Zone 4,JAMPISTRE187,Jamaican Dogwood,Piscidia piscipula,Large Tree,HB2000,Holly Berry Tree Emporium,25.99,3,77.97,3350,Clarine Kohrding,ckohrdingos@opensource.org,209-755-7288,77 Utah Alley,Fresno,California,93704
Zone 4,CLETERSHR91,Cleyera,Ternstroemia gymnanthera,Large Shrub,HB2000,Holly Berry Tree Emporium,15.99,2,31.98,3350,Clarine Kohrding,ckohrdingos@opensource.org,209-755-7288,77 Utah Alley,Fresno,California,93704
Zone 4,SOUTHEGRO340,Southern Shield Fern,Thelypteris kunthii,Groundcover,PF3000,Plant Fernishings,25.99,2,51.98,3350,Clarine Kohrding,ckohrdingos@opensource.org,209-755-7288,77 Utah Alley,Fresno,California,93704
Zone 4,AWAVIBTRE20,Awabuki Viburnum,Viburnum odoratissimum,Small Tree,HB2000,Holly Berry Tree Emporium,15.99,3,47.97,3350,Clarine Kohrding,ckohrdingos@opensource.org,209-755-7288,77 Utah Alley,Fresno,California,93704
Zone 4,LEAACRSHR199,Leather Fern,Acrostichum danaeifolium,Large Shrub,PF3000,Plant Fernishings,5.99,5,29.95,2895,Clemmy Scarr,cscarr9m@yahoo.com,334-639-4266,6238 Oak Terrace,Montgomery,Alabama,36177
Zone 4,CHICHITRE86,Chinese Fringetree,Chionanthus retusus,Small Tree,HB2000,Holly Berry Tree Emporium,15.99,2,31.98,2895,Clemmy Scarr,cscarr9m@yahoo.com,334-639-4266,6238 Oak Terrace,Montgomery,Alabama,36177
Zone 4,LITSCHGRA206,Little Blue Stem Grass,Schizachyrium scoparium,Grass,PF3000,Plant Fernishings,25.99,3,77.97,1638,Cobbie Tunny,ctunnyhk@nytimes.com,202-209-1121,2690 Grayhawk Way,Washington,District of Columbia,20591
Zone 4,SWABLEFER358,Swamp Fern,Blechnum serrulatum,Fern,PF3000,Plant Fernishings,25.99,3,77.97,2507,Collete Corbitt,ccorbittif@java.com,510-620-4415,50 Lawn Lane,Oakland,California,94605
Zone 4,COCCHRSHR94,Cocoplum,Chrysobalanus icaco,Large Shrub,HB2000,Holly Berry Tree Emporium,15.99,3,47.97,2507,Collete Corbitt,ccorbittif@java.com,510-620-4415,50 Lawn Lane,Oakland,California,94605
Zone 4,JAPFATSHR188,Japanese Aralia,Fatsia japonica,Large Shrub,HB2000,Holly Berry Tree Emporium,25.99,2,51.98,2507,Collete Corbitt,ccorbittif@java.com,510-620-4415,50 Lawn Lane,Oakland,California,94605
Zone 4,SWONEPGRO367,Sword Fern,Nephrolepis exaltata,Groundcover,PF3000,Plant Fernishings,25.99,2,51.98,2507,Collete Corbitt,ccorbittif@java.com,510-620-4415,50 Lawn Lane,Oakland,California,94605
Zone 4,AZARHOSHR22,Azalea,Rhododendron cvs.,Large Shrub,HB2000,Holly Berry Tree Emporium,15.99,5,79.95,2507,Collete Corbitt,ccorbittif@java.com,510-620-4415,50 Lawn Lane,Oakland,California,94605
Zone 4,BOXSEVSHR51,Boxthorn,Severinia buxifolia,Large Shrub,HB2000,Holly Berry Tree Emporium,15.99,1,15.99,2507,Collete Corbitt,ccorbittif@java.com,510-620-4415,50 Lawn Lane,Oakland,California,94605
Zone 4,BAMBAMSHR25,Bamboo,Bambusa spp.,Large Shrub,HB2000,Holly Berry Tree Emporium,15.99,5,79.95,3874,Corbin Swan,cswanm7@ft.com,650-230-5552,90212 Esch Place,Redwood City,California,94064
Zone 4,JAPBERSHR190,Japanese Barberry,Berberis thunbergii,Large Shrub,HB2000,Holly Berry Tree Emporium,25.99,2,51.98,3874,Corbin Swan,cswanm7@ft.com,650-230-5552,90212 Esch Place,Redwood City,California,94064
Zone 4,TASDICFER371,Tasmanian Tree Fern,Dicksonia antarctica,Fern,PF3000,Plant Fernishings,25.99,2,51.98,3874,Corbin Swan,cswanm7@ft.com,650-230-5552,90212 Esch Place,Redwood City,California,94064
Zone 4,COMHAMSHR96,Common Witchhazel,Hamamelis virginiana,Large Shrub,HB2000,Holly Berry Tree Emporium,15.99,3,47.97,3874,Corbin Swan,cswanm7@ft.com,650-230-5552,90212 Esch Place,Redwood City,California,94064
Zone 4,SWONEPGRO367,Sword Fern,Nephrolepis exaltata,Groundcover,PF3000,Plant Fernishings,25.99,3,77.97,3874,Corbin Swan,cswanm7@ft.com,650-230-5552,90212 Esch Place,Redwood City,California,94064
Zone 4,BRITHRPAL53,Brittle Thatch Palm,Thrinax morrisii,Palm or Palm-Like,HB2000,Holly Berry Tree Emporium,15.99,1,15.99,3874,Corbin Swan,cswanm7@ft.com,650-230-5552,90212 Esch Place,Redwood City,California,94064
Zone 4,COPACASHR99,Copper Leaf,Acalypha wilkesiana,Large Shrub,HB2000,Holly Berry Tree Emporium,15.99,3,47.97,2225,Cordie Roseby,crosebym3@twitter.com,714-916-4677,432 Sycamore Hill,Orange,California,92862
Zone 4,BAMCERPAL26,Bamboo Cycad,Ceratozamia hildae,Palm or Palm-Like,HB2000,Holly Berry Tree Emporium,15.99,5,79.95,2225,Cordie Roseby,crosebym3@twitter.com,714-916-4677,432 Sycamore Hill,Orange,California,92862
Zone 4,TASDICFER371,Tasmanian Tree Fern,Dicksonia antarctica,Fern,PF3000,Plant Fernishings,25.99,3,77.97,2225,Cordie Roseby,crosebym3@twitter.com,714-916-4677,432 Sycamore Hill,Orange,California,92862
Zone 4,JAPELATRE191,Japanese Blueberry,Elaeocarpus decipiens,Medium Tree,HB2000,Holly Berry Tree Emporium,25.99,2,51.98,2225,Cordie Roseby,crosebym3@twitter.com,714-916-4677,432 Sycamore Hill,Orange,California,92862
Zone 4,BUCPSEPAL55,Buccaneer Palm,Pseudophoenix sargentii,Palm or Palm-Like,HB2000,Holly Berry Tree Emporium,12.99,1,12.99,2225,Cordie Roseby,crosebym3@twitter.com,714-916-4677,432 Sycamore Hill,Orange,California,92862
Zone 4,TIGTHYGRA377,Tiger Grass,Thysanolaena maxima,Grass,PF3000,Plant Fernishings,25.99,2,51.98,2225,Cordie Roseby,crosebym3@twitter.com,714-916-4677,432 Sycamore Hill,Orange,California,92862
Zone 4,WIRARIGRA412,Wiregrass,Aristida stricta var. beyrichiana,Grass,PF3000,Plant Fernishings,25.99,2,51.98,1481,Cosme Elloit,celloiti7@nydailynews.com,619-416-7533,22 Service Trail,San Diego,California,92137
Zone 4,JAPCEPTRE192,Japanese Plum Yew,Cephalotaxus harringtonia,Small Tree,HB2000,Holly Berry Tree Emporium,25.99,2,51.98,1481,Cosme Elloit,celloiti7@nydailynews.com,619-416-7533,22 Service Trail,San Diego,California,92137
Zone 4,CORERYSHR100,Coral Bean,Erythrina herbacea,Large Shrub,HB2000,Holly Berry Tree Emporium,15.99,3,47.97,1481,Cosme Elloit,celloiti7@nydailynews.com,619-416-7533,22 Service Trail,San Diego,California,92137
Zone 4,BANMUSTRE27,Banana,Musa spp.,Small Tree,HB2000,Holly Berry Tree Emporium,15.99,5,79.95,1481,Cosme Elloit,celloiti7@nydailynews.com,619-416-7533,22 Service Trail,San Diego,California,92137
Zone 4,BUCSIDTRE56,Buckthorn,Sideroxylon spp.,Small Tree,HB2000,Holly Berry Tree Emporium,12.99,1,12.99,1481,Cosme Elloit,celloiti7@nydailynews.com,619-416-7533,22 Service Trail,San Diego,California,92137
Zone 4,TIGTHYGRA377,Tiger Grass,Thysanolaena maxima,Grass,PF3000,Plant Fernishings,25.99,3,77.97,1481,Cosme Elloit,celloiti7@nydailynews.com,619-416-7533,22 Service Trail,San Diego,California,92137
Zone 4,BUSALLSHR59,Bush Allamanda,Allamanda neriifolia,Large Shrub,HB2000,Holly Berry Tree Emporium,12.99,1,12.99,2285,Cozmo Assur,cassurcz@cmu.edu,510-577-5348,4512 Eagan Junction,Berkeley,California,94712
Zone 4,WIRARIGRA412,Wiregrass,Aristida stricta var. beyrichiana,Grass,PF3000,Plant Fernishings,9.99,3,29.97,2285,Cozmo Assur,cassurcz@cmu.edu,510-577-5348,4512 Eagan Junction,Berkeley,California,94712
Zone 4,KENHOWPAL194,Kentia Palm,Howea forsterana,Palm or Palm-Like,HB2000,Holly Berry Tree Emporium,25.99,2,51.98,2285,Cozmo Assur,cassurcz@cmu.edu,510-577-5348,4512 Eagan Junction,Berkeley,California,94712
Zone 4,BANMAGTRE28,Banana Shrub,Magnolia figo,Small Tree,HB2000,Holly Berry Tree Emporium,15.99,5,79.95,2285,Cozmo Assur,cassurcz@cmu.edu,510-577-5348,4512 Eagan Junction,Berkeley,California,94712
Zone 4,ZEBMISGRA423,Zebra Grass,Miscanthus sinensis,Grass,PF3000,Plant Fernishings,14.99,2,29.98,2285,Cozmo Assur,cassurcz@cmu.edu,510-577-5348,4512 Eagan Junction,Berkeley,California,94712
Zone 4,CRATABSHR102,Crape Jasmine,Tabernaemontana divaricata,Large Shrub,HB2000,Holly Berry Tree Emporium,15.99,3,47.97,2285,Cozmo Assur,cassurcz@cmu.edu,510-577-5348,4512 Eagan Junction,Berkeley,California,94712
Zone 4,AFRDIEPER1,African Iris,Dietes iridoides,Perennial,HP1000,Hansel and Petal,25.99,2,51.98,1654,Cristen Elles,cellesgw@barnesandnoble.com,619-232-1557,2714 Walton Park,San Diego,California,92196
Zone 4,BUSGAMSHR60,Bush Daisy,Gamolepis spp.,Small Shrub,HB2000,Holly Berry Tree Emporium,12.99,1,12.99,1654,Cristen Elles,cellesgw@barnesandnoble.com,619-232-1557,2714 Walton Park,San Diego,California,92196
Zone 4,CRALAGTRE103,Crapemyrtle,Lagerstroemia indica,Medium Tree,HB2000,Holly Berry Tree Emporium,15.99,3,47.97,1654,Cristen Elles,cellesgw@barnesandnoble.com,619-232-1557,2714 Walton Park,San Diego,California,92196
Zone 4,ZEBMISGRA423,Zebra Grass,Miscanthus sinensis,Grass,PF3000,Plant Fernishings,9.99,3,29.97,1654,Cristen Elles,cellesgw@barnesandnoble.com,619-232-1557,2714 Walton Park,San Diego,California,92196
Zone 4,BAYSURSHR29,Bay Cedar,Suriana maritima,Large Shrub,HB2000,Holly Berry Tree Emporium,15.99,5,79.95,1654,Cristen Elles,cellesgw@barnesandnoble.com,619-232-1557,2714 Walton Park,San Diego,California,92196
Zone 4,KINTHUSHR195,King’s Mantle,Thunbergia erecta,Large Shrub,HB2000,Holly Berry Tree Emporium,25.99,2,51.98,1654,Cristen Elles,cellesgw@barnesandnoble.com,619-232-1557,2714 Walton Park,San Diego,California,92196
Zone 4,AGEAGEANN2,Ageratum,Ageratum spp.,Annuals,HP1000,Hansel and Petal,25.99,2,51.98,2536,Cristen Hitchens,chitchenset@opensource.org,310-555-2285,51 Packers Center,Inglewood,California,90310
Zone 4,LADBRUSHR196,Lady of the Night,Brunfelsia americana,Small Shrub,HB2000,Holly Berry Tree Emporium,25.99,2,51.98,2536,Cristen Hitchens,chitchenset@opensource.org,310-555-2285,51 Packers Center,Inglewood,California,90310
Zone 4,BUTBUDSHR62,Butterfly Bush,Buddleia lindleyana,Large Shrub,HB2000,Holly Berry Tree Emporium,12.99,1,12.99,2536,Cristen Hitchens,chitchenset@opensource.org,310-555-2285,51 Packers Center,Inglewood,California,90310
Zone 4,BEACALSHR31,Beautyberry,Callicarpa americana,Large Shrub,HB2000,Holly Berry Tree Emporium,15.99,5,79.95,2536,Cristen Hitchens,chitchenset@opensource.org,310-555-2285,51 Packers Center,Inglewood,California,90310
Zone 4,CROCODSHR108,Croton,Codiaeum variegatum,Large Shrub,HB2000,Holly Berry Tree Emporium,15.99,3,47.97,2536,Cristen Hitchens,chitchenset@opensource.org,310-555-2285,51 Packers Center,Inglewood,California,90310
Zone 4,AFRDIEPER1,African Iris,Dietes iridoides,Perennial,HP1000,Hansel and Petal,25.99,3,77.97,2536,Cristen Hitchens,chitchenset@opensource.org,310-555-2285,51 Packers Center,Inglewood,California,90310
Zone 4,AGEAGEANN2,Ageratum,Ageratum spp.,Annuals,HP1000,Hansel and Petal,25.99,3,77.97,1439,Cristobal Pidon,cpidon69@feedburner.com,858-874-5305,2078 Sloan Hill,San Diego,California,92121
Zone 4,CARCALSHR71,Carolina Allspice,Calycanthus floridus,Large Shrub,HB2000,Holly Berry Tree Emporium,12.99,1,12.99,1439,Cristobal Pidon,cpidon69@feedburner.com,858-874-5305,2078 Sloan Hill,San Diego,California,92121
Zone 4,AMAHIPPER7,Amaryllis,Hippeastrum spp.,Perennial,HP1000,Hansel and Petal,25.99,2,51.98,1439,Cristobal Pidon,cpidon69@feedburner.com,858-874-5305,2078 Sloan Hill,San Diego,California,92121
Zone 4,DAHILETRE110,Dahoon Holly,Ilex cassine and cvs.,Medium Tree,HB2000,Holly Berry Tree Emporium,15.99,3,47.97,1439,Cristobal Pidon,cpidon69@feedburner.com,858-874-5305,2078 Sloan Hill,San Diego,California,92121
Zone 4,LADRHAPAL197,Lady Palm,Rhapis excelsa,Palm or Palm-Like,HB2000,Holly Berry Tree Emporium,25.99,2,51.98,1439,Cristobal Pidon,cpidon69@feedburner.com,858-874-5305,2078 Sloan Hill,San Diego,California,92121
Zone 4,BIRSTRSHR33,Bird of Paradise,Strelitzia reginae,Small Shrub,HB2000,Holly Berry Tree Emporium,15.99,5,79.95,1439,Cristobal Pidon,cpidon69@feedburner.com,858-874-5305,2078 Sloan Hill,San Diego,California,92121
Zone 4,SALSALPER311,Salvia,Salvia spp.,Perennial,HP1000,Hansel and Petal,15.99,3,47.97,1985,Crosby Cowland,ccowlando4@mediafire.com,623-752-7927,37044 Tony Avenue,Scottsdale,Arizona,85260
Zone 4,SCOHELPER320,Scorpion Tail,Heliotropium angiospermum,Perennial,HP1000,Hansel and Petal,15.99,1,15.99,2415,Curran MacMichael,cmacmichael5y@businesswire.com,520-968-8763,4949 Hauk Road,Tucson,Arizona,85705
Zone 4,ANGANGPER13,Angelonia,Angelonia angustifolia,Perennial,HP1000,Hansel and Petal,25.99,3,77.97,3529,Curran Oaks,coaks1g@gravatar.com,760-980-3555,80955 Comanche Hill,San Bernardino,California,92415
Zone 4,BISBISPAL34,Bismarck Palm,Bismarckia nobilis,Palm or Palm-Like,HB2000,Holly Berry Tree Emporium,15.99,3,47.97,3529,Curran Oaks,coaks1g@gravatar.com,760-980-3555,80955 Comanche Hill,San Bernardino,California,92415
Zone 4,LAUCOCSHR198,Laurelleaf Snailseed,Cocculus laurifolius,Large Shrub,HB2000,Holly Berry Tree Emporium,25.99,2,51.98,3529,Curran Oaks,coaks1g@gravatar.com,760-980-3555,80955 Comanche Hill,San Bernardino,California,92415
Zone 4,AMAHIPPER7,Amaryllis,Hippeastrum spp.,Perennial,HP1000,Hansel and Petal,25.99,2,51.98,3529,Curran Oaks,coaks1g@gravatar.com,760-980-3555,80955 Comanche Hill,San Bernardino,California,92415
Zone 4,DATPHOPAL111,Date Palms,Phoenix spp.,Palm or Palm-Like,HB2000,Holly Berry Tree Emporium,15.99,1,15.99,3529,Curran Oaks,coaks1g@gravatar.com,760-980-3555,80955 Comanche Hill,San Bernardino,California,92415
Zone 4,CARRHASHR72,Carolina Buckthorn,Rhamnus caroliniana,Large Shrub,HB2000,Holly Berry Tree Emporium,12.99,5,64.95,3529,Curran Oaks,coaks1g@gravatar.com,760-980-3555,80955 Comanche Hill,San Bernardino,California,92415
Zone 4,ANGANGPER13,Angelonia,Angelonia angustifolia,Perennial,HP1000,Hansel and Petal,25.99,2,51.98,2714,Cyrus Ranking,crankingmd@shareasale.com,916-748-6202,58 Goodland Drive,Sacramento,California,94230
Zone 4,BLAAVITRE35,Black Mangrove,Avicennia germinans,Medium Tree,HB2000,Holly Berry Tree Emporium,15.99,3,47.97,2714,Cyrus Ranking,crankingmd@shareasale.com,916-748-6202,58 Goodland Drive,Sacramento,California,94230
Zone 4,CARHALTRE74,Carolina Silverbell,Halesia carolina,Large Tree,HB2000,Holly Berry Tree Emporium,15.99,5,79.95,2714,Cyrus Ranking,crankingmd@shareasale.com,916-748-6202,58 Goodland Drive,Sacramento,California,94230
Zone 4,DESSENTRE113,Desert Cassia,Senna polyphylla,Small Tree,HB2000,Holly Berry Tree Emporium,15.99,1,15.99,2714,Cyrus Ranking,crankingmd@shareasale.com,916-748-6202,58 Goodland Drive,Sacramento,California,94230
Zone 4,AUSSPHFER17,Australian Tree Fern,Sphaeropteris cooperi,Fern,PF3000,Plant Fernishings,5.99,2,11.98,2714,Cyrus Ranking,crankingmd@shareasale.com,916-748-6202,58 Goodland Drive,Sacramento,California,94230
Zone 4,AZTSPRPER23,Aztec Lily,Sprekelia formosissima,Perennial,HP1000,Hansel and Petal,25.99,3,77.97,2714,Cyrus Ranking,crankingmd@shareasale.com,916-748-6202,58 Goodland Drive,Sacramento,California,94230
Zone 4,RIVCHAGRA299,River Oats,Chasmanthium latifolium,Grass,PF3000,Plant Fernishings,25.99,2,51.98,1993,Daisie Connelly,dconnelly6d@seattletimes.com,202-653-9458,3724 Stuart Place,Washington,District of Columbia,20546
Zone 4,DEVARATRE114,Devil’s Walkingstick,Aralia spinosa,Small Tree,HB2000,Holly Berry Tree Emporium,15.99,2,31.98,3915,Dalli Self,dself80@xing.com,661-840-4196,91896 Pawling Terrace,Lancaster,California,93584
Zone 4,BLABUCTRE36,Black Olive,Bucida buceras,Large Tree,HB2000,Holly Berry Tree Emporium,15.99,3,47.97,3915,Dalli Self,dself80@xing.com,661-840-4196,91896 Pawling Terrace,Lancaster,California,93584
Zone 4,CARCARTRE75,Carpentaria Palm,Carpentaria acuminata,Medium Tree,HB2000,Holly Berry Tree Emporium,15.99,2,31.98,3915,Dalli Self,dself80@xing.com,661-840-4196,91896 Pawling Terrace,Lancaster,California,93584
Zone 4,AUTDRYGRO18,Autumn Fern,Dryopteris spp.,Groundcover,PF3000,Plant Fernishings,5.99,3,17.97,3915,Dalli Self,dself80@xing.com,661-840-4196,91896 Pawling Terrace,Lancaster,California,93584
Zone 4,BEAHELPER30,Beach Sunflower,Helianthus debilis,Perennial,HP1000,Hansel and Petal,15.99,1,15.99,3915,Dalli Self,dself80@xing.com,661-840-4196,91896 Pawling Terrace,Lancaster,California,93584
Zone 4,AZTSPRPER23,Aztec Lily,Sprekelia formosissima,Perennial,HP1000,Hansel and Petal,25.99,5,129.95,3915,Dalli Self,dself80@xing.com,661-840-4196,91896 Pawling Terrace,Lancaster,California,93584
Zone 4,CHIILETRE87,Chinese Holly,Ilex cornuta and cvs.,Small Tree,HB2000,Holly Berry Tree Emporium,15.99,2,31.98,1118,Dante Whittington,dwhittingtoncz@mozilla.org,256-633-7875,10220 Montana Lane,Huntsville,Alabama,35810
Zone 4,LEARUMGRO200,Leatherleaf Fern,Rumohra adiantiformis,Groundcover,PF3000,Plant Fernishings,5.99,5,29.95,1118,Dante Whittington,dwhittingtoncz@mozilla.org,256-633-7875,10220 Montana Lane,Huntsville,Alabama,35810
Zone 4,LEMCYMGRA201,Lemongrass,Cymbopogon citratus,Grass,PF3000,Plant Fernishings,5.99,3,17.97,3189,Dara Preble,dpreblef3@fda.gov,334-165-6313,70658 Thompson Plaza,Montgomery,Alabama,36125
Zone 4,CHIJUNSHR88,Chinese Juniper,Juniperus chinensis and cvs.,Large Shrub,HB2000,Holly Berry Tree Emporium,15.99,3,47.97,3189,Dara Preble,dpreblef3@fda.gov,334-165-6313,70658 Thompson Plaza,Montgomery,Alabama,36125
Zone 4,PANPANGRA245,Panic Grass,Panicum virgatum and cvs.,Grass,PF3000,Plant Fernishings,25.99,1,25.99,1890,Darby Hopewell,dhopewellk4@creativecommons.org,202-451-7202,33495 Scott Place,Washington,District of Columbia,20425
Zone 4,BLUANDGRA46,Bluestem Grass,Andropogon spp.,Grass,PF3000,Plant Fernishings,5.99,2,11.98,2309,Darcee McConway,dmcconwayf7@yale.edu,661-337-1212,4588 Mayfield Point,Bakersfield,California,93386
Zone 4,BLABELPER37,Blackberry Lily,Belamcanda chinensis,Perennial,HP1000,Hansel and Petal,15.99,3,47.97,2309,Darcee McConway,dmcconwayf7@yale.edu,661-337-1212,4588 Mayfield Point,Bakersfield,California,93386
Zone 4,BEAHELPER30,Beach Sunflower,Helianthus debilis,Perennial,HP1000,Hansel and Petal,15.99,2,31.98,2309,Darcee McConway,dmcconwayf7@yale.edu,661-337-1212,4588 Mayfield Point,Bakersfield,California,93386
Zone 4,DOWJASSHR115,Downy Jasmine,Jasminum multiflorum,Large Shrub,HB2000,Holly Berry Tree Emporium,15.99,1,15.99,2309,Darcee McConway,dmcconwayf7@yale.edu,661-337-1212,4588 Mayfield Point,Bakersfield,California,93386
Zone 4,BLUQUETRE47,Bluff Oak,Quercus austrina,Large Tree,HB2000,Holly Berry Tree Emporium,15.99,3,47.97,2309,Darcee McConway,dmcconwayf7@yale.edu,661-337-1212,4588 Mayfield Point,Bakersfield,California,93386
Zone 4,CEDULMTRE77,Cedar Elm,Ulmus crassifolia,Large Tree,HB2000,Holly Berry Tree Emporium,15.99,5,79.95,2309,Darcee McConway,dmcconwayf7@yale.edu,661-337-1212,4588 Mayfield Point,Bakersfield,California,93386
Zone 4,CENAGASHR80,Century Plant,Agave spp.,Large Shrub,HB2000,Holly Berry Tree Emporium,15.99,5,79.95,4040,Darci Babber,dbabber48@nytimes.com,415-791-3528,96723 Scott Terrace,San Francisco,California,94159
Zone 4,BLABELPER37,Blackberry Lily,Belamcanda chinensis,Perennial,HP1000,Hansel and Petal,15.99,2,31.98,4040,Darci Babber,dbabber48@nytimes.com,415-791-3528,96723 Scott Terrace,San Francisco,California,94159
Zone 4,BOTCALTRE48,Bottlebrush,Callistemon spp.,Small Tree,HB2000,Holly Berry Tree Emporium,15.99,3,47.97,4040,Darci Babber,dbabber48@nytimes.com,415-791-3528,96723 Scott Terrace,San Francisco,California,94159
Zone 4,BRAPTEFER52,Bracken Fern,Pteridium aquilinum,Fern,PF3000,Plant Fernishings,5.99,3,17.97,4040,Darci Babber,dbabber48@nytimes.com,415-791-3528,96723 Scott Terrace,San Francisco,California,94159
Zone 4,BLARUDANN38,Black-Eyed Susan,Rudbeckia hirta,Annuals,HP1000,Hansel and Petal,15.99,1,15.99,4040,Darci Babber,dbabber48@nytimes.com,415-791-3528,96723 Scott Terrace,San Francisco,California,94159
Zone 4,DWASABSHR118,Dwarf Palmetto,Sabal minor,Large Shrub,HB2000,Holly Berry Tree Emporium,15.99,2,31.98,4040,Darci Babber,dbabber48@nytimes.com,415-791-3528,96723 Scott Terrace,San Francisco,California,94159
Zone 4,BLAGAIPER40,Blanket Flower,Gaillardia pulchella,Perennial,HP1000,Hansel and Petal,15.99,1,15.99,2247,Daria Dodge,ddodgeob@google.cn,619-646-8593,4399 Annamark Crossing,San Diego,California,92191
Zone 4,FETLYOSHR130,Fetterbush,Lyonia lucida,Small Shrub,HB2000,Holly Berry Tree Emporium,15.99,2,31.98,2247,Daria Dodge,ddodgeob@google.cn,619-646-8593,4399 Annamark Crossing,San Diego,California,92191
Zone 4,CINOSMFER90,Cinnamon Fern,Osmunda cinnamomea,Fern,PF3000,Plant Fernishings,5.99,3,17.97,2247,Daria Dodge,ddodgeob@google.cn,619-646-8593,4399 Annamark Crossing,San Diego,California,92191
Zone 4,BLARUDANN38,Black-Eyed Susan,Rudbeckia hirta,Annuals,HP1000,Hansel and Petal,15.99,5,79.95,2247,Daria Dodge,ddodgeob@google.cn,619-646-8593,4399 Annamark Crossing,San Diego,California,92191
Zone 4,BOXSEVSHR51,Boxthorn,Severinia buxifolia,Large Shrub,HB2000,Holly Berry Tree Emporium,15.99,3,47.97,2247,Daria Dodge,ddodgeob@google.cn,619-646-8593,4399 Annamark Crossing,San Diego,California,92191
Zone 4,CHAVITSHR81,Chaste Tree,Vitex agnus-castus,Large Shrub,HB2000,Holly Berry Tree Emporium,15.99,2,31.98,2247,Daria Dodge,ddodgeob@google.cn,619-646-8593,4399 Annamark Crossing,San Diego,California,92191
Zone 4,CHEACASHR82,Chenille Plant,Acalypha hispida,Small Shrub,HB2000,Holly Berry Tree Emporium,15.99,2,31.98,3729,Darnell Lafee,dlafeemx@youtube.com,310-701-3699,8843 4th Park,Inglewood,California,90310
Zone 4,FIDCITTRE131,Fiddlewood,Citharexylum spinosum,Small Tree,HB2000,Holly Berry Tree Emporium,15.99,2,31.98,3729,Darnell Lafee,dlafeemx@youtube.com,310-701-3699,8843 4th Park,Inglewood,California,90310
Zone 4,BLAGAIPER40,Blanket Flower,Gaillardia pulchella,Perennial,HP1000,Hansel and Petal,15.99,5,79.95,3729,Darnell Lafee,dlafeemx@youtube.com,310-701-3699,8843 4th Park,Inglewood,California,90310
Zone 4,BLALIAPER41,Blazing Star,Liatris spp.,Perennial,HP1000,Hansel and Petal,15.99,1,15.99,3729,Darnell Lafee,dlafeemx@youtube.com,310-701-3699,8843 4th Park,Inglewood,California,90310
Zone 4,CORSPAGRA101,Cordgrass,Spartina spp.,Grasses,PF3000,Plant Fernishings,5.99,3,17.97,3729,Darnell Lafee,dlafeemx@youtube.com,310-701-3699,8843 4th Park,Inglewood,California,90310
Zone 4,BRITHRPAL53,Brittle Thatch Palm,Thrinax morrisii,Palm or Palm-Like,HB2000,Holly Berry Tree Emporium,15.99,3,47.97,3729,Darnell Lafee,dlafeemx@youtube.com,310-701-3699,8843 4th Park,Inglewood,California,90310
Zone 4,ELLERAGRA122,Elliott’s Lovegrass,Eragrostis elliottii,Grass,PF3000,Plant Fernishings,5.99,3,17.97,1934,Darrel Taunton,dtauntond0@about.me,415-531-6315,35 Nobel Pass,San Francisco,California,94137
Zone 4,BLOHAEPER42,Blood Lily,Haemanthus multiflorus,Perennial,HP1000,Hansel and Petal,15.99,1,15.99,1934,Darrel Taunton,dtauntond0@about.me,415-531-6315,35 Nobel Pass,San Francisco,California,94137
Zone 4,BLALIAPER41,Blazing Star,Liatris spp.,Perennial,HP1000,Hansel and Petal,15.99,5,79.95,1934,Darrel Taunton,dtauntond0@about.me,415-531-6315,35 Nobel Pass,San Francisco,California,94137
Zone 4,CHIPRUTRE83,Chickasaw Plum,Prunus angustifolia,Small Tree,HB2000,Holly Berry Tree Emporium,15.99,2,31.98,1934,Darrel Taunton,dtauntond0@about.me,415-531-6315,35 Nobel Pass,San Francisco,California,94137
Zone 4,BUCPSEPAL55,Buccaneer Palm,Pseudophoenix sargentii,Palm or Palm-Like,HB2000,Holly Berry Tree Emporium,12.99,3,38.97,1934,Darrel Taunton,dtauntond0@about.me,415-531-6315,35 Nobel Pass,San Francisco,California,94137
Zone 4,FLAPRUTRE140,Flatwoods Plum,Prunus umbellata,Small Tree,HB2000,Holly Berry Tree Emporium,15.99,2,31.98,1497,Daryl Wimbury,dwimburya7@nationalgeographic.com,860-145-2971,225 Ridge Oak Pass,Hartford,Connecticut,6145
Zone 4,BLOHAEPER42,Blood Lily,Haemanthus multiflorus,Perennial,HP1000,Hansel and Petal,15.99,5,79.95,2030,Debby McCourtie,dmccourtie4s@vistaprint.com,415-548-8883,3877 Debra Crossing,San Rafael,California,94913
Zone 4,EVEPASGRA126,Evergreen Paspalum,Paspalum quadrifarium,Grass,PF3000,Plant Fernishings,5.99,3,17.97,2030,Debby McCourtie,dmccourtie4s@vistaprint.com,415-548-8883,3877 Debra Crossing,San Rafael,California,94913
Zone 4,BLUPHLPER44,Blue Phlox,Phlox divaricata,Perennial,HP1000,Hansel and Petal,15.99,1,15.99,2030,Debby McCourtie,dmccourtie4s@vistaprint.com,415-548-8883,3877 Debra Crossing,San Rafael,California,94913
Zone 4,BUCSIDTRE56,Buckthorn,Sideroxylon spp.,Small Tree,HB2000,Holly Berry Tree Emporium,12.99,3,38.97,2030,Debby McCourtie,dmccourtie4s@vistaprint.com,415-548-8883,3877 Debra Crossing,San Rafael,California,94913
Zone 4,CHIULMTRE84,Chinese Elm,Ulmus parvifolia and cvs.,Large Tree,HB2000,Holly Berry Tree Emporium,15.99,2,31.98,2030,Debby McCourtie,dmccourtie4s@vistaprint.com,415-548-8883,3877 Debra Crossing,San Rafael,California,94913
Zone 4,BUSALLSHR59,Bush Allamanda,Allamanda neriifolia,Large Shrub,HB2000,Holly Berry Tree Emporium,12.99,3,38.97,1195,Debera McKinlay,dmckinlayoj@google.fr,818-617-4302,13228 American Street,Los Angeles,California,90065
Zone 4,CHILIVPAL85,Chinese Fan Palm,Livistona spp.,Palm or Palm-Like,HB2000,Holly Berry Tree Emporium,15.99,5,79.95,1195,Debera McKinlay,dmckinlayoj@google.fr,818-617-4302,13228 American Street,Los Angeles,California,90065
Zone 4,BLUPHLPER44,Blue Phlox,Phlox divaricata,Perennial,HP1000,Hansel and Petal,15.99,2,31.98,1195,Debera McKinlay,dmckinlayoj@google.fr,818-617-4302,13228 American Street,Los Angeles,California,90065
Zone 4,BLUSISPER45,Blue-Eyed Grass,Sisyrinchium angustifolium,Perennial,HP1000,Hansel and Petal,15.99,1,15.99,1195,Debera McKinlay,dmckinlayoj@google.fr,818-617-4302,13228 American Street,Los Angeles,California,90065
Zone 4,FAKTRIGRA128,Fakahatchee Grass,Tripsacum dactyloides,Grass,PF3000,Plant Fernishings,5.99,3,17.97,1195,Debera McKinlay,dmckinlayoj@google.fr,818-617-4302,13228 American Street,Los Angeles,California,90065
Zone 4,CANCANPER69,Canna Lily,Canna spp.,Perennial,HP1000,Hansel and Petal,15.99,2,31.98,2857,Dedie Perelli,dperellihx@dagondesign.com,907-509-4716,61 Service Pass,Fairbanks,Alaska,99790
Zone 4,BROBROPER54,Bromeliads,Bromeliaceae genera,Perennial,HP1000,Hansel and Petal,15.99,1,15.99,2610,Deeann Poundesford,dpoundesfordd5@twitpic.com,310-468-9348,53409 Hayes Alley,Santa Monica,California,90405
Zone 4,CHICHITRE86,Chinese Fringetree,Chionanthus retusus,Small Tree,HB2000,Holly Berry Tree Emporium,15.99,2,31.98,2610,Deeann Poundesford,dpoundesfordd5@twitpic.com,310-468-9348,53409 Hayes Alley,Santa Monica,California,90405
Zone 4,BUSGAMSHR60,Bush Daisy,Gamolepis spp.,Small Shrub,HB2000,Holly Berry Tree Emporium,12.99,3,38.97,2610,Deeann Poundesford,dpoundesfordd5@twitpic.com,310-468-9348,53409 Hayes Alley,Santa Monica,California,90405
Zone 4,BLUSISPER45,Blue-Eyed Grass,Sisyrinchium angustifolium,Perennial,HP1000,Hansel and Petal,15.99,5,79.95,2610,Deeann Poundesford,dpoundesfordd5@twitpic.com,310-468-9348,53409 Hayes Alley,Santa Monica,California,90405
Zone 4,FLOTRIGRA143,Florida Gama Grass,Tripsacum floridana,Grass,PF3000,Plant Fernishings,5.99,3,17.97,2610,Deeann Poundesford,dpoundesfordd5@twitpic.com,310-468-9348,53409 Hayes Alley,Santa Monica,California,90405
Zone 4,CURCURPER109,Curcuma,Curcuma spp.,Perennial,HP1000,Hansel and Petal,15.99,2,31.98,1603,Delila Biddell,dbiddelljy@privacy.gov.au,907-593-4971,2599 Grayhawk Terrace,Juneau,Alaska,99812
Zone 4,BUSGAMSHR60,Bush Daisy,Gamolepis spp.,Small Shrub,HB2000,Holly Berry Tree Emporium,12.99,5,64.95,2401,Delmore Stuart,dstuartil@dmoz.org,501-861-2262,49 Randy Junction,Little Rock,Arkansas,72204
Zone 4,LITSCHGRA206,Little Blue Stem Grass,Schizachyrium scoparium,Grass,PF3000,Plant Fernishings,25.99,2,51.98,3352,Demetrius O' Liddy,dofz@ftc.gov,205-983-4144,771 American Lane,Birmingham,Alabama,35254
Zone 4,CHRSENSHR89,Christmas Senna,Senna bicapsularis,Large Shrub,HB2000,Holly Berry Tree Emporium,13.99,3,41.97,3352,Demetrius O' Liddy,dofz@ftc.gov,205-983-4144,771 American Lane,Birmingham,Alabama,35254
Zone 4,BROBROPER54,Bromeliads,Bromeliaceae genera,Perennial,HP1000,Hansel and Petal,15.99,3,47.97,2638,Dena Rosberg,drosberg6u@simplemachines.org,619-704-5643,54424 Moulton Alley,San Diego,California,92153
Zone 4,BUTBUDSHR62,Butterfly Bush,Buddleia lindleyana,Large Shrub,HB2000,Holly Berry Tree Emporium,12.99,5,64.95,2638,Dena Rosberg,drosberg6u@simplemachines.org,619-704-5643,54424 Moulton Alley,San Diego,California,92153
Zone 4,BULBULPER58,Bulbine,Bulbine frutescens,Perennial,HP1000,Hansel and Petal,15.99,2,31.98,2638,Dena Rosberg,drosberg6u@simplemachines.org,619-704-5643,54424 Moulton Alley,San Diego,California,92153
Zone 4,CHIILETRE87,Chinese Holly,Ilex cornuta and cvs.,Small Tree,HB2000,Holly Berry Tree Emporium,15.99,1,15.99,2638,Dena Rosberg,drosberg6u@simplemachines.org,619-704-5643,54424 Moulton Alley,San Diego,California,92153
Zone 4,GIANEPGRO158,Giant Sword Fern,Nephrolepis biserrata,Groundcover,PF3000,Plant Fernishings,5.99,2,11.98,2638,Dena Rosberg,drosberg6u@simplemachines.org,619-704-5643,54424 Moulton Alley,San Diego,California,92153
Zone 4,BULBULPER58,Bulbine,Bulbine frutescens,Perennial,HP1000,Hansel and Petal,15.99,3,47.97,1597,Denise Lardez,dlardezgv@businessinsider.com,714-337-9832,257 6th Plaza,Fullerton,California,92835
Zone 4,CARCALSHR71,Carolina Allspice,Calycanthus floridus,Large Shrub,HB2000,Holly Berry Tree Emporium,12.99,2,25.98,1597,Denise Lardez,dlardezgv@businessinsider.com,714-337-9832,257 6th Plaza,Fullerton,California,92835
Zone 4,HOLCYRGRO174,Holly Fern,Cyrtomium falcatum,Groundcover,PF3000,Plant Fernishings,5.99,1,5.99,1597,Denise Lardez,dlardezgv@businessinsider.com,714-337-9832,257 6th Plaza,Fullerton,California,92835
Zone 4,BUSEURPER61,Bush Daisy,Euryops spp.,Perennial,HP1000,Hansel and Petal,15.99,5,79.95,1597,Denise Lardez,dlardezgv@businessinsider.com,714-337-9832,257 6th Plaza,Fullerton,California,92835
Zone 4,CHIJUNSHR88,Chinese Juniper,Juniperus chinensis and cvs.,Large Shrub,HB2000,Holly Berry Tree Emporium,15.99,3,47.97,1597,Denise Lardez,dlardezgv@businessinsider.com,714-337-9832,257 6th Plaza,Fullerton,California,92835
Zone 4,LEAACRSHR199,Leather Fern,Acrostichum danaeifolium,Large Shrub,PF3000,Plant Fernishings,5.99,3,17.97,1821,Derick Balducci,dbalducci44@google.ru,530-838-2262,31 Village Street,Sacramento,California,95833
Zone 4,BUSEURPER61,Bush Daisy,Euryops spp.,Perennial,HP1000,Hansel and Petal,15.99,2,31.98,1821,Derick Balducci,dbalducci44@google.ru,530-838-2262,31 Village Street,Sacramento,California,95833
Zone 4,BUTHEDPER63,Butterfly Lily,Hedychium spp.,Perennial,HP1000,Hansel and Petal,15.99,2,31.98,1821,Derick Balducci,dbalducci44@google.ru,530-838-2262,31 Village Street,Sacramento,California,95833
Zone 4,CARRHASHR72,Carolina Buckthorn,Rhamnus caroliniana,Large Shrub,HB2000,Holly Berry Tree Emporium,12.99,1,12.99,1821,Derick Balducci,dbalducci44@google.ru,530-838-2262,31 Village Street,Sacramento,California,95833
Zone 4,CHRSENSHR89,Christmas Senna,Senna bicapsularis,Large Shrub,HB2000,Holly Berry Tree Emporium,13.99,3,41.97,1821,Derick Balducci,dbalducci44@google.ru,530-838-2262,31 Village Street,Sacramento,California,95833
Zone 4,CALCALPER67,Caladium,Caladium Xhortulanum,Perennial,HP1000,Hansel and Petal,15.99,1,15.99,2147,Devlin Huntley,dhuntleykw@time.com,661-490-5980,404 Graedel Junction,Bakersfield,California,93399
Zone 4,CARHALTRE74,Carolina Silverbell,Halesia carolina,Large Tree,HB2000,Holly Berry Tree Emporium,15.99,3,47.97,2147,Devlin Huntley,dhuntleykw@time.com,661-490-5980,404 Graedel Junction,Bakersfield,California,93399
Zone 4,BUTHEDPER63,Butterfly Lily,Hedychium spp.,Perennial,HP1000,Hansel and Petal,15.99,5,79.95,2147,Devlin Huntley,dhuntleykw@time.com,661-490-5980,404 Graedel Junction,Bakersfield,California,93399
Zone 4,LEARUMGRO200,Leatherleaf Fern,Rumohra adiantiformis,Groundcover,PF3000,Plant Fernishings,5.99,3,17.97,2147,Devlin Huntley,dhuntleykw@time.com,661-490-5980,404 Graedel Junction,Bakersfield,California,93399
Zone 4,CLETERSHR91,Cleyera,Ternstroemia gymnanthera,Large Shrub,HB2000,Holly Berry Tree Emporium,15.99,2,31.98,2147,Devlin Huntley,dhuntleykw@time.com,661-490-5980,404 Graedel Junction,Bakersfield,California,93399
Zone 4,CALCALPER67,Caladium,Caladium Xhortulanum,Perennial,HP1000,Hansel and Petal,15.99,2,31.98,2353,Diahann Hoult,dhoultek@exblog.jp,213-863-2947,473 Merrick Park,Los Angeles,California,90101
