﻿PopUpShopName,DetPlantID,Plant Name,Scientific Name,Plant Type,VendorID,Vendor,Price,QTY,SubTotal,CustomerID,CustomerName,CustomerEmail,CustomerPhone,CustomerAddress,CustomerCity,CustomerState,CustomerZip
Zone 7,JAMPISTRE187,Jamaican Dogwood,Piscidia piscipula,Large Tree,HB2000,Holly Berry Tree Emporium,25.99,5,129.95,1340,Nissie McSperron,nmcsperronj7@miitbeian.gov.cn,213-669-3740,19448 Little Fleur Road,Los Angeles,California,90101
Zone 7,BUCSIDTRE56,Buckthorn,Sideroxylon spp.,Small Tree,HB2000,Holly Berry Tree Emporium,12.99,3,38.97,1340,Nissie McSperron,nmcsperronj7@miitbeian.gov.cn,213-669-3740,19448 Little Fleur Road,Los Angeles,California,90101
Zone 7,BANMAGTRE28,Banana Shrub,Magnolia figo,Small Tree,HB2000,Holly Berry Tree Emporium,15.99,1,15.99,1869,Nissie Scherer,nschererh@newsvine.com,480-406-5377,32935 Dryden Parkway,Apache Junction,Arizona,85219
Zone 7,BUSALLSHR59,Bush Allamanda,Allamanda neriifolia,Large Shrub,HB2000,Holly Berry Tree Emporium,12.99,3,38.97,2183,Nissy Guion,nguionk1@artisteer.com,916-383-8509,42 Longview Plaza,Sacramento,California,94250
Zone 7,ANGANGPER13,Angelonia,Angelonia angustifolia,Perennial,HP1000,Hansel and Petal,25.99,2,51.98,2183,Nissy Guion,nguionk1@artisteer.com,916-383-8509,42 Longview Plaza,Sacramento,California,94250
Zone 7,WAXBEGPER394,Wax Begonia,Begonia Xsemperflorens-cultorum,Perennial,HP1000,Hansel and Petal,12.99,3,38.97,2183,Nissy Guion,nguionk1@artisteer.com,916-383-8509,42 Longview Plaza,Sacramento,California,94250
Zone 7,JAPFATSHR188,Japanese Aralia,Fatsia japonica,Large Shrub,HB2000,Holly Berry Tree Emporium,25.99,5,129.95,2183,Nissy Guion,nguionk1@artisteer.com,916-383-8509,42 Longview Plaza,Sacramento,California,94250
Zone 7,CHIILETRE87,Chinese Holly,Ilex cornuta and cvs.,Small Tree,HB2000,Holly Berry Tree Emporium,15.99,2,31.98,2183,Nissy Guion,nguionk1@artisteer.com,916-383-8509,42 Longview Plaza,Sacramento,California,94250
Zone 7,LEARUMGRO200,Leatherleaf Fern,Rumohra adiantiformis,Groundcover,PF3000,Plant Fernishings,5.99,1,5.99,1470,Nolly Kippax,nkippax2j@auda.org.au,703-238-7693,217 Washington Way,Washington,District of Columbia,20016
Zone 7,COPACASHR99,Copper Leaf,Acalypha wilkesiana,Large Shrub,HB2000,Holly Berry Tree Emporium,15.99,2,31.98,3893,Norman Foale,nfoaleda@nasa.gov,303-727-2090,91 Pierstorff Junction,Englewood,Colorado,80150
Zone 7,JAPBERSHR190,Japanese Barberry,Berberis thunbergii,Large Shrub,HB2000,Holly Berry Tree Emporium,25.99,2,51.98,2332,Nydia Gyse,ngysehg@pagesperso-orange.fr,510-251-1787,4651 Boyd Circle,Richmond,California,94807
Zone 7,BUSGAMSHR60,Bush Daisy,Gamolepis spp.,Small Shrub,HB2000,Holly Berry Tree Emporium,12.99,3,38.97,2332,Nydia Gyse,ngysehg@pagesperso-orange.fr,510-251-1787,4651 Boyd Circle,Richmond,California,94807
Zone 7,WHIGAUPER400,White Gaura,Gaura lindheimeri,Perennial,HP1000,Hansel and Petal,12.99,1,12.99,2332,Nydia Gyse,ngysehg@pagesperso-orange.fr,510-251-1787,4651 Boyd Circle,Richmond,California,94807
Zone 7,CHIJUNSHR88,Chinese Juniper,Juniperus chinensis and cvs.,Large Shrub,HB2000,Holly Berry Tree Emporium,15.99,3,47.97,2332,Nydia Gyse,ngysehg@pagesperso-orange.fr,510-251-1787,4651 Boyd Circle,Richmond,California,94807
Zone 7,AZTSPRPER23,Aztec Lily,Sprekelia formosissima,Perennial,HP1000,Hansel and Petal,25.99,5,129.95,2332,Nydia Gyse,ngysehg@pagesperso-orange.fr,510-251-1787,4651 Boyd Circle,Richmond,California,94807
Zone 7,ANGANGPER13,Angelonia,Angelonia angustifolia,Perennial,HP1000,Hansel and Petal,25.99,2,51.98,1251,Odelia Halbard,ohalbardv@booking.com,205-438-8465,1613 Calypso Street,Birmingham,Alabama,35263
Zone 7,AZTSPRPER23,Aztec Lily,Sprekelia formosissima,Perennial,HP1000,Hansel and Petal,25.99,5,129.95,1109,Odelia Jamblin,ojamblinbx@ycombinator.com,205-527-7124,10 Hoepker Avenue,Birmingham,Alabama,35263
Zone 7,BUTBUDSHR62,Butterfly Bush,Buddleia lindleyana,Large Shrub,HB2000,Holly Berry Tree Emporium,12.99,1,12.99,1113,Odo Rummer,orummer4e@vkontakte.ru,818-137-8584,101 Carioca Junction,Torrance,California,90510
Zone 7,JAPELATRE191,Japanese Blueberry,Elaeocarpus decipiens,Medium Tree,HB2000,Holly Berry Tree Emporium,25.99,3,77.97,1113,Odo Rummer,orummer4e@vkontakte.ru,818-137-8584,101 Carioca Junction,Torrance,California,90510
Zone 7,BEAHELPER30,Beach Sunflower,Helianthus debilis,Perennial,HP1000,Hansel and Petal,15.99,2,31.98,1113,Odo Rummer,orummer4e@vkontakte.ru,818-137-8584,101 Carioca Junction,Torrance,California,90510
Zone 7,WILLANPER407,Wild Sage,Lantana involucrata,Perennial,HP1000,Hansel and Petal,12.99,2,25.98,1113,Odo Rummer,orummer4e@vkontakte.ru,818-137-8584,101 Carioca Junction,Torrance,California,90510
Zone 7,CHRSENSHR89,Christmas Senna,Senna bicapsularis,Large Shrub,HB2000,Holly Berry Tree Emporium,13.99,3,41.97,1113,Odo Rummer,orummer4e@vkontakte.ru,818-137-8584,101 Carioca Junction,Torrance,California,90510
Zone 7,BLABELPER37,Blackberry Lily,Belamcanda chinensis,Perennial,HP1000,Hansel and Petal,15.99,5,79.95,2289,Olly Fedoronko,ofedoronkonk@salon.com,408-372-0118,45305 Cascade Avenue,Sunnyvale,California,94089
Zone 7,CARCALSHR71,Carolina Allspice,Calycanthus floridus,Large Shrub,HB2000,Holly Berry Tree Emporium,12.99,3,38.97,2289,Olly Fedoronko,ofedoronkonk@salon.com,408-372-0118,45305 Cascade Avenue,Sunnyvale,California,94089
Zone 7,JAPCEPTRE192,Japanese Plum Yew,Cephalotaxus harringtonia,Small Tree,HB2000,Holly Berry Tree Emporium,25.99,2,51.98,2289,Olly Fedoronko,ofedoronkonk@salon.com,408-372-0118,45305 Cascade Avenue,Sunnyvale,California,94089
Zone 7,CLETERSHR91,Cleyera,Ternstroemia gymnanthera,Large Shrub,HB2000,Holly Berry Tree Emporium,15.99,3,47.97,2289,Olly Fedoronko,ofedoronkonk@salon.com,408-372-0118,45305 Cascade Avenue,Sunnyvale,California,94089
Zone 7,WISTORANN413,Wishbone Flower,Torenia fournieri,Annuals,HP1000,Hansel and Petal,12.99,1,12.99,2289,Olly Fedoronko,ofedoronkonk@salon.com,408-372-0118,45305 Cascade Avenue,Sunnyvale,California,94089
Zone 7,COCCHRSHR94,Cocoplum,Chrysobalanus icaco,Large Shrub,HB2000,Holly Berry Tree Emporium,15.99,2,31.98,2014,Orazio Vivian,ovivianhs@umich.edu,323-925-9266,38 Vahlen Lane,Los Angeles,California,90040
Zone 7,YELFLAPER420,Yellowtop,Flaveria linearis,Perennial,HP1000,Hansel and Petal,12.99,3,38.97,2014,Orazio Vivian,ovivianhs@umich.edu,323-925-9266,38 Vahlen Lane,Los Angeles,California,90040
Zone 7,KENHOWPAL194,Kentia Palm,Howea forsterana,Palm or Palm-Like,HB2000,Holly Berry Tree Emporium,25.99,5,129.95,2014,Orazio Vivian,ovivianhs@umich.edu,323-925-9266,38 Vahlen Lane,Los Angeles,California,90040
Zone 7,CARRHASHR72,Carolina Buckthorn,Rhamnus caroliniana,Large Shrub,HB2000,Holly Berry Tree Emporium,12.99,3,38.97,2014,Orazio Vivian,ovivianhs@umich.edu,323-925-9266,38 Vahlen Lane,Los Angeles,California,90040
Zone 7,BLARUDANN38,Black-Eyed Susan,Rudbeckia hirta,Annuals,HP1000,Hansel and Petal,15.99,2,31.98,2014,Orazio Vivian,ovivianhs@umich.edu,323-925-9266,38 Vahlen Lane,Los Angeles,California,90040
Zone 7,BEAHELPER30,Beach Sunflower,Helianthus debilis,Perennial,HP1000,Hansel and Petal,15.99,1,15.99,3344,Oswell Cuthbert,ocuthbertp9@indiatimes.com,251-612-2332,767 Lunder Plaza,Mobile,Alabama,36610
Zone 7,BLAGAIPER40,Blanket Flower,Gaillardia pulchella,Perennial,HP1000,Hansel and Petal,15.99,2,31.98,3966,Padraic Osban,posbanmn@redcross.org,916-969-9057,93935 Monument Point,Sacramento,California,94286
Zone 7,CARHALTRE74,Carolina Silverbell,Halesia carolina,Large Tree,HB2000,Holly Berry Tree Emporium,15.99,3,47.97,3966,Padraic Osban,posbanmn@redcross.org,916-969-9057,93935 Monument Point,Sacramento,California,94286
Zone 7,COMHAMSHR96,Common Witchhazel,Hamamelis virginiana,Large Shrub,HB2000,Holly Berry Tree Emporium,15.99,2,31.98,3966,Padraic Osban,posbanmn@redcross.org,916-969-9057,93935 Monument Point,Sacramento,California,94286
Zone 7,KINTHUSHR195,King’s Mantle,Thunbergia erecta,Large Shrub,HB2000,Holly Berry Tree Emporium,25.99,5,129.95,3966,Padraic Osban,posbanmn@redcross.org,916-969-9057,93935 Monument Point,Sacramento,California,94286
Zone 7,ZINZINANN424,Zinnia,Zinnia hybrids,Annuals,HP1000,Hansel and Petal,12.99,3,38.97,3966,Padraic Osban,posbanmn@redcross.org,916-969-9057,93935 Monument Point,Sacramento,California,94286
Zone 7,COPACASHR99,Copper Leaf,Acalypha wilkesiana,Large Shrub,HB2000,Holly Berry Tree Emporium,15.99,5,79.95,3064,Panchito Kirrage,pkirrage5q@discovery.com,213-619-9768,69268 Towne Hill,Los Angeles,California,90055
Zone 7,LADBRUSHR196,Lady of the Night,Brunfelsia americana,Small Shrub,HB2000,Holly Berry Tree Emporium,25.99,2,51.98,3064,Panchito Kirrage,pkirrage5q@discovery.com,213-619-9768,69268 Towne Hill,Los Angeles,California,90055
Zone 7,CARCARTRE75,Carpentaria Palm,Carpentaria acuminata,Medium Tree,HB2000,Holly Berry Tree Emporium,15.99,2,31.98,3064,Panchito Kirrage,pkirrage5q@discovery.com,213-619-9768,69268 Towne Hill,Los Angeles,California,90055
Zone 7,BLALIAPER41,Blazing Star,Liatris spp.,Perennial,HP1000,Hansel and Petal,15.99,1,15.99,3064,Panchito Kirrage,pkirrage5q@discovery.com,213-619-9768,69268 Towne Hill,Los Angeles,California,90055
Zone 7,ALEPTYPAL3,Alexander Palm,Ptychosperma elegans,Palm or Palm-Like,HB2000,Holly Berry Tree Emporium,15.99,3,47.97,3064,Panchito Kirrage,pkirrage5q@discovery.com,213-619-9768,69268 Towne Hill,Los Angeles,California,90055
Zone 7,FLOTRIGRA143,Florida Gama Grass,Tripsacum floridana,Grass,PF3000,Plant Fernishings,5.99,3,17.97,3590,Patricia Sherrott,psherrottp2@e-recht24.de,302-391-3666,8329 Sundown Alley,Newark,Delaware,19714
Zone 7,JAPBERSHR190,Japanese Barberry,Berberis thunbergii,Large Shrub,HB2000,Holly Berry Tree Emporium,25.99,1,25.99,1835,Pattin Wallman,pwallmanam@booking.com,203-658-1399,318 Anzinger Street,Stamford,Connecticut,6905
Zone 7,ALOALOSHR5,Aloe,Aloe spp.,Small Shrub,HB2000,Holly Berry Tree Emporium,15.99,1,15.99,2691,Paula Olivi,polivio2@ft.com,916-157-5425,5707 Hayes Drive,Sacramento,California,94286
Zone 7,CORERYSHR100,Coral Bean,Erythrina herbacea,Large Shrub,HB2000,Holly Berry Tree Emporium,15.99,3,47.97,2691,Paula Olivi,polivio2@ft.com,916-157-5425,5707 Hayes Drive,Sacramento,California,94286
Zone 7,BLOHAEPER42,Blood Lily,Haemanthus multiflorus,Perennial,HP1000,Hansel and Petal,15.99,2,31.98,2691,Paula Olivi,polivio2@ft.com,916-157-5425,5707 Hayes Drive,Sacramento,California,94286
Zone 7,LADRHAPAL197,Lady Palm,Rhapis excelsa,Palm or Palm-Like,HB2000,Holly Berry Tree Emporium,25.99,5,129.95,2691,Paula Olivi,polivio2@ft.com,916-157-5425,5707 Hayes Drive,Sacramento,California,94286
Zone 7,CEDULMTRE77,Cedar Elm,Ulmus crassifolia,Large Tree,HB2000,Holly Berry Tree Emporium,15.99,3,47.97,2691,Paula Olivi,polivio2@ft.com,916-157-5425,5707 Hayes Drive,Sacramento,California,94286
Zone 7,CENAGASHR80,Century Plant,Agave spp.,Large Shrub,HB2000,Holly Berry Tree Emporium,15.99,3,47.97,2023,Pearl Rollason,prollasoneg@washingtonpost.com,661-511-3688,38289 Everett Crossing,Lancaster,California,93584
Zone 7,LAUCOCSHR198,Laurelleaf Snailseed,Cocculus laurifolius,Large Shrub,HB2000,Holly Berry Tree Emporium,25.99,5,129.95,2023,Pearl Rollason,prollasoneg@washingtonpost.com,661-511-3688,38289 Everett Crossing,Lancaster,California,93584
Zone 7,BLUPHLPER44,Blue Phlox,Phlox divaricata,Perennial,HP1000,Hansel and Petal,15.99,2,31.98,2023,Pearl Rollason,prollasoneg@washingtonpost.com,661-511-3688,38289 Everett Crossing,Lancaster,California,93584
Zone 7,CRATABSHR102,Crape Jasmine,Tabernaemontana divaricata,Large Shrub,HB2000,Holly Berry Tree Emporium,15.99,2,31.98,2023,Pearl Rollason,prollasoneg@washingtonpost.com,661-511-3688,38289 Everett Crossing,Lancaster,California,93584
Zone 7,AMEULMTRE8,American Elm,Ulmus americana,Large Tree,HB2000,Holly Berry Tree Emporium,15.99,3,47.97,2023,Pearl Rollason,prollasoneg@washingtonpost.com,661-511-3688,38289 Everett Crossing,Lancaster,California,93584
Zone 7,AMEILETRE9,American Holly,Ilex opaca,Medium Tree,HB2000,Holly Berry Tree Emporium,15.99,3,47.97,2331,Pennie Sima,psima2w@whitehouse.gov,213-914-3690,46501 Monterey Parkway,Van Nuys,California,91411
Zone 7,CRALAGTRE103,Crapemyrtle,Lagerstroemia indica,Medium Tree,HB2000,Holly Berry Tree Emporium,15.99,5,79.95,2331,Pennie Sima,psima2w@whitehouse.gov,213-914-3690,46501 Monterey Parkway,Van Nuys,California,91411
Zone 7,BLUSISPER45,Blue-Eyed Grass,Sisyrinchium angustifolium,Perennial,HP1000,Hansel and Petal,15.99,1,15.99,2331,Pennie Sima,psima2w@whitehouse.gov,213-914-3690,46501 Monterey Parkway,Van Nuys,California,91411
Zone 7,AUSSPHFER17,Australian Tree Fern,Sphaeropteris cooperi,Fern,PF3000,Plant Fernishings,5.99,2,11.98,2331,Pennie Sima,psima2w@whitehouse.gov,213-914-3690,46501 Monterey Parkway,Van Nuys,California,91411
Zone 7,CHAVITSHR81,Chaste Tree,Vitex agnus-castus,Large Shrub,HB2000,Holly Berry Tree Emporium,15.99,2,31.98,2331,Pennie Sima,psima2w@whitehouse.gov,213-914-3690,46501 Monterey Parkway,Van Nuys,California,91411
Zone 7,GIANEPGRO158,Giant Sword Fern,Nephrolepis biserrata,Groundcover,PF3000,Plant Fernishings,5.99,3,17.97,3318,Petronia Tibbles,ptibbles6v@netvibes.com,302-906-9079,76 Canary Terrace,Wilmington,Delaware,19897
Zone 7,BAYSURSHR29,Bay Cedar,Suriana maritima,Large Shrub,HB2000,Holly Berry Tree Emporium,15.99,1,15.99,4042,Phaidra Ingerson,pingerson9f@webmd.com,520-216-8240,968 Green Ridge Road,Tucson,Arizona,85748
Zone 7,CHEACASHR82,Chenille Plant,Acalypha hispida,Small Shrub,HB2000,Holly Berry Tree Emporium,15.99,3,47.97,3002,Phillie Waylett,pwaylett1r@nymag.com,323-724-1832,66643 Green Ridge Place,Glendale,California,91205
Zone 7,BROBROPER54,Bromeliads,Bromeliaceae genera,Perennial,HP1000,Hansel and Petal,15.99,2,31.98,3002,Phillie Waylett,pwaylett1r@nymag.com,323-724-1832,66643 Green Ridge Place,Glendale,California,91205
Zone 7,CROCODSHR108,Croton,Codiaeum variegatum,Large Shrub,HB2000,Holly Berry Tree Emporium,15.99,2,31.98,3002,Phillie Waylett,pwaylett1r@nymag.com,323-724-1832,66643 Green Ridge Place,Glendale,California,91205
Zone 7,AUTDRYGRO18,Autumn Fern,Dryopteris spp.,Groundcover,PF3000,Plant Fernishings,5.99,5,29.95,3002,Phillie Waylett,pwaylett1r@nymag.com,323-724-1832,66643 Green Ridge Place,Glendale,California,91205
Zone 7,AMEOSTTRE10,American Hophornbeam,Ostrya virginiana,Medium Tree,HB2000,Holly Berry Tree Emporium,15.99,3,47.97,3002,Phillie Waylett,pwaylett1r@nymag.com,323-724-1832,66643 Green Ridge Place,Glendale,California,91205
Zone 7,BLUANDGRA46,Bluestem Grass,Andropogon spp.,Grass,PF3000,Plant Fernishings,5.99,2,11.98,3188,Phyllis Lafranconi,plafranconi4r@google.it,707-147-5590,705 Oak Valley Crossing,Petaluma,California,94975
Zone 7,BULBULPER58,Bulbine,Bulbine frutescens,Perennial,HP1000,Hansel and Petal,15.99,1,15.99,3188,Phyllis Lafranconi,plafranconi4r@google.it,707-147-5590,705 Oak Valley Crossing,Petaluma,California,94975
Zone 7,AMECARTRE11,American Hornbeam,Carpinus caroliniana,Medium Tree,HB2000,Holly Berry Tree Emporium,15.99,3,47.97,3188,Phyllis Lafranconi,plafranconi4r@google.it,707-147-5590,705 Oak Valley Crossing,Petaluma,California,94975
Zone 7,DAHILETRE110,Dahoon Holly,Ilex cassine and cvs.,Medium Tree,HB2000,Holly Berry Tree Emporium,15.99,5,79.95,3188,Phyllis Lafranconi,plafranconi4r@google.it,707-147-5590,705 Oak Valley Crossing,Petaluma,California,94975
Zone 7,CHIPRUTRE83,Chickasaw Plum,Prunus angustifolia,Small Tree,HB2000,Holly Berry Tree Emporium,15.99,2,31.98,3188,Phyllis Lafranconi,plafranconi4r@google.it,707-147-5590,705 Oak Valley Crossing,Petaluma,California,94975
Zone 7,ANGBRUSHR14,Angel’s Trumpet,Brugmansia Xcandida,Large Shrub,HB2000,Holly Berry Tree Emporium,15.99,3,47.97,1639,Pietro Teasell,pteasell6q@reddit.com,916-907-8120,2698 Brentwood Lane,Sacramento,California,94273
Zone 7,BUSEURPER61,Bush Daisy,Euryops spp.,Perennial,HP1000,Hansel and Petal,15.99,3,47.97,1639,Pietro Teasell,pteasell6q@reddit.com,916-907-8120,2698 Brentwood Lane,Sacramento,California,94273
Zone 7,DATPHOPAL111,Date Palms,Phoenix spp.,Palm or Palm-Like,HB2000,Holly Berry Tree Emporium,15.99,2,31.98,1639,Pietro Teasell,pteasell6q@reddit.com,916-907-8120,2698 Brentwood Lane,Sacramento,California,94273
Zone 7,BRAPTEFER52,Bracken Fern,Pteridium aquilinum,Fern,PF3000,Plant Fernishings,5.99,1,5.99,1639,Pietro Teasell,pteasell6q@reddit.com,916-907-8120,2698 Brentwood Lane,Sacramento,California,94273
Zone 7,CHIULMTRE84,Chinese Elm,Ulmus parvifolia and cvs.,Large Tree,HB2000,Holly Berry Tree Emporium,15.99,5,79.95,1639,Pietro Teasell,pteasell6q@reddit.com,916-907-8120,2698 Brentwood Lane,Sacramento,California,94273
Zone 7,ARICUPTRE15,Arizona Cypress,Cupressus arizonica var.,Medium Tree,HB2000,Holly Berry Tree Emporium,15.99,2,31.98,2274,Pooh Harlick,pharlick2n@techcrunch.com,626-442-9979,4493 Macpherson Place,Pasadena,California,91186
Zone 7,BUTHEDPER63,Butterfly Lily,Hedychium spp.,Perennial,HP1000,Hansel and Petal,15.99,3,47.97,2274,Pooh Harlick,pharlick2n@techcrunch.com,626-442-9979,4493 Macpherson Place,Pasadena,California,91186
Zone 7,CHILIVPAL85,Chinese Fan Palm,Livistona spp.,Palm or Palm-Like,HB2000,Holly Berry Tree Emporium,15.99,5,79.95,2274,Pooh Harlick,pharlick2n@techcrunch.com,626-442-9979,4493 Macpherson Place,Pasadena,California,91186
Zone 7,CINOSMFER90,Cinnamon Fern,Osmunda cinnamomea,Fern,PF3000,Plant Fernishings,5.99,1,5.99,2274,Pooh Harlick,pharlick2n@techcrunch.com,626-442-9979,4493 Macpherson Place,Pasadena,California,91186
Zone 7,DESSENTRE113,Desert Cassia,Senna polyphylla,Small Tree,HB2000,Holly Berry Tree Emporium,15.99,2,31.98,2274,Pooh Harlick,pharlick2n@techcrunch.com,626-442-9979,4493 Macpherson Place,Pasadena,California,91186
Zone 7,DEVARATRE114,Devil’s Walkingstick,Aralia spinosa,Small Tree,HB2000,Holly Berry Tree Emporium,15.99,1,15.99,3376,Portia Kock,pkockkj@npr.org,831-731-5900,78 Fairfield Pass,Salinas,California,93907
Zone 7,CALCALPER67,Caladium,Caladium Xhortulanum,Perennial,HP1000,Hansel and Petal,15.99,3,47.97,3376,Portia Kock,pkockkj@npr.org,831-731-5900,78 Fairfield Pass,Salinas,California,93907
Zone 7,CHICHITRE86,Chinese Fringetree,Chionanthus retusus,Small Tree,HB2000,Holly Berry Tree Emporium,15.99,2,31.98,3376,Portia Kock,pkockkj@npr.org,831-731-5900,78 Fairfield Pass,Salinas,California,93907
Zone 7,AVOPERTRE19,Avocado,Persea americana,Large Tree,HB2000,Holly Berry Tree Emporium,15.99,5,79.95,3376,Portia Kock,pkockkj@npr.org,831-731-5900,78 Fairfield Pass,Salinas,California,93907
Zone 7,CORSPAGRA101,Cordgrass,Spartina spp.,Grasses,PF3000,Plant Fernishings,5.99,3,17.97,3376,Portia Kock,pkockkj@npr.org,831-731-5900,78 Fairfield Pass,Salinas,California,93907
Zone 7,CANCANPER69,Canna Lily,Canna spp.,Perennial,HP1000,Hansel and Petal,15.99,2,31.98,3264,Prisca McTerlagh,pmcterlaghct@joomla.org,559-456-3212,738 Vernon Road,Fresno,California,93786
Zone 7,ELLERAGRA122,Elliott’s Lovegrass,Eragrostis elliottii,Grass,PF3000,Plant Fernishings,5.99,3,17.97,3264,Prisca McTerlagh,pmcterlaghct@joomla.org,559-456-3212,738 Vernon Road,Fresno,California,93786
Zone 7,CHIILETRE87,Chinese Holly,Ilex cornuta and cvs.,Small Tree,HB2000,Holly Berry Tree Emporium,15.99,1,15.99,3264,Prisca McTerlagh,pmcterlaghct@joomla.org,559-456-3212,738 Vernon Road,Fresno,California,93786
Zone 7,DOWJASSHR115,Downy Jasmine,Jasminum multiflorum,Large Shrub,HB2000,Holly Berry Tree Emporium,15.99,3,47.97,3264,Prisca McTerlagh,pmcterlaghct@joomla.org,559-456-3212,738 Vernon Road,Fresno,California,93786
Zone 7,AWAVIBTRE20,Awabuki Viburnum,Viburnum odoratissimum,Small Tree,HB2000,Holly Berry Tree Emporium,15.99,2,31.98,3264,Prisca McTerlagh,pmcterlaghct@joomla.org,559-456-3212,738 Vernon Road,Fresno,California,93786
Zone 7,BEACALSHR31,Beautyberry,Callicarpa americana,Large Shrub,HB2000,Holly Berry Tree Emporium,15.99,5,79.95,3421,Quillan Bethune,qbethuneeo@xrea.com,480-286-0284,797 Walton Crossing,Phoenix,Arizona,85005
Zone 7,HOLCYRGRO174,Holly Fern,Cyrtomium falcatum,Groundcover,PF3000,Plant Fernishings,5.99,2,11.98,3534,Quincy Gors,qgorsc3@wikipedia.org,302-330-6339,81035 Coolidge Way,Wilmington,Delaware,19897
Zone 7,CURCURPER109,Curcuma,Curcuma spp.,Perennial,HP1000,Hansel and Petal,15.99,3,47.97,1867,Raimundo Avard,ravardff@yelp.com,415-850-8906,3274 Fairfield Parkway,Oakland,California,94611
Zone 7,CHIJUNSHR88,Chinese Juniper,Juniperus chinensis and cvs.,Large Shrub,HB2000,Holly Berry Tree Emporium,15.99,2,31.98,1867,Raimundo Avard,ravardff@yelp.com,415-850-8906,3274 Fairfield Parkway,Oakland,California,94611
Zone 7,EVEPASGRA126,Evergreen Paspalum,Paspalum quadrifarium,Grass,PF3000,Plant Fernishings,5.99,3,17.97,1867,Raimundo Avard,ravardff@yelp.com,415-850-8906,3274 Fairfield Parkway,Oakland,California,94611
Zone 7,AZARHOSHR22,Azalea,Rhododendron cvs.,Large Shrub,HB2000,Holly Berry Tree Emporium,15.99,5,79.95,1867,Raimundo Avard,ravardff@yelp.com,415-850-8906,3274 Fairfield Parkway,Oakland,California,94611
Zone 7,DWASABSHR118,Dwarf Palmetto,Sabal minor,Large Shrub,HB2000,Holly Berry Tree Emporium,15.99,1,15.99,1867,Raimundo Avard,ravardff@yelp.com,415-850-8906,3274 Fairfield Parkway,Oakland,California,94611
Zone 7,BAMBAMSHR25,Bamboo,Bambusa spp.,Large Shrub,HB2000,Holly Berry Tree Emporium,15.99,2,31.98,3576,Raina Ranyelld,rranyelld5n@msn.com,805-711-8128,83 Mayer Point,Oxnard,California,93034
Zone 7,DAYHEMPER112,Daylily,Hemerocallis spp.,Perennial,HP1000,Hansel and Petal,15.99,2,31.98,3576,Raina Ranyelld,rranyelld5n@msn.com,805-711-8128,83 Mayer Point,Oxnard,California,93034
Zone 7,FETLYOSHR130,Fetterbush,Lyonia lucida,Small Shrub,HB2000,Holly Berry Tree Emporium,15.99,3,47.97,3576,Raina Ranyelld,rranyelld5n@msn.com,805-711-8128,83 Mayer Point,Oxnard,California,93034
Zone 7,CHRSENSHR89,Christmas Senna,Senna bicapsularis,Large Shrub,HB2000,Holly Berry Tree Emporium,13.99,1,13.99,3576,Raina Ranyelld,rranyelld5n@msn.com,805-711-8128,83 Mayer Point,Oxnard,California,93034
Zone 7,FAKTRIGRA128,Fakahatchee Grass,Tripsacum dactyloides,Grass,PF3000,Plant Fernishings,5.99,3,17.97,3576,Raina Ranyelld,rranyelld5n@msn.com,805-711-8128,83 Mayer Point,Oxnard,California,93034
Zone 7,JAPELATRE191,Japanese Blueberry,Elaeocarpus decipiens,Medium Tree,HB2000,Holly Berry Tree Emporium,25.99,5,129.95,2386,Randy Devo,rdevoqd@about.me,203-239-1492,486 Forster Street,Stamford,Connecticut,6922
Zone 7,DWAACAPER117,Dwarf Chenille Plant,Acalypha reptans,Perennial,HP1000,Hansel and Petal,15.99,2,31.98,3753,Rasia Purnell,rpurnelln9@irs.gov,951-117-2229,89 Wayridge Center,Riverside,California,92519
Zone 7,BAMCERPAL26,Bamboo Cycad,Ceratozamia hildae,Palm or Palm-Like,HB2000,Holly Berry Tree Emporium,15.99,2,31.98,3753,Rasia Purnell,rpurnelln9@irs.gov,951-117-2229,89 Wayridge Center,Riverside,California,92519
Zone 7,FIDCITTRE131,Fiddlewood,Citharexylum spinosum,Small Tree,HB2000,Holly Berry Tree Emporium,15.99,3,47.97,3753,Rasia Purnell,rpurnelln9@irs.gov,951-117-2229,89 Wayridge Center,Riverside,California,92519
Zone 7,CLETERSHR91,Cleyera,Ternstroemia gymnanthera,Large Shrub,HB2000,Holly Berry Tree Emporium,15.99,1,15.99,3753,Rasia Purnell,rpurnelln9@irs.gov,951-117-2229,89 Wayridge Center,Riverside,California,92519
Zone 7,FLOTRIGRA143,Florida Gama Grass,Tripsacum floridana,Grass,PF3000,Plant Fernishings,5.99,3,17.97,3753,Rasia Purnell,rpurnelln9@irs.gov,951-117-2229,89 Wayridge Center,Riverside,California,92519
Zone 7,COCCHRSHR94,Cocoplum,Chrysobalanus icaco,Large Shrub,HB2000,Holly Berry Tree Emporium,15.99,3,47.97,3553,Rayner Echalier,rechalier4o@hexun.com,213-264-3748,8213 Towne Point,Los Angeles,California,90189
Zone 7,FALCONPER129,False Rosemary,Conradina spp.,Perennial,HP1000,Hansel and Petal,15.99,5,79.95,3553,Rayner Echalier,rechalier4o@hexun.com,213-264-3748,8213 Towne Point,Los Angeles,California,90189
Zone 7,FIRHAMSHR132,Firebush,Hamelia patens,Large Shrub,HB2000,Holly Berry Tree Emporium,15.99,3,47.97,3553,Rayner Echalier,rechalier4o@hexun.com,213-264-3748,8213 Towne Point,Los Angeles,California,90189
Zone 7,BANMUSTRE27,Banana,Musa spp.,Small Tree,HB2000,Holly Berry Tree Emporium,15.99,1,15.99,3553,Rayner Echalier,rechalier4o@hexun.com,213-264-3748,8213 Towne Point,Los Angeles,California,90189
Zone 7,GIANEPGRO158,Giant Sword Fern,Nephrolepis biserrata,Groundcover,PF3000,Plant Fernishings,5.99,2,11.98,3553,Rayner Echalier,rechalier4o@hexun.com,213-264-3748,8213 Towne Point,Los Angeles,California,90189
Zone 7,FIRCROPER133,Firecracker Flower,Crossandra spp.,Perennial,HP1000,Hansel and Petal,15.99,2,31.98,1536,Rayshell Large,rlargefw@about.com,510-922-0764,23768 Ryan Hill,Berkeley,California,94712
Zone 7,HOLCYRGRO174,Holly Fern,Cyrtomium falcatum,Groundcover,PF3000,Plant Fernishings,5.99,5,29.95,1536,Rayshell Large,rlargefw@about.com,510-922-0764,23768 Ryan Hill,Berkeley,California,94712
Zone 7,COMHAMSHR96,Common Witchhazel,Hamamelis virginiana,Large Shrub,HB2000,Holly Berry Tree Emporium,15.99,3,47.97,1536,Rayshell Large,rlargefw@about.com,510-922-0764,23768 Ryan Hill,Berkeley,California,94712
Zone 7,BANMAGTRE28,Banana Shrub,Magnolia figo,Small Tree,HB2000,Holly Berry Tree Emporium,15.99,3,47.97,1536,Rayshell Large,rlargefw@about.com,510-922-0764,23768 Ryan Hill,Berkeley,California,94712
Zone 7,FIRRUSSHR134,Firecracker Plant,Russelia equisetiformis,Small Shrub,HB2000,Holly Berry Tree Emporium,15.99,2,31.98,1536,Rayshell Large,rlargefw@about.com,510-922-0764,23768 Ryan Hill,Berkeley,California,94712
Zone 7,CORERYSHR100,Coral Bean,Erythrina herbacea,Large Shrub,HB2000,Holly Berry Tree Emporium,15.99,1,15.99,3300,Rebeca Pear,rpearfs@nytimes.com,719-392-3844,75 Stone Corner Avenue,Pueblo,Colorado,81005
Zone 7,COPACASHR99,Copper Leaf,Acalypha wilkesiana,Large Shrub,HB2000,Holly Berry Tree Emporium,15.99,3,47.97,1909,Rebekah Haresnape,rharesnape60@mozilla.org,408-232-7375,3419 Golden Leaf Crossing,San Jose,California,95133
Zone 7,LEAACRSHR199,Leather Fern,Acrostichum danaeifolium,Large Shrub,PF3000,Plant Fernishings,5.99,5,29.95,1909,Rebekah Haresnape,rharesnape60@mozilla.org,408-232-7375,3419 Golden Leaf Crossing,San Jose,California,95133
Zone 7,FIRODOPER136,Firespike,Odontonema strictum,Perennial,HP1000,Hansel and Petal,15.99,2,31.98,1909,Rebekah Haresnape,rharesnape60@mozilla.org,408-232-7375,3419 Golden Leaf Crossing,San Jose,California,95133
Zone 7,FIRRUSSHR135,Firecracker Plant,Russelia sarmentosa,Small Shrub,HB2000,Holly Berry Tree Emporium,15.99,2,31.98,1909,Rebekah Haresnape,rharesnape60@mozilla.org,408-232-7375,3419 Golden Leaf Crossing,San Jose,California,95133
Zone 7,BAYSURSHR29,Bay Cedar,Suriana maritima,Large Shrub,HB2000,Holly Berry Tree Emporium,15.99,3,47.97,1909,Rebekah Haresnape,rharesnape60@mozilla.org,408-232-7375,3419 Golden Leaf Crossing,San Jose,California,95133
Zone 7,BEACALSHR31,Beautyberry,Callicarpa americana,Large Shrub,HB2000,Holly Berry Tree Emporium,15.99,3,47.97,2391,Rinaldo Lafayette,rlafayette8x@prlog.org,661-288-0461,488 Dovetail Street,Burbank,California,91520
Zone 7,CORERYSHR100,Coral Bean,Erythrina herbacea,Large Shrub,HB2000,Holly Berry Tree Emporium,15.99,2,31.98,2391,Rinaldo Lafayette,rlafayette8x@prlog.org,661-288-0461,488 Dovetail Street,Burbank,California,91520
Zone 7,FLAJUSANN139,Flamingo Plant,Justicia carnea,Annuals,HP1000,Hansel and Petal,15.99,1,15.99,2391,Rinaldo Lafayette,rlafayette8x@prlog.org,661-288-0461,488 Dovetail Street,Burbank,California,91520
Zone 7,FIRPYRSHR137,Firethorn,Pyracantha coccinea,Small Shrub,HB2000,Holly Berry Tree Emporium,15.99,5,79.95,2391,Rinaldo Lafayette,rlafayette8x@prlog.org,661-288-0461,488 Dovetail Street,Burbank,California,91520
Zone 7,LEARUMGRO200,Leatherleaf Fern,Rumohra adiantiformis,Groundcover,PF3000,Plant Fernishings,5.99,2,11.98,2391,Rinaldo Lafayette,rlafayette8x@prlog.org,661-288-0461,488 Dovetail Street,Burbank,California,91520
Zone 7,FISCARPAL138,Fishtail Palm,Caryota mitis,Palm or Palm-Like,HB2000,Holly Berry Tree Emporium,4.99,2,9.98,4109,Robbie Morriss,rmorrissek@cyberchimps.com,562-781-2202,99 Portage Trail,Long Beach,California,90810
Zone 7,LEMCYMGRA201,Lemongrass,Cymbopogon citratus,Grass,PF3000,Plant Fernishings,5.99,1,5.99,4109,Robbie Morriss,rmorrissek@cyberchimps.com,562-781-2202,99 Portage Trail,Long Beach,California,90810
Zone 7,FLADIAPER141,Flax Lily,Dianella spp.,Perennial,HP1000,Hansel and Petal,10.99,3,32.97,4109,Robbie Morriss,rmorrissek@cyberchimps.com,562-781-2202,99 Portage Trail,Long Beach,California,90810
Zone 7,BIRSTRSHR33,Bird of Paradise,Strelitzia reginae,Small Shrub,HB2000,Holly Berry Tree Emporium,15.99,2,31.98,4109,Robbie Morriss,rmorrissek@cyberchimps.com,562-781-2202,99 Portage Trail,Long Beach,California,90810
Zone 7,CRATABSHR102,Crape Jasmine,Tabernaemontana divaricata,Large Shrub,HB2000,Holly Berry Tree Emporium,15.99,5,79.95,4109,Robbie Morriss,rmorrissek@cyberchimps.com,562-781-2202,99 Portage Trail,Long Beach,California,90810
Zone 7,CRATABSHR102,Crape Jasmine,Tabernaemontana divaricata,Large Shrub,HB2000,Holly Berry Tree Emporium,15.99,3,47.97,3716,Robbie Tommei,rtommei67@narod.ru,303-525-8735,881 Homewood Parkway,Denver,Colorado,80249
Zone 7,BISBISPAL34,Bismarck Palm,Bismarckia nobilis,Palm or Palm-Like,HB2000,Holly Berry Tree Emporium,15.99,2,31.98,1483,Robby Drinkale,rdrinkale8z@tripod.com,209-943-7338,2203 Fordem Center,Fresno,California,93721
Zone 7,GAZGAZPER155,Gazania,Gazania spp.,Perennial,HP1000,Hansel and Petal,10.99,3,32.97,1483,Robby Drinkale,rdrinkale8z@tripod.com,209-943-7338,2203 Fordem Center,Fresno,California,93721
Zone 7,CRALAGTRE103,Crapemyrtle,Lagerstroemia indica,Medium Tree,HB2000,Holly Berry Tree Emporium,15.99,5,79.95,1483,Robby Drinkale,rdrinkale8z@tripod.com,209-943-7338,2203 Fordem Center,Fresno,California,93721
Zone 7,FLAPRUTRE140,Flatwoods Plum,Prunus umbellata,Small Tree,HB2000,Holly Berry Tree Emporium,15.99,2,31.98,1483,Robby Drinkale,rdrinkale8z@tripod.com,209-943-7338,2203 Fordem Center,Fresno,California,93721
Zone 7,LITSCHGRA206,Little Blue Stem Grass,Schizachyrium scoparium,Grass,PF3000,Plant Fernishings,25.99,1,25.99,1483,Robby Drinkale,rdrinkale8z@tripod.com,209-943-7338,2203 Fordem Center,Fresno,California,93721
Zone 7,CRALAGTRE103,Crapemyrtle,Lagerstroemia indica,Medium Tree,HB2000,Holly Berry Tree Emporium,15.99,3,47.97,1657,Robinet Attenbrow,rattenbrowb9@jigsy.com,303-367-3441,273 Grim Center,Aurora,Colorado,80044
Zone 7,BLABELPER37,Blackberry Lily,Belamcanda chinensis,Perennial,HP1000,Hansel and Petal,15.99,3,47.97,2680,Robinia Balog,rbalogiw@arstechnica.com,205-133-6098,565 Fairfield Terrace,Birmingham,Alabama,35220
Zone 7,BLAAVITRE35,Black Mangrove,Avicennia germinans,Medium Tree,HB2000,Holly Berry Tree Emporium,15.99,3,47.97,3548,Roderigo Anstie,ranstie17@wp.com,619-302-0240,82 Burning Wood Alley,San Diego,California,92137
Zone 7,CROCODSHR108,Croton,Codiaeum variegatum,Large Shrub,HB2000,Holly Berry Tree Emporium,15.99,2,31.98,3548,Roderigo Anstie,ranstie17@wp.com,619-302-0240,82 Burning Wood Alley,San Diego,California,92137
Zone 7,MAHDIDFER216,Mahogany Fern,Didymochlaena truncatula,Fern,PF3000,Plant Fernishings,25.99,2,51.98,3548,Roderigo Anstie,ranstie17@wp.com,619-302-0240,82 Burning Wood Alley,San Diego,California,92137
Zone 7,GLOGLOPER159,Gloriosa Lily,Gloriosa spp.,Perennial,HP1000,Hansel and Petal,10.99,1,10.99,3548,Roderigo Anstie,ranstie17@wp.com,619-302-0240,82 Burning Wood Alley,San Diego,California,92137
Zone 7,FLORHOSHR142,Florida Flame Azalea,Rhododendron austrinum,Large Shrub,HB2000,Holly Berry Tree Emporium,15.99,5,79.95,3548,Roderigo Anstie,ranstie17@wp.com,619-302-0240,82 Burning Wood Alley,San Diego,California,92137
Zone 7,BLARUDANN38,Black-Eyed Susan,Rudbeckia hirta,Annuals,HP1000,Hansel and Petal,15.99,3,47.97,3304,Roger Gilbee,rgilbeekq@cdbaby.com,251-339-6395,751 Crest Line Junction,Mobile,Alabama,36605
Zone 7,CROCODSHR108,Croton,Codiaeum variegatum,Large Shrub,HB2000,Holly Berry Tree Emporium,15.99,1,15.99,2335,Roi Marchand,rmarchandhj@google.ru,970-826-7483,46653 Lunder Circle,Greeley,Colorado,80638
Zone 7,BLABUCTRE36,Black Olive,Bucida buceras,Large Tree,HB2000,Holly Berry Tree Emporium,15.99,3,47.97,3055,Rollins Devil,rdevil97@feedburner.com,408-604-5195,69 Union Parkway,San Jose,California,95155
Zone 7,FLOFORTRE144,Florida Privet,Forestiera segregata,Small Tree,HB2000,Holly Berry Tree Emporium,15.99,2,31.98,3055,Rollins Devil,rdevil97@feedburner.com,408-604-5195,69 Union Parkway,San Jose,California,95155
Zone 7,DAHILETRE110,Dahoon Holly,Ilex cassine and cvs.,Medium Tree,HB2000,Holly Berry Tree Emporium,15.99,3,47.97,3055,Rollins Devil,rdevil97@feedburner.com,408-604-5195,69 Union Parkway,San Jose,California,95155
Zone 7,MUHMUHGRA230,Muhly Grass,Muhlenbergia capillaris,Grass,PF3000,Plant Fernishings,25.99,5,129.95,3055,Rollins Devil,rdevil97@feedburner.com,408-604-5195,69 Union Parkway,San Jose,California,95155
Zone 7,GOLPACPER164,Golden Shrimp Plant,Pachystachys lutea,Perennial,HP1000,Hansel and Petal,10.99,2,21.98,3055,Rollins Devil,rdevil97@feedburner.com,408-604-5195,69 Union Parkway,San Jose,California,95155
Zone 7,JAPCEPTRE192,Japanese Plum Yew,Cephalotaxus harringtonia,Small Tree,HB2000,Holly Berry Tree Emporium,25.99,1,25.99,3077,Romola O'Shiel,roshieldi@tiny.cc,203-194-8057,6964 Lindbergh Street,Bridgeport,Connecticut,6606
Zone 7,PANPANGRA245,Panic Grass,Panicum virgatum and cvs.,Grass,PF3000,Plant Fernishings,25.99,5,129.95,3900,Rona Kunisch,rkunischfi@dion.ne.jp,415-514-3255,911 Prentice Trail,San Francisco,California,94132
Zone 7,DATPHOPAL111,Date Palms,Phoenix spp.,Palm or Palm-Like,HB2000,Holly Berry Tree Emporium,15.99,3,47.97,3900,Rona Kunisch,rkunischfi@dion.ne.jp,415-514-3255,911 Prentice Trail,San Francisco,California,94132
Zone 7,BLUQUETRE47,Bluff Oak,Quercus austrina,Large Tree,HB2000,Holly Berry Tree Emporium,15.99,3,47.97,3900,Rona Kunisch,rkunischfi@dion.ne.jp,415-514-3255,911 Prentice Trail,San Francisco,California,94132
Zone 7,GOLSOLPER165,Goldenrod,Solidago spp.,Perennial,HP1000,Hansel and Petal,10.99,2,21.98,3900,Rona Kunisch,rkunischfi@dion.ne.jp,415-514-3255,911 Prentice Trail,San Francisco,California,94132
Zone 7,FLOTHRPAL145,Florida Thatch Palm,Thrinax radiata,Palm or Palm-Like,HB2000,Holly Berry Tree Emporium,15.99,2,31.98,3900,Rona Kunisch,rkunischfi@dion.ne.jp,415-514-3255,911 Prentice Trail,San Francisco,California,94132
Zone 7,BOTCALTRE48,Bottlebrush,Callistemon spp.,Small Tree,HB2000,Holly Berry Tree Emporium,15.99,3,47.97,2019,Ronalda Wisniowski,rwisniowskig8@baidu.com,714-171-9474,381 Carpenter Place,Anaheim,California,92812
Zone 7,FLOCHOTRE146,Floss-Silk Tree,Chorisia speciosa,Large Tree,HB2000,Holly Berry Tree Emporium,15.99,5,79.95,2019,Ronalda Wisniowski,rwisniowskig8@baidu.com,714-171-9474,381 Carpenter Place,Anaheim,California,92812
Zone 7,PURERAGRA285,Purple Lovegrass,Eragrostis spectabilis,Grass,PF3000,Plant Fernishings,25.99,2,51.98,2019,Ronalda Wisniowski,rwisniowskig8@baidu.com,714-171-9474,381 Carpenter Place,Anaheim,California,92812
Zone 7,HELHELPER170,Heliconia,Heliconia spp.,Perennial,HP1000,Hansel and Petal,10.99,1,10.99,2019,Ronalda Wisniowski,rwisniowskig8@baidu.com,714-171-9474,381 Carpenter Place,Anaheim,California,92812
Zone 7,DESSENTRE113,Desert Cassia,Senna polyphylla,Small Tree,HB2000,Holly Berry Tree Emporium,15.99,3,47.97,2019,Ronalda Wisniowski,rwisniowskig8@baidu.com,714-171-9474,381 Carpenter Place,Anaheim,California,92812
Zone 7,DEVARATRE114,Devil’s Walkingstick,Aralia spinosa,Small Tree,HB2000,Holly Berry Tree Emporium,15.99,2,31.98,1464,Ronny Knolles-Green,rknollesgreeno0@patch.com,415-551-4579,21549 Starling Parkway,San Francisco,California,94126
Zone 7,RIVCHAGRA299,River Oats,Chasmanthium latifolium,Grass,PF3000,Plant Fernishings,25.99,2,51.98,1464,Ronny Knolles-Green,rknollesgreeno0@patch.com,415-551-4579,21549 Starling Parkway,San Francisco,California,94126
Zone 7,FLOCORTRE147,Flowering Dogwood,Cornus florida,Small Tree,HB2000,Holly Berry Tree Emporium,15.99,5,79.95,1464,Ronny Knolles-Green,rknollesgreeno0@patch.com,415-551-4579,21549 Starling Parkway,San Francisco,California,94126
Zone 7,HURLYCPER177,Hurricane Lily,Lycoris spp.,Perennial,HP1000,Hansel and Petal,10.99,1,10.99,1464,Ronny Knolles-Green,rknollesgreeno0@patch.com,415-551-4579,21549 Starling Parkway,San Francisco,California,94126
Zone 7,BOXSEVSHR51,Boxthorn,Severinia buxifolia,Large Shrub,HB2000,Holly Berry Tree Emporium,15.99,3,47.97,1464,Ronny Knolles-Green,rknollesgreeno0@patch.com,415-551-4579,21549 Starling Parkway,San Francisco,California,94126
Zone 7,IMPIMPPER179,Impatiens,Impatiens spp.,Perennial,HP1000,Hansel and Petal,15.99,3,47.97,1804,Rossie Ruddle,rruddle1s@hhs.gov,760-972-7148,305 American Lane,San Bernardino,California,92415
Zone 7,DOWJASSHR115,Downy Jasmine,Jasminum multiflorum,Large Shrub,HB2000,Holly Berry Tree Emporium,15.99,5,79.95,1804,Rossie Ruddle,rruddle1s@hhs.gov,760-972-7148,305 American Lane,San Bernardino,California,92415
Zone 7,JABMYRTRE183,Jaboticaba,Myrciaria cauliflora,Small Tree,HB2000,Holly Berry Tree Emporium,15.99,2,31.98,1804,Rossie Ruddle,rruddle1s@hhs.gov,760-972-7148,305 American Lane,San Bernardino,California,92415
Zone 7,ROYOSMFER303,Royal Fern,Osmunda regalis,Fern,PF3000,Plant Fernishings,25.99,1,25.99,1804,Rossie Ruddle,rruddle1s@hhs.gov,760-972-7148,305 American Lane,San Bernardino,California,92415
Zone 7,BRITHRPAL53,Brittle Thatch Palm,Thrinax morrisii,Palm or Palm-Like,HB2000,Holly Berry Tree Emporium,15.99,2,31.98,1804,Rossie Ruddle,rruddle1s@hhs.gov,760-972-7148,305 American Lane,San Bernardino,California,92415
Zone 7,MEXCUPPER222,Mexican Heather,Cuphea hyssopifolia,Perennial,HP1000,Hansel and Petal,15.99,3,47.97,3890,Row Hebner,rhebner7v@hugedomains.com,714-296-4939,91 Ilene Pass,Irvine,California,92717
Zone 7,SALDISGRA310,Salt Grass,Distichlis spicata,Grass,PF3000,Plant Fernishings,25.99,3,77.97,3890,Row Hebner,rhebner7v@hugedomains.com,714-296-4939,91 Ilene Pass,Irvine,California,92717
Zone 7,JACJACTRE184,Jacaranda,Jacaranda mimosifolia,Medium Tree,HB2000,Holly Berry Tree Emporium,15.99,1,15.99,3890,Row Hebner,rhebner7v@hugedomains.com,714-296-4939,91 Ilene Pass,Irvine,California,92717
Zone 7,BUCPSEPAL55,Buccaneer Palm,Pseudophoenix sargentii,Palm or Palm-Like,HB2000,Holly Berry Tree Emporium,12.99,5,64.95,3890,Row Hebner,rhebner7v@hugedomains.com,714-296-4939,91 Ilene Pass,Irvine,California,92717
Zone 7,DWASABSHR118,Dwarf Palmetto,Sabal minor,Large Shrub,HB2000,Holly Berry Tree Emporium,15.99,2,31.98,3890,Row Hebner,rhebner7v@hugedomains.com,714-296-4939,91 Ilene Pass,Irvine,California,92717
Zone 7,BLAGAIPER40,Blanket Flower,Gaillardia pulchella,Perennial,HP1000,Hansel and Petal,15.99,2,31.98,1304,Roxana Charville,rcharville3k@ovh.net,256-521-6301,181 Sundown Crossing,Anniston,Alabama,36205
Zone 7,SOUADIFER337,Southern Maidenhair Fern,Adiantum capillus-veneris,Fern,PF3000,Plant Fernishings,25.99,3,77.97,1213,Rycca Sunshine,rsunshineln@cdc.gov,949-702-6599,14 Gerald Center,Orange,California,92867
Zone 7,JAMCAPTRE186,Jamaica Caper Tree,Capparis cynophallophora,Small Tree,HB2000,Holly Berry Tree Emporium,25.99,1,25.99,1213,Rycca Sunshine,rsunshineln@cdc.gov,949-702-6599,14 Gerald Center,Orange,California,92867
Zone 7,FETLYOSHR130,Fetterbush,Lyonia lucida,Small Shrub,HB2000,Holly Berry Tree Emporium,15.99,2,31.98,1213,Rycca Sunshine,rsunshineln@cdc.gov,949-702-6599,14 Gerald Center,Orange,California,92867
Zone 7,BUCSIDTRE56,Buckthorn,Sideroxylon spp.,Small Tree,HB2000,Holly Berry Tree Emporium,12.99,5,64.95,1213,Rycca Sunshine,rsunshineln@cdc.gov,949-702-6599,14 Gerald Center,Orange,California,92867
Zone 7,MEXTITANN224,Mexican Sunflower,Tithonia rotundiflora,Annuals,HP1000,Hansel and Petal,15.99,3,47.97,1213,Rycca Sunshine,rsunshineln@cdc.gov,949-702-6599,14 Gerald Center,Orange,California,92867
Zone 7,DAHILETRE110,Dahoon Holly,Ilex cassine and cvs.,Medium Tree,HB2000,Holly Berry Tree Emporium,15.99,2,31.98,1662,Ryun Tomkinson,rtomkinson47@nbcnews.com,303-797-6149,2750 Northland Parkway,Denver,Colorado,80217
Zone 7,KENHOWPAL194,Kentia Palm,Howea forsterana,Palm or Palm-Like,HB2000,Holly Berry Tree Emporium,25.99,3,77.97,2191,Sal Locock,slocockig@wp.com,203-469-6193,42110 Hansons Point,New Haven,Connecticut,6520
Zone 7,BLALIAPER41,Blazing Star,Liatris spp.,Perennial,HP1000,Hansel and Petal,15.99,3,47.97,1703,Sallyann Revington,srevington5b@de.vu,205-266-7499,291 Farmco Plaza,Tuscaloosa,Alabama,35487
Zone 7,FIDCITTRE131,Fiddlewood,Citharexylum spinosum,Small Tree,HB2000,Holly Berry Tree Emporium,15.99,3,47.97,2190,Salomon Griswood,sgriswood9u@forbes.com,858-128-0664,421 North Avenue,San Diego,California,92132
Zone 7,JAMPISTRE187,Jamaican Dogwood,Piscidia piscipula,Large Tree,HB2000,Holly Berry Tree Emporium,25.99,5,129.95,2190,Salomon Griswood,sgriswood9u@forbes.com,858-128-0664,421 North Avenue,San Diego,California,92132
Zone 7,RUDRUDPER306,Rudbeckia,Rudbeckia fulgida,Perennial,HP1000,Hansel and Petal,15.99,1,15.99,2190,Salomon Griswood,sgriswood9u@forbes.com,858-128-0664,421 North Avenue,San Diego,California,92132
Zone 7,SOUTHEGRO340,Southern Shield Fern,Thelypteris kunthii,Groundcover,PF3000,Plant Fernishings,25.99,2,51.98,2190,Salomon Griswood,sgriswood9u@forbes.com,858-128-0664,421 North Avenue,San Diego,California,92132
Zone 7,SWABLEFER358,Swamp Fern,Blechnum serrulatum,Fern,PF3000,Plant Fernishings,25.99,1,25.99,3647,Sara-ann Westby,swestby1v@msu.edu,510-778-1066,85117 Scott Center,Berkeley,California,94712
Zone 7,JAPFATSHR188,Japanese Aralia,Fatsia japonica,Large Shrub,HB2000,Holly Berry Tree Emporium,25.99,2,51.98,3647,Sara-ann Westby,swestby1v@msu.edu,510-778-1066,85117 Scott Center,Berkeley,California,94712
Zone 7,FIRHAMSHR132,Firebush,Hamelia patens,Large Shrub,HB2000,Holly Berry Tree Emporium,15.99,5,79.95,3647,Sara-ann Westby,swestby1v@msu.edu,510-778-1066,85117 Scott Center,Berkeley,California,94712
Zone 7,SALSALPER311,Salvia,Salvia spp.,Perennial,HP1000,Hansel and Petal,15.99,3,47.97,3647,Sara-ann Westby,swestby1v@msu.edu,510-778-1066,85117 Scott Center,Berkeley,California,94712
Zone 7,JAPBERSHR190,Japanese Barberry,Berberis thunbergii,Large Shrub,HB2000,Holly Berry Tree Emporium,25.99,3,77.97,1249,Sayres McAlindon,smcalindonb8@state.tx.us,209-389-2651,160 Raven Point,Stockton,California,95298
Zone 7,SCOHELPER320,Scorpion Tail,Heliotropium angiospermum,Perennial,HP1000,Hansel and Petal,15.99,2,31.98,1249,Sayres McAlindon,smcalindonb8@state.tx.us,209-389-2651,160 Raven Point,Stockton,California,95298
Zone 7,SWONEPGRO367,Sword Fern,Nephrolepis exaltata,Groundcover,PF3000,Plant Fernishings,25.99,3,77.97,1249,Sayres McAlindon,smcalindonb8@state.tx.us,209-389-2651,160 Raven Point,Stockton,California,95298
Zone 7,FIRRUSSHR134,Firecracker Plant,Russelia equisetiformis,Small Shrub,HB2000,Holly Berry Tree Emporium,15.99,1,15.99,1249,Sayres McAlindon,smcalindonb8@state.tx.us,209-389-2651,160 Raven Point,Stockton,California,95298
Zone 7,LITSCHGRA206,Little Blue Stem Grass,Schizachyrium scoparium,Grass,PF3000,Plant Fernishings,25.99,2,51.98,1232,Selia Albrighton,salbrightonbf@paginegialle.it,202-636-8025,15 Welch Plaza,Washington,District of Columbia,20520
Zone 7,SHEALPPER324,Shell Ginger,Alpinia spp.,Perennial,HP1000,Hansel and Petal,15.99,5,79.95,3870,Sharyl Brando,sbrando88@cpanel.net,619-235-3930,9007 Myrtle Center,San Diego,California,92170
Zone 7,TASDICFER371,Tasmanian Tree Fern,Dicksonia antarctica,Fern,PF3000,Plant Fernishings,25.99,2,51.98,3870,Sharyl Brando,sbrando88@cpanel.net,619-235-3930,9007 Myrtle Center,San Diego,California,92170
Zone 7,JAPELATRE191,Japanese Blueberry,Elaeocarpus decipiens,Medium Tree,HB2000,Holly Berry Tree Emporium,25.99,3,77.97,3870,Sharyl Brando,sbrando88@cpanel.net,619-235-3930,9007 Myrtle Center,San Diego,California,92170
Zone 7,FIRRUSSHR135,Firecracker Plant,Russelia sarmentosa,Small Shrub,HB2000,Holly Berry Tree Emporium,15.99,3,47.97,3870,Sharyl Brando,sbrando88@cpanel.net,619-235-3930,9007 Myrtle Center,San Diego,California,92170
Zone 7,JAPCEPTRE192,Japanese Plum Yew,Cephalotaxus harringtonia,Small Tree,HB2000,Holly Berry Tree Emporium,25.99,5,129.95,1322,Shaw Cawston,scawstoni0@imgur.com,626-739-5894,18809 Montana Circle,Pasadena,California,91117
Zone 7,SHRJUSPER327,Shrimp Plant,Justicia brandegeana,Perennial,HP1000,Hansel and Petal,15.99,1,15.99,1322,Shaw Cawston,scawstoni0@imgur.com,626-739-5894,18809 Montana Circle,Pasadena,California,91117
Zone 7,FIRPYRSHR137,Firethorn,Pyracantha coccinea,Small Shrub,HB2000,Holly Berry Tree Emporium,15.99,2,31.98,1322,Shaw Cawston,scawstoni0@imgur.com,626-739-5894,18809 Montana Circle,Pasadena,California,91117
Zone 7,TIGTHYGRA377,Tiger Grass,Thysanolaena maxima,Grass,PF3000,Plant Fernishings,25.99,2,51.98,1322,Shaw Cawston,scawstoni0@imgur.com,626-739-5894,18809 Montana Circle,Pasadena,California,91117
Zone 7,WIRARIGRA412,Wiregrass,Aristida stricta var. beyrichiana,Grass,PF3000,Plant Fernishings,9.99,3,29.97,3375,Shepherd Byas,sbyasnq@netvibes.com,213-844-8441,78 Dottie Street,Los Angeles,California,90087
Zone 7,FISCARPAL138,Fishtail Palm,Caryota mitis,Palm or Palm-Like,HB2000,Holly Berry Tree Emporium,4.99,2,9.98,3375,Shepherd Byas,sbyasnq@netvibes.com,213-844-8441,78 Dottie Street,Los Angeles,California,90087
Zone 7,KENHOWPAL194,Kentia Palm,Howea forsterana,Palm or Palm-Like,HB2000,Holly Berry Tree Emporium,25.99,1,25.99,3375,Shepherd Byas,sbyasnq@netvibes.com,213-844-8441,78 Dottie Street,Los Angeles,California,90087
Zone 7,SOCTULPER335,Society Garlic,Tulbaghia violacea,Perennial,HP1000,Hansel and Petal,15.99,3,47.97,3375,Shepherd Byas,sbyasnq@netvibes.com,213-844-8441,78 Dottie Street,Los Angeles,California,90087
Zone 7,DATPHOPAL111,Date Palms,Phoenix spp.,Palm or Palm-Like,HB2000,Holly Berry Tree Emporium,15.99,5,79.95,2024,Sherill Heis,sheis9c@blogtalkradio.com,303-662-2285,383 Buell Park,Denver,Colorado,80279
Zone 7,BIRSTRSHR33,Bird of Paradise,Strelitzia reginae,Small Shrub,HB2000,Holly Berry Tree Emporium,15.99,2,31.98,2688,Sherwood Waddingham,swaddingham6c@businessweek.com,520-884-3493,57 Forster Street,Prescott,Arizona,86305
Zone 7,VIRIRIPER388,Virginia Iris,Iris virginica,Perennial,HP1000,Hansel and Petal,15.99,3,47.97,2133,Sibelle Vassie,svassie59@cam.ac.uk,408-645-0310,40 Alpine Way,San Jose,California,95118
Zone 7,ZEBMISGRA423,Zebra Grass,Miscanthus sinensis,Grass,PF3000,Plant Fernishings,9.99,3,29.97,2133,Sibelle Vassie,svassie59@cam.ac.uk,408-645-0310,40 Alpine Way,San Jose,California,95118
Zone 7,FLAPRUTRE140,Flatwoods Plum,Prunus umbellata,Small Tree,HB2000,Holly Berry Tree Emporium,15.99,2,31.98,2133,Sibelle Vassie,svassie59@cam.ac.uk,408-645-0310,40 Alpine Way,San Jose,California,95118
Zone 7,KINTHUSHR195,King’s Mantle,Thunbergia erecta,Large Shrub,HB2000,Holly Berry Tree Emporium,25.99,1,25.99,2133,Sibelle Vassie,svassie59@cam.ac.uk,408-645-0310,40 Alpine Way,San Jose,California,95118
Zone 7,DESSENTRE113,Desert Cassia,Senna polyphylla,Small Tree,HB2000,Holly Berry Tree Emporium,15.99,5,79.95,3955,Sid Virgo,svirgol@noaa.gov,303-931-7922,9339 American Park,Aurora,Colorado,80044
Zone 7,VOOAMOPER390,Voodoo Lily,Amorphophallus spp.,Perennial,HP1000,Hansel and Petal,15.99,2,31.98,3071,Sidonia Maffy,smaffyjj@nbcnews.com,805-401-3418,69473 Swallow Pass,San Luis Obispo,California,93407
Zone 7,LADBRUSHR196,Lady of the Night,Brunfelsia americana,Small Shrub,HB2000,Holly Berry Tree Emporium,25.99,3,77.97,3071,Sidonia Maffy,smaffyjj@nbcnews.com,805-401-3418,69473 Swallow Pass,San Luis Obispo,California,93407
Zone 7,AFRDIEPER1,African Iris,Dietes iridoides,Perennial,HP1000,Hansel and Petal,25.99,3,77.97,3071,Sidonia Maffy,smaffyjj@nbcnews.com,805-401-3418,69473 Swallow Pass,San Luis Obispo,California,93407
Zone 7,FLORHOSHR142,Florida Flame Azalea,Rhododendron austrinum,Large Shrub,HB2000,Holly Berry Tree Emporium,15.99,1,15.99,3071,Sidonia Maffy,smaffyjj@nbcnews.com,805-401-3418,69473 Swallow Pass,San Luis Obispo,California,93407
Zone 7,AGEAGEANN2,Ageratum,Ageratum spp.,Annuals,HP1000,Hansel and Petal,25.99,5,129.95,2684,Siffre Hellcat,shellcatj9@economist.com,559-122-7163,5667 Troy Way,Fresno,California,93704
Zone 7,FLOFORTRE144,Florida Privet,Forestiera segregata,Small Tree,HB2000,Holly Berry Tree Emporium,15.99,3,47.97,2684,Siffre Hellcat,shellcatj9@economist.com,559-122-7163,5667 Troy Way,Fresno,California,93704
Zone 7,WALNEOPER391,Walking Iris,Neomarica gracilis,Perennial,HP1000,Hansel and Petal,15.99,2,31.98,2684,Siffre Hellcat,shellcatj9@economist.com,559-122-7163,5667 Troy Way,Fresno,California,93704
Zone 7,LADRHAPAL197,Lady Palm,Rhapis excelsa,Palm or Palm-Like,HB2000,Holly Berry Tree Emporium,25.99,2,51.98,2684,Siffre Hellcat,shellcatj9@economist.com,559-122-7163,5667 Troy Way,Fresno,California,93704
Zone 7,KINTHUSHR195,King’s Mantle,Thunbergia erecta,Large Shrub,HB2000,Holly Berry Tree Emporium,25.99,3,77.97,2897,Silvano Instrell,sinstrell7v@newyorker.com,203-189-8203,6239 Russell Crossing,Norwalk,Connecticut,6859
Zone 7,WAXBEGPER394,Wax Begonia,Begonia Xsemperflorens-cultorum,Perennial,HP1000,Hansel and Petal,14.99,1,14.99,2878,Skelly Bubb,sbubbhd@springer.com,415-696-7569,61985 Fordem Park,San Francisco,California,94147
Zone 7,LAUCOCSHR198,Laurelleaf Snailseed,Cocculus laurifolius,Large Shrub,HB2000,Holly Berry Tree Emporium,25.99,5,129.95,2878,Skelly Bubb,sbubbhd@springer.com,415-696-7569,61985 Fordem Park,San Francisco,California,94147
Zone 7,AMAHIPPER7,Amaryllis,Hippeastrum spp.,Perennial,HP1000,Hansel and Petal,25.99,2,51.98,2878,Skelly Bubb,sbubbhd@springer.com,415-696-7569,61985 Fordem Park,San Francisco,California,94147
Zone 7,FLOTHRPAL145,Florida Thatch Palm,Thrinax radiata,Palm or Palm-Like,HB2000,Holly Berry Tree Emporium,15.99,2,31.98,2878,Skelly Bubb,sbubbhd@springer.com,415-696-7569,61985 Fordem Park,San Francisco,California,94147
Zone 7,ANGANGPER13,Angelonia,Angelonia angustifolia,Perennial,HP1000,Hansel and Petal,25.99,3,77.97,2560,Skipper Bolger,sbolgerfn@epa.gov,916-234-8482,51919 Brown Plaza,Sacramento,California,94230
Zone 7,FLOCHOTRE146,Floss-Silk Tree,Chorisia speciosa,Large Tree,HB2000,Holly Berry Tree Emporium,15.99,2,31.98,2560,Skipper Bolger,sbolgerfn@epa.gov,916-234-8482,51919 Brown Plaza,Sacramento,California,94230
Zone 7,WHIGAUPER400,White Gaura,Gaura lindheimeri,Perennial,HP1000,Hansel and Petal,14.99,3,44.97,2560,Skipper Bolger,sbolgerfn@epa.gov,916-234-8482,51919 Brown Plaza,Sacramento,California,94230
Zone 7,AUSSPHFER17,Australian Tree Fern,Sphaeropteris cooperi,Fern,PF3000,Plant Fernishings,5.99,1,5.99,2560,Skipper Bolger,sbolgerfn@epa.gov,916-234-8482,51919 Brown Plaza,Sacramento,California,94230
Zone 7,BLOHAEPER42,Blood Lily,Haemanthus multiflorus,Perennial,HP1000,Hansel and Petal,15.99,5,79.95,2161,Sollie Ixer,sixer2o@wikipedia.org,251-940-4696,40971 Farmco Way,Mobile,Alabama,36622
Zone 7,BISBISPAL34,Bismarck Palm,Bismarckia nobilis,Palm or Palm-Like,HB2000,Holly Berry Tree Emporium,15.99,2,31.98,1301,Spence Yakobovitz,syakobovitz2r@newsvine.com,602-669-5612,1804 American Lane,Phoenix,Arizona,85025
Zone 7,DEVARATRE114,Devil’s Walkingstick,Aralia spinosa,Small Tree,HB2000,Holly Berry Tree Emporium,15.99,3,47.97,1298,Stacee Stollenhof,sstollenhofco@shinystat.com,719-878-0378,18018 Waxwing Trail,Colorado Springs,Colorado,80995
Zone 7,FLOCORTRE147,Flowering Dogwood,Cornus florida,Small Tree,HB2000,Holly Berry Tree Emporium,15.99,5,79.95,1521,Staci Zollner,szollner5m@skype.com,619-789-1594,23281 Southridge Alley,San Diego,California,92105
Zone 7,AUTDRYGRO18,Autumn Fern,Dryopteris spp.,Groundcover,PF3000,Plant Fernishings,5.99,2,11.98,1521,Staci Zollner,szollner5m@skype.com,619-789-1594,23281 Southridge Alley,San Diego,California,92105
Zone 7,WILLANPER407,Wild Sage,Lantana involucrata,Perennial,HP1000,Hansel and Petal,12.99,3,38.97,1521,Staci Zollner,szollner5m@skype.com,619-789-1594,23281 Southridge Alley,San Diego,California,92105
Zone 7,AZTSPRPER23,Aztec Lily,Sprekelia formosissima,Perennial,HP1000,Hansel and Petal,25.99,1,25.99,1521,Staci Zollner,szollner5m@skype.com,619-789-1594,23281 Southridge Alley,San Diego,California,92105
Zone 7,BLAAVITRE35,Black Mangrove,Avicennia germinans,Medium Tree,HB2000,Holly Berry Tree Emporium,15.99,2,31.98,3682,Stanton Hasnip,shasnip86@qq.com,520-496-6400,8672 Bayside Road,Tucson,Arizona,85705
Zone 7,BLABUCTRE36,Black Olive,Bucida buceras,Large Tree,HB2000,Holly Berry Tree Emporium,15.99,3,47.97,1519,Stephenie O' Liddy,sobu@squarespace.com,602-885-2988,232 Walton Lane,Phoenix,Arizona,85040
Zone 7,BLUANDGRA46,Bluestem Grass,Andropogon spp.,Grass,PF3000,Plant Fernishings,5.99,2,11.98,1606,Stephine Broadstock,sbroadstocklo@hao123.com,310-279-2389,26 Eagle Crest Terrace,Santa Monica,California,90410
Zone 7,BEAHELPER30,Beach Sunflower,Helianthus debilis,Perennial,HP1000,Hansel and Petal,15.99,1,15.99,1606,Stephine Broadstock,sbroadstocklo@hao123.com,310-279-2389,26 Eagle Crest Terrace,Santa Monica,California,90410
Zone 7,JABMYRTRE183,Jaboticaba,Myrciaria cauliflora,Small Tree,HB2000,Holly Berry Tree Emporium,15.99,5,79.95,1606,Stephine Broadstock,sbroadstocklo@hao123.com,310-279-2389,26 Eagle Crest Terrace,Santa Monica,California,90410
Zone 7,WISTORANN413,Wishbone Flower,Torenia fournieri,Annuals,HP1000,Hansel and Petal,12.99,3,38.97,1606,Stephine Broadstock,sbroadstocklo@hao123.com,310-279-2389,26 Eagle Crest Terrace,Santa Monica,California,90410
Zone 7,BLABELPER37,Blackberry Lily,Belamcanda chinensis,Perennial,HP1000,Hansel and Petal,15.99,3,47.97,2041,Stormy Ibbs,sibbsid@furl.net,626-216-7870,3904 Elmside Junction,Pasadena,California,91103
Zone 7,YELFLAPER420,Yellowtop,Flaveria linearis,Perennial,HP1000,Hansel and Petal,12.99,2,25.98,2041,Stormy Ibbs,sibbsid@furl.net,626-216-7870,3904 Elmside Junction,Pasadena,California,91103
Zone 7,JACJACTRE184,Jacaranda,Jacaranda mimosifolia,Medium Tree,HB2000,Holly Berry Tree Emporium,15.99,1,15.99,2041,Stormy Ibbs,sibbsid@furl.net,626-216-7870,3904 Elmside Junction,Pasadena,California,91103
Zone 7,BRAPTEFER52,Bracken Fern,Pteridium aquilinum,Fern,PF3000,Plant Fernishings,5.99,3,17.97,2041,Stormy Ibbs,sibbsid@furl.net,626-216-7870,3904 Elmside Junction,Pasadena,California,91103
Zone 7,BLUQUETRE47,Bluff Oak,Quercus austrina,Large Tree,HB2000,Holly Berry Tree Emporium,15.99,2,31.98,2732,Stuart Ruberti,sruberti9l@dion.ne.jp,602-945-2112,5864 Nelson Hill,Phoenix,Arizona,85020
Zone 7,JAMCAPTRE186,Jamaica Caper Tree,Capparis cynophallophora,Small Tree,HB2000,Holly Berry Tree Emporium,25.99,3,77.97,3525,Sybyl Bulled,sbulled7p@hibu.com,626-169-5184,8089 Moland Lane,Pasadena,California,91103
Zone 7,CINOSMFER90,Cinnamon Fern,Osmunda cinnamomea,Fern,PF3000,Plant Fernishings,5.99,3,17.97,3525,Sybyl Bulled,sbulled7p@hibu.com,626-169-5184,8089 Moland Lane,Pasadena,California,91103
Zone 7,BLARUDANN38,Black-Eyed Susan,Rudbeckia hirta,Annuals,HP1000,Hansel and Petal,15.99,2,31.98,3525,Sybyl Bulled,sbulled7p@hibu.com,626-169-5184,8089 Moland Lane,Pasadena,California,91103
Zone 7,ZINZINANN424,Zinnia,Zinnia hybrids,Annuals,HP1000,Hansel and Petal,12.99,5,64.95,3525,Sybyl Bulled,sbulled7p@hibu.com,626-169-5184,8089 Moland Lane,Pasadena,California,91103
Zone 7,FIRCROPER133,Firecracker Flower,Crossandra spp.,Perennial,HP1000,Hansel and Petal,15.99,1,15.99,3754,Tamarah Baynton,tbayntonjh@blogtalkradio.com,907-162-7982,892 Cordelia Park,Juneau,Alaska,99812
Zone 7,BLAGAIPER40,Blanket Flower,Gaillardia pulchella,Perennial,HP1000,Hansel and Petal,15.99,5,79.95,3175,Tan Traves,ttraves98@google.it,209-818-2743,7003 Scofield Avenue,Fresno,California,93721
Zone 7,JAMPISTRE187,Jamaican Dogwood,Piscidia piscipula,Large Tree,HB2000,Holly Berry Tree Emporium,25.99,3,77.97,3175,Tan Traves,ttraves98@google.it,209-818-2743,7003 Scofield Avenue,Fresno,California,93721
Zone 7,ALEPTYPAL3,Alexander Palm,Ptychosperma elegans,Palm or Palm-Like,HB2000,Holly Berry Tree Emporium,15.99,2,31.98,3175,Tan Traves,ttraves98@google.it,209-818-2743,7003 Scofield Avenue,Fresno,California,93721
Zone 7,CORSPAGRA101,Cordgrass,Spartina spp.,Grasses,PF3000,Plant Fernishings,5.99,2,11.98,3175,Tan Traves,ttraves98@google.it,209-818-2743,7003 Scofield Avenue,Fresno,California,93721
Zone 7,ALOALOSHR5,Aloe,Aloe spp.,Small Shrub,HB2000,Holly Berry Tree Emporium,15.99,3,47.97,2268,Tanney Hawkswood,thawkswoodbp@prweb.com,916-817-3301,44465 Sunnyside Parkway,Sacramento,California,94273
Zone 7,ELLERAGRA122,Elliott’s Lovegrass,Eragrostis elliottii,Grass,PF3000,Plant Fernishings,5.99,2,11.98,2268,Tanney Hawkswood,thawkswoodbp@prweb.com,916-817-3301,44465 Sunnyside Parkway,Sacramento,California,94273
Zone 7,JAPFATSHR188,Japanese Aralia,Fatsia japonica,Large Shrub,HB2000,Holly Berry Tree Emporium,25.99,5,129.95,2268,Tanney Hawkswood,thawkswoodbp@prweb.com,916-817-3301,44465 Sunnyside Parkway,Sacramento,California,94273
Zone 7,BLALIAPER41,Blazing Star,Liatris spp.,Perennial,HP1000,Hansel and Petal,15.99,1,15.99,2268,Tanney Hawkswood,thawkswoodbp@prweb.com,916-817-3301,44465 Sunnyside Parkway,Sacramento,California,94273
Zone 7,PURERAGRA285,Purple Lovegrass,Eragrostis spectabilis,Grass,PF3000,Plant Fernishings,25.99,2,51.98,1295,Terrence Lewisham,tlewisham51@intel.com,202-197-4367,18 Red Cloud Plaza,Washington,District of Columbia,20599
Zone 7,JAPBERSHR190,Japanese Barberry,Berberis thunbergii,Large Shrub,HB2000,Holly Berry Tree Emporium,25.99,2,51.98,1456,Thalia Cuniam,tcuniampb@smugmug.com,661-189-5642,21272 Autumn Leaf Center,Bakersfield,California,93399
Zone 7,BLOHAEPER42,Blood Lily,Haemanthus multiflorus,Perennial,HP1000,Hansel and Petal,15.99,3,47.97,1456,Thalia Cuniam,tcuniampb@smugmug.com,661-189-5642,21272 Autumn Leaf Center,Bakersfield,California,93399
Zone 7,EVEPASGRA126,Evergreen Paspalum,Paspalum quadrifarium,Grass,PF3000,Plant Fernishings,5.99,1,5.99,1456,Thalia Cuniam,tcuniampb@smugmug.com,661-189-5642,21272 Autumn Leaf Center,Bakersfield,California,93399
Zone 7,AMEULMTRE8,American Elm,Ulmus americana,Large Tree,HB2000,Holly Berry Tree Emporium,15.99,3,47.97,1456,Thalia Cuniam,tcuniampb@smugmug.com,661-189-5642,21272 Autumn Leaf Center,Bakersfield,California,93399
Zone 7,JAPELATRE191,Japanese Blueberry,Elaeocarpus decipiens,Medium Tree,HB2000,Holly Berry Tree Emporium,25.99,3,77.97,2272,Theadora Pavlov,tpavlovnh@nps.gov,626-924-1282,44815 Meadow Ridge Plaza,Pasadena,California,91103
Zone 7,AMEILETRE9,American Holly,Ilex opaca,Medium Tree,HB2000,Holly Berry Tree Emporium,15.99,5,79.95,2272,Theadora Pavlov,tpavlovnh@nps.gov,626-924-1282,44815 Meadow Ridge Plaza,Pasadena,California,91103
Zone 7,BLUPHLPER44,Blue Phlox,Phlox divaricata,Perennial,HP1000,Hansel and Petal,15.99,2,31.98,2272,Theadora Pavlov,tpavlovnh@nps.gov,626-924-1282,44815 Meadow Ridge Plaza,Pasadena,California,91103
Zone 7,FAKTRIGRA128,Fakahatchee Grass,Tripsacum dactyloides,Grass,PF3000,Plant Fernishings,5.99,3,17.97,2272,Theadora Pavlov,tpavlovnh@nps.gov,626-924-1282,44815 Meadow Ridge Plaza,Pasadena,California,91103
Zone 7,JAPCEPTRE192,Japanese Plum Yew,Cephalotaxus harringtonia,Small Tree,HB2000,Holly Berry Tree Emporium,25.99,3,77.97,1630,Thia Lorriman,tlorrimanqq@biglobe.ne.jp,408-693-6289,26500 School Center,San Jose,California,95108
Zone 7,FLADIAPER141,Flax Lily,Dianella spp.,Perennial,HP1000,Hansel and Petal,10.99,5,54.95,1630,Thia Lorriman,tlorrimanqq@biglobe.ne.jp,408-693-6289,26500 School Center,San Jose,California,95108
Zone 7,AMEOSTTRE10,American Hophornbeam,Ostrya virginiana,Medium Tree,HB2000,Holly Berry Tree Emporium,15.99,1,15.99,1630,Thia Lorriman,tlorrimanqq@biglobe.ne.jp,408-693-6289,26500 School Center,San Jose,California,95108
Zone 7,BLUSISPER45,Blue-Eyed Grass,Sisyrinchium angustifolium,Perennial,HP1000,Hansel and Petal,15.99,2,31.98,1630,Thia Lorriman,tlorrimanqq@biglobe.ne.jp,408-693-6289,26500 School Center,San Jose,California,95108
Zone 7,FAKTRIGRA128,Fakahatchee Grass,Tripsacum dactyloides,Grass,PF3000,Plant Fernishings,5.99,1,5.99,1630,Thia Lorriman,tlorrimanqq@biglobe.ne.jp,408-693-6289,26500 School Center,San Jose,California,95108
Zone 7,FLOTRIGRA143,Florida Gama Grass,Tripsacum floridana,Grass,PF3000,Plant Fernishings,5.99,3,17.97,1630,Thia Lorriman,tlorrimanqq@biglobe.ne.jp,408-693-6289,26500 School Center,San Jose,California,95108
Zone 7,FIRODOPER136,Firespike,Odontonema strictum,Perennial,HP1000,Hansel and Petal,15.99,2,31.98,1151,Thibaud Elloy,telloy3x@bigcartel.com,907-153-5339,113 Comanche Road,Anchorage,Alaska,99599
Zone 7,BROBROPER54,Bromeliads,Bromeliaceae genera,Perennial,HP1000,Hansel and Petal,15.99,2,31.98,1718,Thorvald Rippen,trippenig@wunderground.com,951-203-5071,298 Banding Point,Moreno Valley,California,92555
Zone 7,AMECARTRE11,American Hornbeam,Carpinus caroliniana,Medium Tree,HB2000,Holly Berry Tree Emporium,15.99,5,79.95,1718,Thorvald Rippen,trippenig@wunderground.com,951-203-5071,298 Banding Point,Moreno Valley,California,92555
Zone 7,GAZGAZPER155,Gazania,Gazania spp.,Perennial,HP1000,Hansel and Petal,10.99,3,32.97,1718,Thorvald Rippen,trippenig@wunderground.com,951-203-5071,298 Banding Point,Moreno Valley,California,92555
Zone 7,KENHOWPAL194,Kentia Palm,Howea forsterana,Palm or Palm-Like,HB2000,Holly Berry Tree Emporium,25.99,1,25.99,1718,Thorvald Rippen,trippenig@wunderground.com,951-203-5071,298 Banding Point,Moreno Valley,California,92555
Zone 7,GIANEPGRO158,Giant Sword Fern,Nephrolepis biserrata,Groundcover,PF3000,Plant Fernishings,5.99,3,17.97,1718,Thorvald Rippen,trippenig@wunderground.com,951-203-5071,298 Banding Point,Moreno Valley,California,92555
Zone 7,FLOTRIGRA143,Florida Gama Grass,Tripsacum floridana,Grass,PF3000,Plant Fernishings,5.99,2,11.98,1718,Thorvald Rippen,trippenig@wunderground.com,951-203-5071,298 Banding Point,Moreno Valley,California,92555
Zone 7,MAHDIDFER216,Mahogany Fern,Didymochlaena truncatula,Fern,PF3000,Plant Fernishings,25.99,5,129.95,1265,Tiena McGarry,tmcgarry75@narod.ru,202-356-4219,168 Nobel Crossing,Washington,District of Columbia,20220
Zone 7,BOTCALTRE48,Bottlebrush,Callistemon spp.,Small Tree,HB2000,Holly Berry Tree Emporium,15.99,2,31.98,1164,Timmy Toulch,ttoulchi5@ehow.com,602-174-5282,1237 Leroy Avenue,Phoenix,Arizona,85030
Zone 7,DOWJASSHR115,Downy Jasmine,Jasminum multiflorum,Large Shrub,HB2000,Holly Berry Tree Emporium,15.99,3,47.97,2689,Timotheus Walne,twalne97@google.co.jp,303-160-6083,57 Randy Way,Boulder,Colorado,80310
Zone 7,LEMCYMGRA201,Lemongrass,Cymbopogon citratus,Grass,PF3000,Plant Fernishings,5.99,3,17.97,1203,Tina Argontt,targonttna@indiegogo.com,202-759-9721,13628 Ohio Drive,Washington,District of Columbia,20238
Zone 7,PURERAGRA285,Purple Lovegrass,Eragrostis spectabilis,Grass,PF3000,Plant Fernishings,25.99,1,25.99,1918,Tisha Underhill,tunderhillcb@hp.com,202-760-2095,3444 Fremont Lane,Washington,District of Columbia,20337
Zone 7,ANGBRUSHR14,Angel’s Trumpet,Brugmansia Xcandida,Large Shrub,HB2000,Holly Berry Tree Emporium,15.99,2,31.98,1604,Tomasina Belbin,tbelbin3b@is.gd,510-822-1036,26 Amoth Road,Berkeley,California,94712
Zone 7,BULBULPER58,Bulbine,Bulbine frutescens,Perennial,HP1000,Hansel and Petal,15.99,5,79.95,1604,Tomasina Belbin,tbelbin3b@is.gd,510-822-1036,26 Amoth Road,Berkeley,California,94712
Zone 7,HOLCYRGRO174,Holly Fern,Cyrtomium falcatum,Groundcover,PF3000,Plant Fernishings,5.99,3,17.97,1604,Tomasina Belbin,tbelbin3b@is.gd,510-822-1036,26 Amoth Road,Berkeley,California,94712
Zone 7,GLOGLOPER159,Gloriosa Lily,Gloriosa spp.,Perennial,HP1000,Hansel and Petal,10.99,2,21.98,1604,Tomasina Belbin,tbelbin3b@is.gd,510-822-1036,26 Amoth Road,Berkeley,California,94712
Zone 7,GIANEPGRO158,Giant Sword Fern,Nephrolepis biserrata,Groundcover,PF3000,Plant Fernishings,5.99,1,5.99,1604,Tomasina Belbin,tbelbin3b@is.gd,510-822-1036,26 Amoth Road,Berkeley,California,94712
Zone 7,KINTHUSHR195,King’s Mantle,Thunbergia erecta,Large Shrub,HB2000,Holly Berry Tree Emporium,25.99,3,77.97,1604,Tomasina Belbin,tbelbin3b@is.gd,510-822-1036,26 Amoth Road,Berkeley,California,94712
Zone 7,LEAACRSHR199,Leather Fern,Acrostichum danaeifolium,Large Shrub,PF3000,Plant Fernishings,5.99,3,17.97,4094,Tome Ettles,tettlescg@wikimedia.org,626-180-6416,98516 Del Sol Terrace,Pasadena,California,91186
Zone 7,LADBRUSHR196,Lady of the Night,Brunfelsia americana,Small Shrub,HB2000,Holly Berry Tree Emporium,25.99,3,77.97,4094,Tome Ettles,tettlescg@wikimedia.org,626-180-6416,98516 Del Sol Terrace,Pasadena,California,91186
Zone 7,ARICUPTRE15,Arizona Cypress,Cupressus arizonica var.,Medium Tree,HB2000,Holly Berry Tree Emporium,15.99,2,31.98,4094,Tome Ettles,tettlescg@wikimedia.org,626-180-6416,98516 Del Sol Terrace,Pasadena,California,91186
Zone 7,HOLCYRGRO174,Holly Fern,Cyrtomium falcatum,Groundcover,PF3000,Plant Fernishings,5.99,1,5.99,4094,Tome Ettles,tettlescg@wikimedia.org,626-180-6416,98516 Del Sol Terrace,Pasadena,California,91186
Zone 7,BUSEURPER61,Bush Daisy,Euryops spp.,Perennial,HP1000,Hansel and Petal,15.99,5,79.95,4094,Tome Ettles,tettlescg@wikimedia.org,626-180-6416,98516 Del Sol Terrace,Pasadena,California,91186
Zone 7,GOLPACPER164,Golden Shrimp Plant,Pachystachys lutea,Perennial,HP1000,Hansel and Petal,10.99,2,21.98,4094,Tome Ettles,tettlescg@wikimedia.org,626-180-6416,98516 Del Sol Terrace,Pasadena,California,91186
Zone 7,BLUPHLPER44,Blue Phlox,Phlox divaricata,Perennial,HP1000,Hansel and Petal,15.99,2,31.98,1177,Torrin West,twest8o@friendfeed.com,251-259-1682,127 Oak Park,Mobile,Alabama,36605
Zone 7,DWASABSHR118,Dwarf Palmetto,Sabal minor,Large Shrub,HB2000,Holly Berry Tree Emporium,15.99,5,79.95,4080,Tracie Pegden,tpegden7c@google.de,303-792-5477,98 Towne Lane,Denver,Colorado,80241
Zone 7,LEAACRSHR199,Leather Fern,Acrostichum danaeifolium,Large Shrub,PF3000,Plant Fernishings,5.99,2,11.98,1923,Tracy Lynock,tlynock21@wunderground.com,916-277-7331,34657 Hintze Parkway,Chico,California,95973
Zone 7,BUTHEDPER63,Butterfly Lily,Hedychium spp.,Perennial,HP1000,Hansel and Petal,15.99,3,47.97,1923,Tracy Lynock,tlynock21@wunderground.com,916-277-7331,34657 Hintze Parkway,Chico,California,95973
Zone 7,AVOPERTRE19,Avocado,Persea americana,Large Tree,HB2000,Holly Berry Tree Emporium,15.99,3,47.97,1923,Tracy Lynock,tlynock21@wunderground.com,916-277-7331,34657 Hintze Parkway,Chico,California,95973
Zone 7,LADRHAPAL197,Lady Palm,Rhapis excelsa,Palm or Palm-Like,HB2000,Holly Berry Tree Emporium,25.99,5,129.95,1923,Tracy Lynock,tlynock21@wunderground.com,916-277-7331,34657 Hintze Parkway,Chico,California,95973
Zone 7,LEARUMGRO200,Leatherleaf Fern,Rumohra adiantiformis,Groundcover,PF3000,Plant Fernishings,5.99,2,11.98,1923,Tracy Lynock,tlynock21@wunderground.com,916-277-7331,34657 Hintze Parkway,Chico,California,95973
Zone 7,GOLSOLPER165,Goldenrod,Solidago spp.,Perennial,HP1000,Hansel and Petal,10.99,1,10.99,1923,Tracy Lynock,tlynock21@wunderground.com,916-277-7331,34657 Hintze Parkway,Chico,California,95973
Zone 7,CALCALPER67,Caladium,Caladium Xhortulanum,Perennial,HP1000,Hansel and Petal,15.99,3,47.97,4015,Tracy Marians,tmariansc4@dmoz.org,626-469-5165,96 Carey Drive,Corona,California,92883
Zone 7,LAUCOCSHR198,Laurelleaf Snailseed,Cocculus laurifolius,Large Shrub,HB2000,Holly Berry Tree Emporium,25.99,5,129.95,4015,Tracy Marians,tmariansc4@dmoz.org,626-469-5165,96 Carey Drive,Corona,California,92883
Zone 7,LEMCYMGRA201,Lemongrass,Cymbopogon citratus,Grass,PF3000,Plant Fernishings,5.99,2,11.98,4015,Tracy Marians,tmariansc4@dmoz.org,626-469-5165,96 Carey Drive,Corona,California,92883
Zone 7,HELHELPER170,Heliconia,Heliconia spp.,Perennial,HP1000,Hansel and Petal,10.99,1,10.99,4015,Tracy Marians,tmariansc4@dmoz.org,626-469-5165,96 Carey Drive,Corona,California,92883
Zone 7,LEARUMGRO200,Leatherleaf Fern,Rumohra adiantiformis,Groundcover,PF3000,Plant Fernishings,5.99,2,11.98,4015,Tracy Marians,tmariansc4@dmoz.org,626-469-5165,96 Carey Drive,Corona,California,92883
Zone 7,AWAVIBTRE20,Awabuki Viburnum,Viburnum odoratissimum,Small Tree,HB2000,Holly Berry Tree Emporium,15.99,3,47.97,4015,Tracy Marians,tmariansc4@dmoz.org,626-469-5165,96 Carey Drive,Corona,California,92883
Zone 7,CANCANPER69,Canna Lily,Canna spp.,Perennial,HP1000,Hansel and Petal,15.99,3,47.97,2961,Trevar Pfleger,tpflegere7@ca.gov,559-860-0322,65 Burning Wood Court,Visalia,California,93291
Zone 7,LEMCYMGRA201,Lemongrass,Cymbopogon citratus,Grass,PF3000,Plant Fernishings,5.99,2,11.98,2961,Trevar Pfleger,tpflegere7@ca.gov,559-860-0322,65 Burning Wood Court,Visalia,California,93291
Zone 7,HURLYCPER177,Hurricane Lily,Lycoris spp.,Perennial,HP1000,Hansel and Petal,10.99,1,10.99,2961,Trevar Pfleger,tpflegere7@ca.gov,559-860-0322,65 Burning Wood Court,Visalia,California,93291
Zone 7,AZARHOSHR22,Azalea,Rhododendron cvs.,Large Shrub,HB2000,Holly Berry Tree Emporium,15.99,3,47.97,2961,Trevar Pfleger,tpflegere7@ca.gov,559-860-0322,65 Burning Wood Court,Visalia,California,93291
Zone 7,LITSCHGRA206,Little Blue Stem Grass,Schizachyrium scoparium,Grass,PF3000,Plant Fernishings,25.99,2,51.98,2961,Trevar Pfleger,tpflegere7@ca.gov,559-860-0322,65 Burning Wood Court,Visalia,California,93291
Zone 7,AUSSPHFER17,Australian Tree Fern,Sphaeropteris cooperi,Fern,PF3000,Plant Fernishings,5.99,5,29.95,2961,Trevar Pfleger,tpflegere7@ca.gov,559-860-0322,65 Burning Wood Court,Visalia,California,93291
Zone 7,BAMBAMSHR25,Bamboo,Bambusa spp.,Large Shrub,HB2000,Holly Berry Tree Emporium,15.99,3,47.97,3530,Tris Schouthede,tschouthedepc@1und1.de,916-713-7135,80993 Grover Road,Sacramento,California,94263
Zone 7,CURCURPER109,Curcuma,Curcuma spp.,Perennial,HP1000,Hansel and Petal,15.99,3,47.97,3530,Tris Schouthede,tschouthedepc@1und1.de,916-713-7135,80993 Grover Road,Sacramento,California,94263
Zone 7,MAHDIDFER216,Mahogany Fern,Didymochlaena truncatula,Fern,PF3000,Plant Fernishings,25.99,2,51.98,3530,Tris Schouthede,tschouthedepc@1und1.de,916-713-7135,80993 Grover Road,Sacramento,California,94263
Zone 7,AUTDRYGRO18,Autumn Fern,Dryopteris spp.,Groundcover,PF3000,Plant Fernishings,5.99,5,29.95,3530,Tris Schouthede,tschouthedepc@1und1.de,916-713-7135,80993 Grover Road,Sacramento,California,94263
Zone 7,IMPIMPPER179,Impatiens,Impatiens spp.,Perennial,HP1000,Hansel and Petal,15.99,1,15.99,3530,Tris Schouthede,tschouthedepc@1und1.de,916-713-7135,80993 Grover Road,Sacramento,California,94263
Zone 7,LITSCHGRA206,Little Blue Stem Grass,Schizachyrium scoparium,Grass,PF3000,Plant Fernishings,25.99,2,51.98,3530,Tris Schouthede,tschouthedepc@1und1.de,916-713-7135,80993 Grover Road,Sacramento,California,94263
Zone 7,BLUSISPER45,Blue-Eyed Grass,Sisyrinchium angustifolium,Perennial,HP1000,Hansel and Petal,15.99,3,47.97,4057,Trixie Janisson,tjanissondo@oakley.com,205-726-0380,97072 Fairfield Way,Tuscaloosa,Alabama,35405
Zone 7,SOUADIFER337,Southern Maidenhair Fern,Adiantum capillus-veneris,Fern,PF3000,Plant Fernishings,25.99,2,51.98,2657,Umberto Lamboll,ulamboll9z@sciencedirect.com,559-628-8903,552 Rockefeller Park,Fresno,California,93740
Zone 7,BLUANDGRA46,Bluestem Grass,Andropogon spp.,Grass,PF3000,Plant Fernishings,5.99,2,11.98,2657,Umberto Lamboll,ulamboll9z@sciencedirect.com,559-628-8903,552 Rockefeller Park,Fresno,California,93740
Zone 7,WIRARIGRA412,Wiregrass,Aristida stricta var. beyrichiana,Grass,PF3000,Plant Fernishings,9.99,3,29.97,2657,Umberto Lamboll,ulamboll9z@sciencedirect.com,559-628-8903,552 Rockefeller Park,Fresno,California,93740
Zone 7,BAMCERPAL26,Bamboo Cycad,Ceratozamia hildae,Palm or Palm-Like,HB2000,Holly Berry Tree Emporium,15.99,3,47.97,2657,Umberto Lamboll,ulamboll9z@sciencedirect.com,559-628-8903,552 Rockefeller Park,Fresno,California,93740
Zone 7,MEXCUPPER222,Mexican Heather,Cuphea hyssopifolia,Perennial,HP1000,Hansel and Petal,15.99,2,31.98,2657,Umberto Lamboll,ulamboll9z@sciencedirect.com,559-628-8903,552 Rockefeller Park,Fresno,California,93740
Zone 7,MAHDIDFER216,Mahogany Fern,Didymochlaena truncatula,Fern,PF3000,Plant Fernishings,25.99,5,129.95,2657,Umberto Lamboll,ulamboll9z@sciencedirect.com,559-628-8903,552 Rockefeller Park,Fresno,California,93740
Zone 7,BLOHAEPER42,Blood Lily,Haemanthus multiflorus,Perennial,HP1000,Hansel and Petal,15.99,1,15.99,2657,Umberto Lamboll,ulamboll9z@sciencedirect.com,559-628-8903,552 Rockefeller Park,Fresno,California,93740
Zone 7,DAYHEMPER112,Daylily,Hemerocallis spp.,Perennial,HP1000,Hansel and Petal,15.99,1,15.99,2657,Umberto Lamboll,ulamboll9z@sciencedirect.com,559-628-8903,552 Rockefeller Park,Fresno,California,93740
Zone 7,MUHMUHGRA230,Muhly Grass,Muhlenbergia capillaris,Grass,PF3000,Plant Fernishings,25.99,5,129.95,2657,Umberto Lamboll,ulamboll9z@sciencedirect.com,559-628-8903,552 Rockefeller Park,Fresno,California,93740
Zone 7,AZTSPRPER23,Aztec Lily,Sprekelia formosissima,Perennial,HP1000,Hansel and Petal,25.99,3,77.97,2657,Umberto Lamboll,ulamboll9z@sciencedirect.com,559-628-8903,552 Rockefeller Park,Fresno,California,93740
Zone 7,DWAACAPER117,Dwarf Chenille Plant,Acalypha reptans,Perennial,HP1000,Hansel and Petal,15.99,3,47.97,1111,Umeko Dongate,udongategw@soundcloud.com,916-184-6313,10 Tony Lane,Sacramento,California,94297
Zone 7,BEAHELPER30,Beach Sunflower,Helianthus debilis,Perennial,HP1000,Hansel and Petal,15.99,2,31.98,1111,Umeko Dongate,udongategw@soundcloud.com,916-184-6313,10 Tony Lane,Sacramento,California,94297
Zone 7,ZEBMISGRA423,Zebra Grass,Miscanthus sinensis,Grass,PF3000,Plant Fernishings,9.99,5,49.95,1111,Umeko Dongate,udongategw@soundcloud.com,916-184-6313,10 Tony Lane,Sacramento,California,94297
Zone 7,MUHMUHGRA230,Muhly Grass,Muhlenbergia capillaris,Grass,PF3000,Plant Fernishings,25.99,1,25.99,1111,Umeko Dongate,udongategw@soundcloud.com,916-184-6313,10 Tony Lane,Sacramento,California,94297
Zone 7,BANMUSTRE27,Banana,Musa spp.,Small Tree,HB2000,Holly Berry Tree Emporium,15.99,2,31.98,1111,Umeko Dongate,udongategw@soundcloud.com,916-184-6313,10 Tony Lane,Sacramento,California,94297
Zone 7,PANPANGRA245,Panic Grass,Panicum virgatum and cvs.,Grass,PF3000,Plant Fernishings,25.99,1,25.99,1111,Umeko Dongate,udongategw@soundcloud.com,916-184-6313,10 Tony Lane,Sacramento,California,94297
Zone 7,BLUPHLPER44,Blue Phlox,Phlox divaricata,Perennial,HP1000,Hansel and Petal,15.99,3,47.97,1111,Umeko Dongate,udongategw@soundcloud.com,916-184-6313,10 Tony Lane,Sacramento,California,94297
Zone 7,BRAPTEFER52,Bracken Fern,Pteridium aquilinum,Fern,PF3000,Plant Fernishings,5.99,3,17.97,1111,Umeko Dongate,udongategw@soundcloud.com,916-184-6313,10 Tony Lane,Sacramento,California,94297
Zone 7,SOUTHEGRO340,Southern Shield Fern,Thelypteris kunthii,Groundcover,PF3000,Plant Fernishings,25.99,2,51.98,1111,Umeko Dongate,udongategw@soundcloud.com,916-184-6313,10 Tony Lane,Sacramento,California,94297
Zone 7,MEXTITANN224,Mexican Sunflower,Tithonia rotundiflora,Annuals,HP1000,Hansel and Petal,15.99,3,47.97,1111,Umeko Dongate,udongategw@soundcloud.com,916-184-6313,10 Tony Lane,Sacramento,California,94297
Zone 7,BLABELPER37,Blackberry Lily,Belamcanda chinensis,Perennial,HP1000,Hansel and Petal,15.99,2,31.98,1805,Una Crosier,ucrosier1e@go.com,213-391-3212,30504 Doe Crossing Drive,Los Angeles,California,90189
Zone 7,SWABLEFER358,Swamp Fern,Blechnum serrulatum,Fern,PF3000,Plant Fernishings,25.99,3,77.97,1805,Una Crosier,ucrosier1e@go.com,213-391-3212,30504 Doe Crossing Drive,Los Angeles,California,90189
Zone 7,FALCONPER129,False Rosemary,Conradina spp.,Perennial,HP1000,Hansel and Petal,15.99,5,79.95,1805,Una Crosier,ucrosier1e@go.com,213-391-3212,30504 Doe Crossing Drive,Los Angeles,California,90189
Zone 7,AFRDIEPER1,African Iris,Dietes iridoides,Perennial,HP1000,Hansel and Petal,25.99,1,25.99,1805,Una Crosier,ucrosier1e@go.com,213-391-3212,30504 Doe Crossing Drive,Los Angeles,California,90189
Zone 7,PURERAGRA285,Purple Lovegrass,Eragrostis spectabilis,Grass,PF3000,Plant Fernishings,25.99,3,77.97,1805,Una Crosier,ucrosier1e@go.com,213-391-3212,30504 Doe Crossing Drive,Los Angeles,California,90189
Zone 7,BANMAGTRE28,Banana Shrub,Magnolia figo,Small Tree,HB2000,Holly Berry Tree Emporium,15.99,2,31.98,1805,Una Crosier,ucrosier1e@go.com,213-391-3212,30504 Doe Crossing Drive,Los Angeles,California,90189
Zone 7,CINOSMFER90,Cinnamon Fern,Osmunda cinnamomea,Fern,PF3000,Plant Fernishings,5.99,2,11.98,1805,Una Crosier,ucrosier1e@go.com,213-391-3212,30504 Doe Crossing Drive,Los Angeles,California,90189
Zone 7,PANPANGRA245,Panic Grass,Panicum virgatum and cvs.,Grass,PF3000,Plant Fernishings,25.99,3,77.97,1805,Una Crosier,ucrosier1e@go.com,213-391-3212,30504 Doe Crossing Drive,Los Angeles,California,90189
Zone 7,RUDRUDPER306,Rudbeckia,Rudbeckia fulgida,Perennial,HP1000,Hansel and Petal,15.99,2,31.98,1805,Una Crosier,ucrosier1e@go.com,213-391-3212,30504 Doe Crossing Drive,Los Angeles,California,90189
Zone 7,BLUSISPER45,Blue-Eyed Grass,Sisyrinchium angustifolium,Perennial,HP1000,Hansel and Petal,15.99,5,79.95,1805,Una Crosier,ucrosier1e@go.com,213-391-3212,30504 Doe Crossing Drive,Los Angeles,California,90189
Zone 7,BOXSEVSHR51,Boxthorn,Severinia buxifolia,Large Shrub,HB2000,Holly Berry Tree Emporium,15.99,3,47.97,2847,Ursola Brigshaw,ubrigshawkp@mac.com,480-399-4651,604 Golf Place,Phoenix,Arizona,85005
Zone 7,LADBRUSHR196,Lady of the Night,Brunfelsia americana,Small Shrub,HB2000,Holly Berry Tree Emporium,25.99,1,25.99,1717,Vale Chatel,vchatel8q@pen.io,203-645-7568,2977 Lerdahl Junction,Bridgeport,Connecticut,6606
Zone 7,AGEAGEANN2,Ageratum,Ageratum spp.,Annuals,HP1000,Hansel and Petal,25.99,1,25.99,1495,Velma Haws,vhawsii@engadget.com,916-354-0281,22479 Union Drive,Sacramento,California,94286
Zone 7,BROBROPER54,Bromeliads,Bromeliaceae genera,Perennial,HP1000,Hansel and Petal,15.99,5,79.95,1495,Velma Haws,vhawsii@engadget.com,916-354-0281,22479 Union Drive,Sacramento,California,94286
Zone 7,RIVCHAGRA299,River Oats,Chasmanthium latifolium,Grass,PF3000,Plant Fernishings,25.99,3,77.97,1495,Velma Haws,vhawsii@engadget.com,916-354-0281,22479 Union Drive,Sacramento,California,94286
Zone 7,FIRCROPER133,Firecracker Flower,Crossandra spp.,Perennial,HP1000,Hansel and Petal,15.99,5,79.95,1495,Velma Haws,vhawsii@engadget.com,916-354-0281,22479 Union Drive,Sacramento,California,94286
Zone 7,SWONEPGRO367,Sword Fern,Nephrolepis exaltata,Groundcover,PF3000,Plant Fernishings,25.99,3,77.97,1495,Velma Haws,vhawsii@engadget.com,916-354-0281,22479 Union Drive,Sacramento,California,94286
Zone 7,BLARUDANN38,Black-Eyed Susan,Rudbeckia hirta,Annuals,HP1000,Hansel and Petal,15.99,2,31.98,1495,Velma Haws,vhawsii@engadget.com,916-354-0281,22479 Union Drive,Sacramento,California,94286
Zone 7,SALSALPER311,Salvia,Salvia spp.,Perennial,HP1000,Hansel and Petal,15.99,2,31.98,1495,Velma Haws,vhawsii@engadget.com,916-354-0281,22479 Union Drive,Sacramento,California,94286
Zone 7,CORSPAGRA101,Cordgrass,Spartina spp.,Grasses,PF3000,Plant Fernishings,5.99,2,11.98,1495,Velma Haws,vhawsii@engadget.com,916-354-0281,22479 Union Drive,Sacramento,California,94286
Zone 7,BAYSURSHR29,Bay Cedar,Suriana maritima,Large Shrub,HB2000,Holly Berry Tree Emporium,15.99,2,31.98,1495,Velma Haws,vhawsii@engadget.com,916-354-0281,22479 Union Drive,Sacramento,California,94286
Zone 7,BULBULPER58,Bulbine,Bulbine frutescens,Perennial,HP1000,Hansel and Petal,15.99,3,47.97,2550,Vinita Sitch,vsitchkp@phoca.cz,559-106-0679,5157 Meadow Valley Court,Fresno,California,93750
Zone 7,BEACALSHR31,Beautyberry,Callicarpa americana,Large Shrub,HB2000,Holly Berry Tree Emporium,15.99,3,47.97,2550,Vinita Sitch,vsitchkp@phoca.cz,559-106-0679,5157 Meadow Valley Court,Fresno,California,93750
Zone 7,TASDICFER371,Tasmanian Tree Fern,Dicksonia antarctica,Fern,PF3000,Plant Fernishings,25.99,5,129.95,2550,Vinita Sitch,vsitchkp@phoca.cz,559-106-0679,5157 Meadow Valley Court,Fresno,California,93750
Zone 7,ELLERAGRA122,Elliott’s Lovegrass,Eragrostis elliottii,Grass,PF3000,Plant Fernishings,5.99,1,5.99,2550,Vinita Sitch,vsitchkp@phoca.cz,559-106-0679,5157 Meadow Valley Court,Fresno,California,93750
Zone 7,BLAGAIPER40,Blanket Flower,Gaillardia pulchella,Perennial,HP1000,Hansel and Petal,15.99,3,47.97,2550,Vinita Sitch,vsitchkp@phoca.cz,559-106-0679,5157 Meadow Valley Court,Fresno,California,93750
Zone 7,SCOHELPER320,Scorpion Tail,Heliotropium angiospermum,Perennial,HP1000,Hansel and Petal,15.99,1,15.99,2550,Vinita Sitch,vsitchkp@phoca.cz,559-106-0679,5157 Meadow Valley Court,Fresno,California,93750
Zone 7,AMAHIPPER7,Amaryllis,Hippeastrum spp.,Perennial,HP1000,Hansel and Petal,25.99,2,51.98,2550,Vinita Sitch,vsitchkp@phoca.cz,559-106-0679,5157 Meadow Valley Court,Fresno,California,93750
Zone 7,FIRODOPER136,Firespike,Odontonema strictum,Perennial,HP1000,Hansel and Petal,15.99,3,47.97,2550,Vinita Sitch,vsitchkp@phoca.cz,559-106-0679,5157 Meadow Valley Court,Fresno,California,93750
Zone 7,ROYOSMFER303,Royal Fern,Osmunda regalis,Fern,PF3000,Plant Fernishings,25.99,2,51.98,2550,Vinita Sitch,vsitchkp@phoca.cz,559-106-0679,5157 Meadow Valley Court,Fresno,California,93750
Zone 7,BRITHRPAL53,Brittle Thatch Palm,Thrinax morrisii,Palm or Palm-Like,HB2000,Holly Berry Tree Emporium,15.99,2,31.98,2203,Vivi Oels,voels7q@virginia.edu,520-703-4730,426 Union Street,Tucson,Arizona,85732
Zone 7,FETLYOSHR130,Fetterbush,Lyonia lucida,Small Shrub,HB2000,Holly Berry Tree Emporium,15.99,5,79.95,1902,Vivie Seeking,vseeking2g@virginia.edu,719-973-3807,34 Leroy Parkway,Colorado Springs,Colorado,80940
Zone 7,SHEALPPER324,Shell Ginger,Alpinia spp.,Perennial,HP1000,Hansel and Petal,15.99,3,47.97,3680,Vivienne Krolle,vkrolleg4@fc2.com,415-743-3689,866 Carey Trail,San Francisco,California,94159
Zone 7,ANGANGPER13,Angelonia,Angelonia angustifolia,Perennial,HP1000,Hansel and Petal,25.99,5,129.95,3680,Vivienne Krolle,vkrolleg4@fc2.com,415-743-3689,866 Carey Trail,San Francisco,California,94159
Zone 7,SALDISGRA310,Salt Grass,Distichlis spicata,Grass,PF3000,Plant Fernishings,25.99,1,25.99,3680,Vivienne Krolle,vkrolleg4@fc2.com,415-743-3689,866 Carey Trail,San Francisco,California,94159
Zone 7,BUSEURPER61,Bush Daisy,Euryops spp.,Perennial,HP1000,Hansel and Petal,15.99,3,47.97,3680,Vivienne Krolle,vkrolleg4@fc2.com,415-743-3689,866 Carey Trail,San Francisco,California,94159
Zone 7,FLAJUSANN139,Flamingo Plant,Justicia carnea,Annuals,HP1000,Hansel and Petal,15.99,3,47.97,3680,Vivienne Krolle,vkrolleg4@fc2.com,415-743-3689,866 Carey Trail,San Francisco,California,94159
Zone 7,BLALIAPER41,Blazing Star,Liatris spp.,Perennial,HP1000,Hansel and Petal,15.99,2,31.98,3680,Vivienne Krolle,vkrolleg4@fc2.com,415-743-3689,866 Carey Trail,San Francisco,California,94159
Zone 7,EVEPASGRA126,Evergreen Paspalum,Paspalum quadrifarium,Grass,PF3000,Plant Fernishings,5.99,3,17.97,3680,Vivienne Krolle,vkrolleg4@fc2.com,415-743-3689,866 Carey Trail,San Francisco,California,94159
Zone 7,BIRSTRSHR33,Bird of Paradise,Strelitzia reginae,Small Shrub,HB2000,Holly Berry Tree Emporium,15.99,2,31.98,3680,Vivienne Krolle,vkrolleg4@fc2.com,415-743-3689,866 Carey Trail,San Francisco,California,94159
Zone 7,TIGTHYGRA377,Tiger Grass,Thysanolaena maxima,Grass,PF3000,Plant Fernishings,25.99,2,51.98,3680,Vivienne Krolle,vkrolleg4@fc2.com,415-743-3689,866 Carey Trail,San Francisco,California,94159
Zone 7,LADRHAPAL197,Lady Palm,Rhapis excelsa,Palm or Palm-Like,HB2000,Holly Berry Tree Emporium,25.99,1,25.99,3023,Wallas Ulster,wulster1m@aboutads.info,203-857-1710,672 Village Circle,Bridgeport,Connecticut,6606
Zone 7,LEAACRSHR199,Leather Fern,Acrostichum danaeifolium,Large Shrub,PF3000,Plant Fernishings,5.99,2,11.98,3072,Welch Boncore,wboncorenr@so-net.ne.jp,302-891-9870,695 Roth Place,Wilmington,Delaware,19892
Zone 7,LAUCOCSHR198,Laurelleaf Snailseed,Cocculus laurifolius,Large Shrub,HB2000,Holly Berry Tree Emporium,25.99,5,129.95,1490,Wendy Coit,wcoitrg@123-reg.co.uk,203-667-6831,2232 Hagan Hill,Waterbury,Connecticut,6705
Zone 7,AUSSPHFER17,Australian Tree Fern,Sphaeropteris cooperi,Fern,PF3000,Plant Fernishings,5.99,3,17.97,3510,Willi Ortiger,wortigerp5@noaa.gov,860-411-5922,80 Bartillon Place,Hartford,Connecticut,6145
Zone 7,FIDCITTRE131,Fiddlewood,Citharexylum spinosum,Small Tree,HB2000,Holly Berry Tree Emporium,15.99,3,47.97,4061,Willyt MacNeill,wmacneillqg@forbes.com,719-986-8222,973 Katie Trail,Denver,Colorado,80209
Zone 7,BUCPSEPAL55,Buccaneer Palm,Pseudophoenix sargentii,Palm or Palm-Like,HB2000,Holly Berry Tree Emporium,12.99,1,12.99,3196,Win Ovanesian,wovanesian7k@wikipedia.org,520-146-1040,7098 Hoffman Terrace,Tucson,Arizona,85710
Zone 7,FLAJUSANN139,Flamingo Plant,Justicia carnea,Annuals,HP1000,Hansel and Petal,15.99,2,31.98,1513,Winona Crewe,wcreweem@ycombinator.com,907-327-2711,23 Sunfield Street,Anchorage,Alaska,99522
Zone 7,AUTDRYGRO18,Autumn Fern,Dryopteris spp.,Groundcover,PF3000,Plant Fernishings,5.99,5,29.95,1129,Yorgos Dunton,ydunton8s@joomla.org,860-842-5052,10663 Huxley Hill,Hartford,Connecticut,6145
Zone 7,SALSALPER311,Salvia,Salvia spp.,Perennial,HP1000,Hansel and Petal,15.99,3,47.97,1129,Yorgos Dunton,ydunton8s@joomla.org,860-842-5052,10663 Huxley Hill,Hartford,Connecticut,6145
Zone 7,BROBROPER54,Bromeliads,Bromeliaceae genera,Perennial,HP1000,Hansel and Petal,15.99,2,31.98,1556,Zared Lewsy,zlewsy9x@webeden.co.uk,334-272-2661,2404 Iowa Place,Montgomery,Alabama,36177
