﻿PopUpShopName,DetPlantID,Plant Name,Scientific Name,Plant Type,VendorID,Vendor,Price,QTY,SubTotal,CustomerID,CustomerName,CustomerEmail,CustomerPhone,CustomerAddress,CustomerCity,CustomerState,CustomerZip
Zone 6,CARCALSHR71,Carolina Allspice,Calycanthus floridus,Large Shrub,HB2000,Holly Berry Tree Emporium,12.99,2,25.98,3568,Joannes Asel,jasel3l@europa.eu,415-392-1768,82782 Westridge Avenue,San Francisco,California,94126
Zone 6,JACJACTRE184,Jacaranda,Jacaranda mimosifolia,Medium Tree,HB2000,Holly Berry Tree Emporium,15.99,5,79.95,3568,Joannes Asel,jasel3l@europa.eu,415-392-1768,82782 Westridge Avenue,San Francisco,California,94126
Zone 6,WILLANPER407,Wild Sage,Lantana involucrata,Perennial,HP1000,Hansel and Petal,12.99,3,38.97,3568,Joannes Asel,jasel3l@europa.eu,415-392-1768,82782 Westridge Avenue,San Francisco,California,94126
Zone 6,HURLYCPER177,Hurricane Lily,Lycoris spp.,Perennial,HP1000,Hansel and Petal,10.99,3,32.97,3568,Joannes Asel,jasel3l@europa.eu,415-392-1768,82782 Westridge Avenue,San Francisco,California,94126
Zone 6,ZEBMISGRA423,Zebra Grass,Miscanthus sinensis,Grass,PF3000,Plant Fernishings,9.99,1,9.99,3568,Joannes Asel,jasel3l@europa.eu,415-392-1768,82782 Westridge Avenue,San Francisco,California,94126
Zone 6,SWONEPGRO367,Sword Fern,Nephrolepis exaltata,Groundcover,PF3000,Plant Fernishings,25.99,2,51.98,2224,Jobie Pinchen,jpinchen15@behance.net,205-844-2402,4319 Coleman Lane,Birmingham,Alabama,35231
Zone 6,JAMCAPTRE186,Jamaica Caper Tree,Capparis cynophallophora,Small Tree,HB2000,Holly Berry Tree Emporium,25.99,5,129.95,1312,Jobye Hambelton,jhambelton76@moonfruit.com,951-239-4546,1846 Ridge Oak Crossing,Riverside,California,92519
Zone 6,AFRDIEPER1,African Iris,Dietes iridoides,Perennial,HP1000,Hansel and Petal,25.99,1,25.99,1312,Jobye Hambelton,jhambelton76@moonfruit.com,951-239-4546,1846 Ridge Oak Crossing,Riverside,California,92519
Zone 6,IMPIMPPER179,Impatiens,Impatiens spp.,Perennial,HP1000,Hansel and Petal,15.99,3,47.97,1312,Jobye Hambelton,jhambelton76@moonfruit.com,951-239-4546,1846 Ridge Oak Crossing,Riverside,California,92519
Zone 6,CARRHASHR72,Carolina Buckthorn,Rhamnus caroliniana,Large Shrub,HB2000,Holly Berry Tree Emporium,12.99,2,25.98,1312,Jobye Hambelton,jhambelton76@moonfruit.com,951-239-4546,1846 Ridge Oak Crossing,Riverside,California,92519
Zone 6,WISTORANN413,Wishbone Flower,Torenia fournieri,Annuals,HP1000,Hansel and Petal,12.99,3,38.97,1312,Jobye Hambelton,jhambelton76@moonfruit.com,951-239-4546,1846 Ridge Oak Crossing,Riverside,California,92519
Zone 6,JABMYRTRE183,Jaboticaba,Myrciaria cauliflora,Small Tree,HB2000,Holly Berry Tree Emporium,15.99,2,31.98,2605,Johanna Massei,jmasseic9@google.it,203-690-4235,532 Dottie Parkway,Waterbury,Connecticut,6721
Zone 6,JACJACTRE184,Jacaranda,Jacaranda mimosifolia,Medium Tree,HB2000,Holly Berry Tree Emporium,15.99,5,79.95,2282,Johnette Linay,jlinaypa@mapy.cz,203-211-9941,45072 Pierstorff Avenue,Stamford,Connecticut,6922
Zone 6,AGEAGEANN2,Ageratum,Ageratum spp.,Annuals,HP1000,Hansel and Petal,25.99,2,51.98,1971,Joseito Scadden,jscaddenpz@dot.gov,909-110-0771,36742 Knutson Terrace,San Bernardino,California,92405
Zone 6,MEXCUPPER222,Mexican Heather,Cuphea hyssopifolia,Perennial,HP1000,Hansel and Petal,15.99,1,15.99,1971,Joseito Scadden,jscaddenpz@dot.gov,909-110-0771,36742 Knutson Terrace,San Bernardino,California,92405
Zone 6,YELFLAPER420,Yellowtop,Flaveria linearis,Perennial,HP1000,Hansel and Petal,12.99,3,38.97,1971,Joseito Scadden,jscaddenpz@dot.gov,909-110-0771,36742 Knutson Terrace,San Bernardino,California,92405
Zone 6,CARHALTRE74,Carolina Silverbell,Halesia carolina,Large Tree,HB2000,Holly Berry Tree Emporium,15.99,3,47.97,1971,Joseito Scadden,jscaddenpz@dot.gov,909-110-0771,36742 Knutson Terrace,San Bernardino,California,92405
Zone 6,JAMPISTRE187,Jamaican Dogwood,Piscidia piscipula,Large Tree,HB2000,Holly Berry Tree Emporium,25.99,2,51.98,1971,Joseito Scadden,jscaddenpz@dot.gov,909-110-0771,36742 Knutson Terrace,San Bernardino,California,92405
Zone 6,CARCARTRE75,Carpentaria Palm,Carpentaria acuminata,Medium Tree,HB2000,Holly Berry Tree Emporium,15.99,2,31.98,3652,Joycelin Colthurst,jcolthurstgu@cbsnews.com,916-287-8146,8555 Melby Center,Sacramento,California,94297
Zone 6,JAPFATSHR188,Japanese Aralia,Fatsia japonica,Large Shrub,HB2000,Holly Berry Tree Emporium,25.99,5,129.95,3652,Joycelin Colthurst,jcolthurstgu@cbsnews.com,916-287-8146,8555 Melby Center,Sacramento,California,94297
Zone 6,AMAHIPPER7,Amaryllis,Hippeastrum spp.,Perennial,HP1000,Hansel and Petal,25.99,1,25.99,3652,Joycelin Colthurst,jcolthurstgu@cbsnews.com,916-287-8146,8555 Melby Center,Sacramento,California,94297
Zone 6,MEXTITANN224,Mexican Sunflower,Tithonia rotundiflora,Annuals,HP1000,Hansel and Petal,15.99,3,47.97,3652,Joycelin Colthurst,jcolthurstgu@cbsnews.com,916-287-8146,8555 Melby Center,Sacramento,California,94297
Zone 6,ZINZINANN424,Zinnia,Zinnia hybrids,Annuals,HP1000,Hansel and Petal,12.99,3,38.97,3652,Joycelin Colthurst,jcolthurstgu@cbsnews.com,916-287-8146,8555 Melby Center,Sacramento,California,94297
Zone 6,ANGANGPER13,Angelonia,Angelonia angustifolia,Perennial,HP1000,Hansel and Petal,25.99,3,77.97,2955,Kahaleel Garrard,kgarrardin@imgur.com,818-618-1044,6475 Manley Alley,Glendale,California,91210
Zone 6,JAPBERSHR190,Japanese Barberry,Berberis thunbergii,Large Shrub,HB2000,Holly Berry Tree Emporium,25.99,2,51.98,2955,Kahaleel Garrard,kgarrardin@imgur.com,818-618-1044,6475 Manley Alley,Glendale,California,91210
Zone 6,ALEPTYPAL3,Alexander Palm,Ptychosperma elegans,Palm or Palm-Like,HB2000,Holly Berry Tree Emporium,15.99,2,31.98,2955,Kahaleel Garrard,kgarrardin@imgur.com,818-618-1044,6475 Manley Alley,Glendale,California,91210
Zone 6,RUDRUDPER306,Rudbeckia,Rudbeckia fulgida,Perennial,HP1000,Hansel and Petal,15.99,3,47.97,2955,Kahaleel Garrard,kgarrardin@imgur.com,818-618-1044,6475 Manley Alley,Glendale,California,91210
Zone 6,CEDULMTRE77,Cedar Elm,Ulmus crassifolia,Large Tree,HB2000,Holly Berry Tree Emporium,15.99,5,79.95,2955,Kahaleel Garrard,kgarrardin@imgur.com,818-618-1044,6475 Manley Alley,Glendale,California,91210
Zone 6,CENAGASHR80,Century Plant,Agave spp.,Large Shrub,HB2000,Holly Berry Tree Emporium,15.99,2,31.98,1807,Kalil Antyukhin,kantyukhingx@com.com,559-768-8581,30566 Truax Point,Fresno,California,93750
Zone 6,ALOALOSHR5,Aloe,Aloe spp.,Small Shrub,HB2000,Holly Berry Tree Emporium,15.99,5,79.95,1807,Kalil Antyukhin,kantyukhingx@com.com,559-768-8581,30566 Truax Point,Fresno,California,93750
Zone 6,JAPELATRE191,Japanese Blueberry,Elaeocarpus decipiens,Medium Tree,HB2000,Holly Berry Tree Emporium,25.99,1,25.99,1807,Kalil Antyukhin,kantyukhingx@com.com,559-768-8581,30566 Truax Point,Fresno,California,93750
Zone 6,SALSALPER311,Salvia,Salvia spp.,Perennial,HP1000,Hansel and Petal,15.99,2,31.98,1807,Kalil Antyukhin,kantyukhingx@com.com,559-768-8581,30566 Truax Point,Fresno,California,93750
Zone 6,AZTSPRPER23,Aztec Lily,Sprekelia formosissima,Perennial,HP1000,Hansel and Petal,25.99,3,77.97,1807,Kalil Antyukhin,kantyukhingx@com.com,559-768-8581,30566 Truax Point,Fresno,California,93750
Zone 6,JAPCEPTRE192,Japanese Plum Yew,Cephalotaxus harringtonia,Small Tree,HB2000,Holly Berry Tree Emporium,25.99,3,77.97,1210,Kalinda Steers,ksteershp@ameblo.jp,619-322-8326,13871 Summit Place,San Diego,California,92137
Zone 6,BEAHELPER30,Beach Sunflower,Helianthus debilis,Perennial,HP1000,Hansel and Petal,15.99,2,31.98,1210,Kalinda Steers,ksteershp@ameblo.jp,619-322-8326,13871 Summit Place,San Diego,California,92137
Zone 6,SCOHELPER320,Scorpion Tail,Heliotropium angiospermum,Perennial,HP1000,Hansel and Petal,15.99,5,79.95,1210,Kalinda Steers,ksteershp@ameblo.jp,619-322-8326,13871 Summit Place,San Diego,California,92137
Zone 6,AMEULMTRE8,American Elm,Ulmus americana,Large Tree,HB2000,Holly Berry Tree Emporium,15.99,2,31.98,1210,Kalinda Steers,ksteershp@ameblo.jp,619-322-8326,13871 Summit Place,San Diego,California,92137
Zone 6,CHAVITSHR81,Chaste Tree,Vitex agnus-castus,Large Shrub,HB2000,Holly Berry Tree Emporium,15.99,1,15.99,1210,Kalinda Steers,ksteershp@ameblo.jp,619-322-8326,13871 Summit Place,San Diego,California,92137
Zone 6,CHEACASHR82,Chenille Plant,Acalypha hispida,Small Shrub,HB2000,Holly Berry Tree Emporium,15.99,3,47.97,1230,Kalle Bagge,kbagge8x@so-net.ne.jp,562-129-0493,15 Ruskin Lane,Whittier,California,90610
Zone 6,SHEALPPER324,Shell Ginger,Alpinia spp.,Perennial,HP1000,Hansel and Petal,15.99,2,31.98,1230,Kalle Bagge,kbagge8x@so-net.ne.jp,562-129-0493,15 Ruskin Lane,Whittier,California,90610
Zone 6,BLABELPER37,Blackberry Lily,Belamcanda chinensis,Perennial,HP1000,Hansel and Petal,15.99,5,79.95,1230,Kalle Bagge,kbagge8x@so-net.ne.jp,562-129-0493,15 Ruskin Lane,Whittier,California,90610
Zone 6,KENHOWPAL194,Kentia Palm,Howea forsterana,Palm or Palm-Like,HB2000,Holly Berry Tree Emporium,25.99,3,77.97,1230,Kalle Bagge,kbagge8x@so-net.ne.jp,562-129-0493,15 Ruskin Lane,Whittier,California,90610
Zone 6,AMEILETRE9,American Holly,Ilex opaca,Medium Tree,HB2000,Holly Berry Tree Emporium,15.99,1,15.99,1230,Kalle Bagge,kbagge8x@so-net.ne.jp,562-129-0493,15 Ruskin Lane,Whittier,California,90610
Zone 6,SHRJUSPER327,Shrimp Plant,Justicia brandegeana,Perennial,HP1000,Hansel and Petal,15.99,1,15.99,1288,Karel Whitters,kwhittersma@wiley.com,213-922-0666,17783 Mosinee Circle,Los Angeles,California,90050
Zone 6,AMEOSTTRE10,American Hophornbeam,Ostrya virginiana,Medium Tree,HB2000,Holly Berry Tree Emporium,15.99,3,47.97,1288,Karel Whitters,kwhittersma@wiley.com,213-922-0666,17783 Mosinee Circle,Los Angeles,California,90050
Zone 6,CHIPRUTRE83,Chickasaw Plum,Prunus angustifolia,Small Tree,HB2000,Holly Berry Tree Emporium,15.99,3,47.97,1288,Karel Whitters,kwhittersma@wiley.com,213-922-0666,17783 Mosinee Circle,Los Angeles,California,90050
Zone 6,BLARUDANN38,Black-Eyed Susan,Rudbeckia hirta,Annuals,HP1000,Hansel and Petal,15.99,2,31.98,1288,Karel Whitters,kwhittersma@wiley.com,213-922-0666,17783 Mosinee Circle,Los Angeles,California,90050
Zone 6,KINTHUSHR195,King’s Mantle,Thunbergia erecta,Large Shrub,HB2000,Holly Berry Tree Emporium,25.99,2,51.98,1288,Karel Whitters,kwhittersma@wiley.com,213-922-0666,17783 Mosinee Circle,Los Angeles,California,90050
Zone 6,CHIPRUTRE83,Chickasaw Plum,Prunus angustifolia,Small Tree,HB2000,Holly Berry Tree Emporium,15.99,5,79.95,2173,Katerina Kempstone,kkempstone3t@harvard.edu,303-823-7990,4153 7th Park,Denver,Colorado,80217
Zone 6,TASDICFER371,Tasmanian Tree Fern,Dicksonia antarctica,Fern,PF3000,Plant Fernishings,25.99,2,51.98,2872,Kathryn Barnish,kbarnishc1@freewebs.com,251-128-7201,61830 Sheridan Alley,Mobile,Alabama,36616
Zone 6,LADBRUSHR196,Lady of the Night,Brunfelsia americana,Small Shrub,HB2000,Holly Berry Tree Emporium,25.99,3,77.97,3230,Keelby Bonnet,kbonnetmg@google.com.br,949-555-7810,72312 Luster Place,Los Angeles,California,90010
Zone 6,AMECARTRE11,American Hornbeam,Carpinus caroliniana,Medium Tree,HB2000,Holly Berry Tree Emporium,15.99,1,15.99,3230,Keelby Bonnet,kbonnetmg@google.com.br,949-555-7810,72312 Luster Place,Los Angeles,California,90010
Zone 6,BLAGAIPER40,Blanket Flower,Gaillardia pulchella,Perennial,HP1000,Hansel and Petal,15.99,5,79.95,3230,Keelby Bonnet,kbonnetmg@google.com.br,949-555-7810,72312 Luster Place,Los Angeles,California,90010
Zone 6,SOCTULPER335,Society Garlic,Tulbaghia violacea,Perennial,HP1000,Hansel and Petal,15.99,2,31.98,3230,Keelby Bonnet,kbonnetmg@google.com.br,949-555-7810,72312 Luster Place,Los Angeles,California,90010
Zone 6,CHIULMTRE84,Chinese Elm,Ulmus parvifolia and cvs.,Large Tree,HB2000,Holly Berry Tree Emporium,15.99,3,47.97,3230,Keelby Bonnet,kbonnetmg@google.com.br,949-555-7810,72312 Luster Place,Los Angeles,California,90010
Zone 6,ANGBRUSHR14,Angel’s Trumpet,Brugmansia Xcandida,Large Shrub,HB2000,Holly Berry Tree Emporium,15.99,3,47.97,1339,Kenny Coffey,kcoffeych@posterous.com,909-623-5862,1944 Orin Plaza,Pomona,California,91797
Zone 6,VIRIRIPER388,Virginia Iris,Iris virginica,Perennial,HP1000,Hansel and Petal,15.99,1,15.99,1339,Kenny Coffey,kcoffeych@posterous.com,909-623-5862,1944 Orin Plaza,Pomona,California,91797
Zone 6,BLALIAPER41,Blazing Star,Liatris spp.,Perennial,HP1000,Hansel and Petal,15.99,2,31.98,1339,Kenny Coffey,kcoffeych@posterous.com,909-623-5862,1944 Orin Plaza,Pomona,California,91797
Zone 6,CHILIVPAL85,Chinese Fan Palm,Livistona spp.,Palm or Palm-Like,HB2000,Holly Berry Tree Emporium,15.99,3,47.97,1339,Kenny Coffey,kcoffeych@posterous.com,909-623-5862,1944 Orin Plaza,Pomona,California,91797
Zone 6,LADRHAPAL197,Lady Palm,Rhapis excelsa,Palm or Palm-Like,HB2000,Holly Berry Tree Emporium,25.99,2,51.98,1339,Kenny Coffey,kcoffeych@posterous.com,909-623-5862,1944 Orin Plaza,Pomona,California,91797
Zone 6,CARRHASHR72,Carolina Buckthorn,Rhamnus caroliniana,Large Shrub,HB2000,Holly Berry Tree Emporium,12.99,5,64.95,2889,Kevina Richmond,krichmond9g@mozilla.org,479-133-6841,6214 Del Mar Terrace,Fort Smith,Arkansas,72916
Zone 6,CHIULMTRE84,Chinese Elm,Ulmus parvifolia and cvs.,Large Tree,HB2000,Holly Berry Tree Emporium,15.99,2,31.98,1121,Kienan Agiolfinger,kagiolfingeri2@reverbnation.com,303-821-2331,1043 Goodland Road,Littleton,Colorado,80161
Zone 6,VOOAMOPER390,Voodoo Lily,Amorphophallus spp.,Perennial,HP1000,Hansel and Petal,15.99,2,31.98,1811,Kimberlyn Annett,kannett8p@wikia.com,213-310-6539,30672 Main Trail,Van Nuys,California,91499
Zone 6,CHICHITRE86,Chinese Fringetree,Chionanthus retusus,Small Tree,HB2000,Holly Berry Tree Emporium,15.99,3,47.97,1811,Kimberlyn Annett,kannett8p@wikia.com,213-310-6539,30672 Main Trail,Van Nuys,California,91499
Zone 6,LAUCOCSHR198,Laurelleaf Snailseed,Cocculus laurifolius,Large Shrub,HB2000,Holly Berry Tree Emporium,25.99,3,77.97,1811,Kimberlyn Annett,kannett8p@wikia.com,213-310-6539,30672 Main Trail,Van Nuys,California,91499
Zone 6,ARICUPTRE15,Arizona Cypress,Cupressus arizonica var.,Medium Tree,HB2000,Holly Berry Tree Emporium,15.99,1,15.99,1811,Kimberlyn Annett,kannett8p@wikia.com,213-310-6539,30672 Main Trail,Van Nuys,California,91499
Zone 6,BLOHAEPER42,Blood Lily,Haemanthus multiflorus,Perennial,HP1000,Hansel and Petal,15.99,5,79.95,1811,Kimberlyn Annett,kannett8p@wikia.com,213-310-6539,30672 Main Trail,Van Nuys,California,91499
Zone 6,CHIILETRE87,Chinese Holly,Ilex cornuta and cvs.,Small Tree,HB2000,Holly Berry Tree Emporium,15.99,3,47.97,1152,Klara Cotton,kcotton95@youtube.com,310-102-0796,113 Lake View Road,Torrance,California,90505
Zone 6,WALNEOPER391,Walking Iris,Neomarica gracilis,Perennial,HP1000,Hansel and Petal,15.99,1,15.99,1152,Klara Cotton,kcotton95@youtube.com,310-102-0796,113 Lake View Road,Torrance,California,90505
Zone 6,AVOPERTRE19,Avocado,Persea americana,Large Tree,HB2000,Holly Berry Tree Emporium,15.99,3,47.97,1152,Klara Cotton,kcotton95@youtube.com,310-102-0796,113 Lake View Road,Torrance,California,90505
Zone 6,BLUPHLPER44,Blue Phlox,Phlox divaricata,Perennial,HP1000,Hansel and Petal,15.99,2,31.98,1152,Klara Cotton,kcotton95@youtube.com,310-102-0796,113 Lake View Road,Torrance,California,90505
Zone 6,AUSSPHFER17,Australian Tree Fern,Sphaeropteris cooperi,Fern,PF3000,Plant Fernishings,5.99,2,11.98,1152,Klara Cotton,kcotton95@youtube.com,310-102-0796,113 Lake View Road,Torrance,California,90505
Zone 6,CHILIVPAL85,Chinese Fan Palm,Livistona spp.,Palm or Palm-Like,HB2000,Holly Berry Tree Emporium,15.99,5,79.95,1697,Klarika Geane,kgeane37@google.com.hk,303-587-5734,29 Briar Crest Junction,Aurora,Colorado,80044
Zone 6,ZINZINANN424,Zinnia,Zinnia hybrids,Annuals,HP1000,Hansel and Petal,6.99,2,13.98,1626,Klemens Bolf,kbolf8z@smh.com.au,602-682-9926,2633 Pond Lane,Phoenix,Arizona,85053
Zone 6,ALEPTYPAL3,Alexander Palm,Ptychosperma elegans,Palm or Palm-Like,HB2000,Holly Berry Tree Emporium,15.99,3,47.97,2588,Kristoforo Shimwell,kshimwell94@soup.io,480-106-2175,53 Annamark Alley,Phoenix,Arizona,85020
Zone 6,TIGTHYGRA377,Tiger Grass,Thysanolaena maxima,Grass,PF3000,Plant Fernishings,25.99,3,77.97,1336,Krysta Djurdjevic,kdjurdjevicim@harvard.edu,251-560-6231,1928 Moland Crossing,Mobile,Alabama,36628
Zone 6,WAXBEGPER394,Wax Begonia,Begonia Xsemperflorens-cultorum,Perennial,HP1000,Hansel and Petal,12.99,2,25.98,3259,Laney Creagh,lcreagh2h@weather.com,818-613-5833,733 Elmside Road,Brea,California,92822
Zone 6,AUTDRYGRO18,Autumn Fern,Dryopteris spp.,Groundcover,PF3000,Plant Fernishings,5.99,1,5.99,3259,Laney Creagh,lcreagh2h@weather.com,818-613-5833,733 Elmside Road,Brea,California,92822
Zone 6,CHIJUNSHR88,Chinese Juniper,Juniperus chinensis and cvs.,Large Shrub,HB2000,Holly Berry Tree Emporium,15.99,2,31.98,3259,Laney Creagh,lcreagh2h@weather.com,818-613-5833,733 Elmside Road,Brea,California,92822
Zone 6,BLUSISPER45,Blue-Eyed Grass,Sisyrinchium angustifolium,Perennial,HP1000,Hansel and Petal,15.99,3,47.97,3259,Laney Creagh,lcreagh2h@weather.com,818-613-5833,733 Elmside Road,Brea,California,92822
Zone 6,AWAVIBTRE20,Awabuki Viburnum,Viburnum odoratissimum,Small Tree,HB2000,Holly Berry Tree Emporium,15.99,5,79.95,3259,Laney Creagh,lcreagh2h@weather.com,818-613-5833,733 Elmside Road,Brea,California,92822
Zone 6,BLUANDGRA46,Bluestem Grass,Andropogon spp.,Grass,PF3000,Plant Fernishings,5.99,3,17.97,1437,Lanni Hyder,lhydermu@microsoft.com,510-321-6339,207 Pierstorff Lane,Oakland,California,94611
Zone 6,BROBROPER54,Bromeliads,Bromeliaceae genera,Perennial,HP1000,Hansel and Petal,15.99,3,47.97,1437,Lanni Hyder,lhydermu@microsoft.com,510-321-6339,207 Pierstorff Lane,Oakland,California,94611
Zone 6,WHIGAUPER400,White Gaura,Gaura lindheimeri,Perennial,HP1000,Hansel and Petal,12.99,5,64.95,1437,Lanni Hyder,lhydermu@microsoft.com,510-321-6339,207 Pierstorff Lane,Oakland,California,94611
Zone 6,AZARHOSHR22,Azalea,Rhododendron cvs.,Large Shrub,HB2000,Holly Berry Tree Emporium,15.99,2,31.98,1437,Lanni Hyder,lhydermu@microsoft.com,510-321-6339,207 Pierstorff Lane,Oakland,California,94611
Zone 6,CHRSENSHR89,Christmas Senna,Senna bicapsularis,Large Shrub,HB2000,Holly Berry Tree Emporium,13.99,1,13.99,1437,Lanni Hyder,lhydermu@microsoft.com,510-321-6339,207 Pierstorff Lane,Oakland,California,94611
Zone 6,BAMBAMSHR25,Bamboo,Bambusa spp.,Large Shrub,HB2000,Holly Berry Tree Emporium,15.99,2,31.98,2227,Latia Lamport,llamport2z@hatena.ne.jp,619-896-1165,4333 Mayer Hill,San Diego,California,92137
Zone 6,BULBULPER58,Bulbine,Bulbine frutescens,Perennial,HP1000,Hansel and Petal,15.99,2,31.98,2227,Latia Lamport,llamport2z@hatena.ne.jp,619-896-1165,4333 Mayer Hill,San Diego,California,92137
Zone 6,WILLANPER407,Wild Sage,Lantana involucrata,Perennial,HP1000,Hansel and Petal,12.99,5,64.95,2227,Latia Lamport,llamport2z@hatena.ne.jp,619-896-1165,4333 Mayer Hill,San Diego,California,92137
Zone 6,BRAPTEFER52,Bracken Fern,Pteridium aquilinum,Fern,PF3000,Plant Fernishings,5.99,3,17.97,2227,Latia Lamport,llamport2z@hatena.ne.jp,619-896-1165,4333 Mayer Hill,San Diego,California,92137
Zone 6,CLETERSHR91,Cleyera,Ternstroemia gymnanthera,Large Shrub,HB2000,Holly Berry Tree Emporium,15.99,1,15.99,2227,Latia Lamport,llamport2z@hatena.ne.jp,619-896-1165,4333 Mayer Hill,San Diego,California,92137
Zone 6,CHICHITRE86,Chinese Fringetree,Chionanthus retusus,Small Tree,HB2000,Holly Berry Tree Emporium,15.99,3,47.97,3027,Lawrence Ilyin,lilyin9s@discovery.com,719-695-4587,678 Weeping Birch Avenue,Colorado Springs,Colorado,80995
Zone 6,ALOALOSHR5,Aloe,Aloe spp.,Small Shrub,HB2000,Holly Berry Tree Emporium,15.99,3,47.97,2535,Legra Domenget,ldomengetg1@nsw.gov.au,480-148-1281,51 Loftsgordon Drive,Scottsdale,Arizona,85271
Zone 6,BAMCERPAL26,Bamboo Cycad,Ceratozamia hildae,Palm or Palm-Like,HB2000,Holly Berry Tree Emporium,15.99,5,79.95,2718,Leicester Staines,lstaines64@issuu.com,559-791-9902,58 Southridge Alley,Modesto,California,95354
Zone 6,COCCHRSHR94,Cocoplum,Chrysobalanus icaco,Large Shrub,HB2000,Holly Berry Tree Emporium,15.99,2,31.98,2718,Leicester Staines,lstaines64@issuu.com,559-791-9902,58 Southridge Alley,Modesto,California,95354
Zone 6,BUSEURPER61,Bush Daisy,Euryops spp.,Perennial,HP1000,Hansel and Petal,15.99,3,47.97,2718,Leicester Staines,lstaines64@issuu.com,559-791-9902,58 Southridge Alley,Modesto,California,95354
Zone 6,CINOSMFER90,Cinnamon Fern,Osmunda cinnamomea,Fern,PF3000,Plant Fernishings,5.99,1,5.99,2718,Leicester Staines,lstaines64@issuu.com,559-791-9902,58 Southridge Alley,Modesto,California,95354
Zone 6,WISTORANN413,Wishbone Flower,Torenia fournieri,Annuals,HP1000,Hansel and Petal,12.99,2,25.98,2718,Leicester Staines,lstaines64@issuu.com,559-791-9902,58 Southridge Alley,Modesto,California,95354
Zone 6,CHIILETRE87,Chinese Holly,Ilex cornuta and cvs.,Small Tree,HB2000,Holly Berry Tree Emporium,15.99,3,47.97,1433,Lemar Judgkins,ljudgkinsji@godaddy.com,970-338-7988,2030 6th Circle,Fort Collins,Colorado,80525
Zone 6,CARHALTRE74,Carolina Silverbell,Halesia carolina,Large Tree,HB2000,Holly Berry Tree Emporium,15.99,1,15.99,3060,Lemmy Kubatsch,lkubatsch2v@tamu.edu,479-682-5609,69150 Cambridge Plaza,Fort Smith,Arkansas,72916
Zone 6,YELFLAPER420,Yellowtop,Flaveria linearis,Perennial,HP1000,Hansel and Petal,12.99,3,38.97,1949,Lenci Magog,lmagog1m@foxnews.com,415-864-3785,3596 Lighthouse Bay Point,San Francisco,California,94177
Zone 6,COMHAMSHR96,Common Witchhazel,Hamamelis virginiana,Large Shrub,HB2000,Holly Berry Tree Emporium,15.99,5,79.95,1949,Lenci Magog,lmagog1m@foxnews.com,415-864-3785,3596 Lighthouse Bay Point,San Francisco,California,94177
Zone 6,BUTHEDPER63,Butterfly Lily,Hedychium spp.,Perennial,HP1000,Hansel and Petal,15.99,3,47.97,1949,Lenci Magog,lmagog1m@foxnews.com,415-864-3785,3596 Lighthouse Bay Point,San Francisco,California,94177
Zone 6,BANMUSTRE27,Banana,Musa spp.,Small Tree,HB2000,Holly Berry Tree Emporium,15.99,2,31.98,1949,Lenci Magog,lmagog1m@foxnews.com,415-864-3785,3596 Lighthouse Bay Point,San Francisco,California,94177
Zone 6,CORSPAGRA101,Cordgrass,Spartina spp.,Grasses,PF3000,Plant Fernishings,5.99,2,11.98,1949,Lenci Magog,lmagog1m@foxnews.com,415-864-3785,3596 Lighthouse Bay Point,San Francisco,California,94177
Zone 6,COPACASHR99,Copper Leaf,Acalypha wilkesiana,Large Shrub,HB2000,Holly Berry Tree Emporium,15.99,2,31.98,3322,Lenette Tremellier,ltremellier83@hubpages.com,323-986-6784,76 Riverside Alley,Los Angeles,California,90040
Zone 6,CALCALPER67,Caladium,Caladium Xhortulanum,Perennial,HP1000,Hansel and Petal,15.99,3,47.97,3322,Lenette Tremellier,ltremellier83@hubpages.com,323-986-6784,76 Riverside Alley,Los Angeles,California,90040
Zone 6,ELLERAGRA122,Elliott’s Lovegrass,Eragrostis elliottii,Grass,PF3000,Plant Fernishings,5.99,1,5.99,3322,Lenette Tremellier,ltremellier83@hubpages.com,323-986-6784,76 Riverside Alley,Los Angeles,California,90040
Zone 6,BANMAGTRE28,Banana Shrub,Magnolia figo,Small Tree,HB2000,Holly Berry Tree Emporium,15.99,5,79.95,3322,Lenette Tremellier,ltremellier83@hubpages.com,323-986-6784,76 Riverside Alley,Los Angeles,California,90040
Zone 6,ZINZINANN424,Zinnia,Zinnia hybrids,Annuals,HP1000,Hansel and Petal,12.99,2,25.98,3322,Lenette Tremellier,ltremellier83@hubpages.com,323-986-6784,76 Riverside Alley,Los Angeles,California,90040
Zone 6,AMEULMTRE8,American Elm,Ulmus americana,Large Tree,HB2000,Holly Berry Tree Emporium,15.99,3,47.97,1792,Lilith Hughes,lhughes8y@qq.com,602-833-7435,30 Surrey Trail,Phoenix,Arizona,85045
Zone 6,CANCANPER69,Canna Lily,Canna spp.,Perennial,HP1000,Hansel and Petal,15.99,3,47.97,1156,Lillian Hartus,lhartus60@flickr.com,951-297-3669,1181 Oneill Lane,Corona,California,92878
Zone 6,CORERYSHR100,Coral Bean,Erythrina herbacea,Large Shrub,HB2000,Holly Berry Tree Emporium,15.99,2,31.98,1156,Lillian Hartus,lhartus60@flickr.com,951-297-3669,1181 Oneill Lane,Corona,California,92878
Zone 6,EVEPASGRA126,Evergreen Paspalum,Paspalum quadrifarium,Grass,PF3000,Plant Fernishings,5.99,1,5.99,1156,Lillian Hartus,lhartus60@flickr.com,951-297-3669,1181 Oneill Lane,Corona,California,92878
Zone 6,ALEPTYPAL3,Alexander Palm,Ptychosperma elegans,Palm or Palm-Like,HB2000,Holly Berry Tree Emporium,15.99,3,47.97,1156,Lillian Hartus,lhartus60@flickr.com,951-297-3669,1181 Oneill Lane,Corona,California,92878
Zone 6,BAYSURSHR29,Bay Cedar,Suriana maritima,Large Shrub,HB2000,Holly Berry Tree Emporium,15.99,5,79.95,1156,Lillian Hartus,lhartus60@flickr.com,951-297-3669,1181 Oneill Lane,Corona,California,92878
Zone 6,ALOALOSHR5,Aloe,Aloe spp.,Small Shrub,HB2000,Holly Berry Tree Emporium,15.99,2,31.98,1888,Lise Jacklin,ljacklinci@hatena.ne.jp,619-375-2080,333 Rowland Plaza,San Diego,California,92186
Zone 6,BEACALSHR31,Beautyberry,Callicarpa americana,Large Shrub,HB2000,Holly Berry Tree Emporium,15.99,5,79.95,1888,Lise Jacklin,ljacklinci@hatena.ne.jp,619-375-2080,333 Rowland Plaza,San Diego,California,92186
Zone 6,CURCURPER109,Curcuma,Curcuma spp.,Perennial,HP1000,Hansel and Petal,15.99,3,47.97,1888,Lise Jacklin,ljacklinci@hatena.ne.jp,619-375-2080,333 Rowland Plaza,San Diego,California,92186
Zone 6,CRATABSHR102,Crape Jasmine,Tabernaemontana divaricata,Large Shrub,HB2000,Holly Berry Tree Emporium,15.99,2,31.98,1888,Lise Jacklin,ljacklinci@hatena.ne.jp,619-375-2080,333 Rowland Plaza,San Diego,California,92186
Zone 6,FAKTRIGRA128,Fakahatchee Grass,Tripsacum dactyloides,Grass,PF3000,Plant Fernishings,5.99,1,5.99,1888,Lise Jacklin,ljacklinci@hatena.ne.jp,619-375-2080,333 Rowland Plaza,San Diego,California,92186
Zone 6,DAYHEMPER112,Daylily,Hemerocallis spp.,Perennial,HP1000,Hansel and Petal,15.99,2,31.98,3532,Lisette Stelljes,lstelljes40@storify.com,209-471-0868,81 Southridge Point,Stockton,California,95219
Zone 6,CRALAGTRE103,Crapemyrtle,Lagerstroemia indica,Medium Tree,HB2000,Holly Berry Tree Emporium,15.99,1,15.99,3532,Lisette Stelljes,lstelljes40@storify.com,209-471-0868,81 Southridge Point,Stockton,California,95219
Zone 6,BIRSTRSHR33,Bird of Paradise,Strelitzia reginae,Small Shrub,HB2000,Holly Berry Tree Emporium,15.99,2,31.98,3532,Lisette Stelljes,lstelljes40@storify.com,209-471-0868,81 Southridge Point,Stockton,California,95219
Zone 6,FLOTRIGRA143,Florida Gama Grass,Tripsacum floridana,Grass,PF3000,Plant Fernishings,5.99,3,17.97,3532,Lisette Stelljes,lstelljes40@storify.com,209-471-0868,81 Southridge Point,Stockton,California,95219
Zone 6,AMEULMTRE8,American Elm,Ulmus americana,Large Tree,HB2000,Holly Berry Tree Emporium,15.99,5,79.95,3532,Lisette Stelljes,lstelljes40@storify.com,209-471-0868,81 Southridge Point,Stockton,California,95219
Zone 6,WIRARIGRA412,Wiregrass,Aristida stricta var. beyrichiana,Grass,PF3000,Plant Fernishings,9.99,3,29.97,3723,Lizzie Kiely,lkielyhx@abc.net.au,251-989-9816,883 Lyons Court,Mobile,Alabama,36628
Zone 6,ZEBMISGRA423,Zebra Grass,Miscanthus sinensis,Grass,PF3000,Plant Fernishings,9.99,3,29.97,1217,Llewellyn Fromont,lfromonte9@de.vu,205-279-7028,14 Rowland Lane,Birmingham,Alabama,35244
Zone 6,CARCARTRE75,Carpentaria Palm,Carpentaria acuminata,Medium Tree,HB2000,Holly Berry Tree Emporium,15.99,1,15.99,3765,Lolita Dreschler,ldreschler65@reverbnation.com,501-259-0567,89785 Lake View Crossing,Little Rock,Arkansas,72209
Zone 6,CORSPAGRA101,Cordgrass,Spartina spp.,Grasses,PF3000,Plant Fernishings,5.99,2,11.98,2363,Lorain Siebert,lsiebertr7@vk.com,302-966-7244,4770 Orin Plaza,Wilmington,Delaware,19892
Zone 6,JAMCAPTRE186,Jamaica Caper Tree,Capparis cynophallophora,Small Tree,HB2000,Holly Berry Tree Emporium,25.99,5,129.95,1426,Lorena Dibb,ldibb9h@huffingtonpost.com,860-392-1809,20024 Stephen Trail,Hartford,Connecticut,6120
Zone 6,DWAACAPER117,Dwarf Chenille Plant,Acalypha reptans,Perennial,HP1000,Hansel and Petal,15.99,2,31.98,2910,Loutitia Cota,lcotaeq@prweb.com,510-783-2470,62921 Farwell Point,Oakland,California,94627
Zone 6,BISBISPAL34,Bismarck Palm,Bismarckia nobilis,Palm or Palm-Like,HB2000,Holly Berry Tree Emporium,15.99,3,47.97,2910,Loutitia Cota,lcotaeq@prweb.com,510-783-2470,62921 Farwell Point,Oakland,California,94627
Zone 6,CROCODSHR108,Croton,Codiaeum variegatum,Large Shrub,HB2000,Holly Berry Tree Emporium,15.99,3,47.97,2910,Loutitia Cota,lcotaeq@prweb.com,510-783-2470,62921 Farwell Point,Oakland,California,94627
Zone 6,AMEILETRE9,American Holly,Ilex opaca,Medium Tree,HB2000,Holly Berry Tree Emporium,15.99,1,15.99,2910,Loutitia Cota,lcotaeq@prweb.com,510-783-2470,62921 Farwell Point,Oakland,California,94627
Zone 6,GIANEPGRO158,Giant Sword Fern,Nephrolepis biserrata,Groundcover,PF3000,Plant Fernishings,5.99,2,11.98,2910,Loutitia Cota,lcotaeq@prweb.com,510-783-2470,62921 Farwell Point,Oakland,California,94627
Zone 6,CHIJUNSHR88,Chinese Juniper,Juniperus chinensis and cvs.,Large Shrub,HB2000,Holly Berry Tree Emporium,15.99,5,79.95,1532,Luca Arnaudon,larnaudonqm@uol.com.br,303-501-3272,236 Michigan Street,Denver,Colorado,80241
Zone 6,ELLERAGRA122,Elliott’s Lovegrass,Eragrostis elliottii,Grass,PF3000,Plant Fernishings,5.99,2,11.98,1116,Lucinda Dangerfield,ldangerfield5h@geocities.com,302-279-9855,102 Buell Center,Wilmington,Delaware,19805
Zone 6,CHRSENSHR89,Christmas Senna,Senna bicapsularis,Large Shrub,HB2000,Holly Berry Tree Emporium,13.99,3,41.97,3563,Maddy Baume,mbaumer2@wikispaces.com,303-763-1756,82545 Mayfield Avenue,Denver,Colorado,80262
Zone 6,AMEILETRE9,American Holly,Ilex opaca,Medium Tree,HB2000,Holly Berry Tree Emporium,15.99,3,47.97,1690,Magdalen Downing,mdowningi@creativecommons.org,602-272-4053,287 Brown Plaza,Phoenix,Arizona,85083
Zone 6,BLAAVITRE35,Black Mangrove,Avicennia germinans,Medium Tree,HB2000,Holly Berry Tree Emporium,15.99,5,79.95,1932,Mahmud Mitroshinov,mmitroshinovr@sfgate.com,415-884-2122,35 Esker Hill,San Francisco,California,94154
Zone 6,FALCONPER129,False Rosemary,Conradina spp.,Perennial,HP1000,Hansel and Petal,15.99,3,47.97,1932,Mahmud Mitroshinov,mmitroshinovr@sfgate.com,415-884-2122,35 Esker Hill,San Francisco,California,94154
Zone 6,HOLCYRGRO174,Holly Fern,Cyrtomium falcatum,Groundcover,PF3000,Plant Fernishings,5.99,1,5.99,1932,Mahmud Mitroshinov,mmitroshinovr@sfgate.com,415-884-2122,35 Esker Hill,San Francisco,California,94154
Zone 6,DAHILETRE110,Dahoon Holly,Ilex cassine and cvs.,Medium Tree,HB2000,Holly Berry Tree Emporium,15.99,2,31.98,1932,Mahmud Mitroshinov,mmitroshinovr@sfgate.com,415-884-2122,35 Esker Hill,San Francisco,California,94154
Zone 6,AMEOSTTRE10,American Hophornbeam,Ostrya virginiana,Medium Tree,HB2000,Holly Berry Tree Emporium,15.99,2,31.98,1932,Mahmud Mitroshinov,mmitroshinovr@sfgate.com,415-884-2122,35 Esker Hill,San Francisco,California,94154
Zone 6,LEAACRSHR199,Leather Fern,Acrostichum danaeifolium,Large Shrub,PF3000,Plant Fernishings,5.99,3,17.97,3362,Maire Staines,mstaines96@mail.ru,626-321-2550,77469 Elmside Circle,Pasadena,California,91131
Zone 6,BLABUCTRE36,Black Olive,Bucida buceras,Large Tree,HB2000,Holly Berry Tree Emporium,15.99,2,31.98,3362,Maire Staines,mstaines96@mail.ru,626-321-2550,77469 Elmside Circle,Pasadena,California,91131
Zone 6,AMECARTRE11,American Hornbeam,Carpinus caroliniana,Medium Tree,HB2000,Holly Berry Tree Emporium,15.99,5,79.95,3362,Maire Staines,mstaines96@mail.ru,626-321-2550,77469 Elmside Circle,Pasadena,California,91131
Zone 6,FIRCROPER133,Firecracker Flower,Crossandra spp.,Perennial,HP1000,Hansel and Petal,15.99,2,31.98,3362,Maire Staines,mstaines96@mail.ru,626-321-2550,77469 Elmside Circle,Pasadena,California,91131
Zone 6,DATPHOPAL111,Date Palms,Phoenix spp.,Palm or Palm-Like,HB2000,Holly Berry Tree Emporium,15.99,1,15.99,3362,Maire Staines,mstaines96@mail.ru,626-321-2550,77469 Elmside Circle,Pasadena,California,91131
Zone 6,ANGBRUSHR14,Angel’s Trumpet,Brugmansia Xcandida,Large Shrub,HB2000,Holly Berry Tree Emporium,15.99,2,31.98,1523,Marcella Patey,mpatey9h@barnesandnoble.com,408-799-0176,233 Dwight Circle,San Jose,California,95108
Zone 6,FIRODOPER136,Firespike,Odontonema strictum,Perennial,HP1000,Hansel and Petal,15.99,5,79.95,1523,Marcella Patey,mpatey9h@barnesandnoble.com,408-799-0176,233 Dwight Circle,San Jose,California,95108
Zone 6,BLUQUETRE47,Bluff Oak,Quercus austrina,Large Tree,HB2000,Holly Berry Tree Emporium,15.99,1,15.99,1523,Marcella Patey,mpatey9h@barnesandnoble.com,408-799-0176,233 Dwight Circle,San Jose,California,95108
Zone 6,LEARUMGRO200,Leatherleaf Fern,Rumohra adiantiformis,Groundcover,PF3000,Plant Fernishings,5.99,3,17.97,1523,Marcella Patey,mpatey9h@barnesandnoble.com,408-799-0176,233 Dwight Circle,San Jose,California,95108
Zone 6,DESSENTRE113,Desert Cassia,Senna polyphylla,Small Tree,HB2000,Holly Berry Tree Emporium,15.99,3,47.97,1523,Marcella Patey,mpatey9h@barnesandnoble.com,408-799-0176,233 Dwight Circle,San Jose,California,95108
Zone 6,AFRDIEPER1,African Iris,Dietes iridoides,Perennial,HP1000,Hansel and Petal,25.99,2,51.98,1683,Marco Fernley,mfernleyah@fastcompany.com,205-426-6515,285 Lunder Place,Birmingham,Alabama,35290
Zone 6,DEVARATRE114,Devil’s Walkingstick,Aralia spinosa,Small Tree,HB2000,Holly Berry Tree Emporium,15.99,3,47.97,1201,Margaretta Gales,mgales3v@123-reg.co.uk,626-430-8051,13515 Scoville Center,Alhambra,California,91841
Zone 6,BOTCALTRE48,Bottlebrush,Callistemon spp.,Small Tree,HB2000,Holly Berry Tree Emporium,15.99,1,15.99,1201,Margaretta Gales,mgales3v@123-reg.co.uk,626-430-8051,13515 Scoville Center,Alhambra,California,91841
Zone 6,ARICUPTRE15,Arizona Cypress,Cupressus arizonica var.,Medium Tree,HB2000,Holly Berry Tree Emporium,15.99,2,31.98,1201,Margaretta Gales,mgales3v@123-reg.co.uk,626-430-8051,13515 Scoville Center,Alhambra,California,91841
Zone 6,LEMCYMGRA201,Lemongrass,Cymbopogon citratus,Grass,PF3000,Plant Fernishings,5.99,3,17.97,1201,Margaretta Gales,mgales3v@123-reg.co.uk,626-430-8051,13515 Scoville Center,Alhambra,California,91841
Zone 6,FLAJUSANN139,Flamingo Plant,Justicia carnea,Annuals,HP1000,Hansel and Petal,15.99,5,79.95,1201,Margaretta Gales,mgales3v@123-reg.co.uk,626-430-8051,13515 Scoville Center,Alhambra,California,91841
Zone 6,CLETERSHR91,Cleyera,Ternstroemia gymnanthera,Large Shrub,HB2000,Holly Berry Tree Emporium,15.99,2,31.98,2381,Margret Fuentes,mfuentes12@icq.com,303-391-1984,48343 South Junction,Denver,Colorado,80217
Zone 6,AMEOSTTRE10,American Hophornbeam,Ostrya virginiana,Medium Tree,HB2000,Holly Berry Tree Emporium,15.99,3,47.97,1987,Maridel Drayson,mdrayson93@stanford.edu,520-197-3980,371 Transport Lane,Tucson,Arizona,85720
Zone 6,FLADIAPER141,Flax Lily,Dianella spp.,Perennial,HP1000,Hansel and Petal,10.99,2,21.98,3288,Markos Ede,mede1c@diigo.com,323-784-1145,74716 Mosinee Lane,North Hollywood,California,91606
Zone 6,DOWJASSHR115,Downy Jasmine,Jasminum multiflorum,Large Shrub,HB2000,Holly Berry Tree Emporium,15.99,1,15.99,3288,Markos Ede,mede1c@diigo.com,323-784-1145,74716 Mosinee Lane,North Hollywood,California,91606
Zone 6,AVOPERTRE19,Avocado,Persea americana,Large Tree,HB2000,Holly Berry Tree Emporium,15.99,5,79.95,3288,Markos Ede,mede1c@diigo.com,323-784-1145,74716 Mosinee Lane,North Hollywood,California,91606
Zone 6,LITSCHGRA206,Little Blue Stem Grass,Schizachyrium scoparium,Grass,PF3000,Plant Fernishings,25.99,3,77.97,3288,Markos Ede,mede1c@diigo.com,323-784-1145,74716 Mosinee Lane,North Hollywood,California,91606
Zone 6,BOXSEVSHR51,Boxthorn,Severinia buxifolia,Large Shrub,HB2000,Holly Berry Tree Emporium,15.99,2,31.98,3288,Markos Ede,mede1c@diigo.com,323-784-1145,74716 Mosinee Lane,North Hollywood,California,91606
Zone 6,MAHDIDFER216,Mahogany Fern,Didymochlaena truncatula,Fern,PF3000,Plant Fernishings,25.99,3,77.97,3555,Marybeth O'Rodane,morodaneac@furl.net,415-631-8243,8220 Arapahoe Alley,San Francisco,California,94159
Zone 6,GAZGAZPER155,Gazania,Gazania spp.,Perennial,HP1000,Hansel and Petal,10.99,5,54.95,3555,Marybeth O'Rodane,morodaneac@furl.net,415-631-8243,8220 Arapahoe Alley,San Francisco,California,94159
Zone 6,DWASABSHR118,Dwarf Palmetto,Sabal minor,Large Shrub,HB2000,Holly Berry Tree Emporium,15.99,3,47.97,3555,Marybeth O'Rodane,morodaneac@furl.net,415-631-8243,8220 Arapahoe Alley,San Francisco,California,94159
Zone 6,BRITHRPAL53,Brittle Thatch Palm,Thrinax morrisii,Palm or Palm-Like,HB2000,Holly Berry Tree Emporium,15.99,1,15.99,3555,Marybeth O'Rodane,morodaneac@furl.net,415-631-8243,8220 Arapahoe Alley,San Francisco,California,94159
Zone 6,AWAVIBTRE20,Awabuki Viburnum,Viburnum odoratissimum,Small Tree,HB2000,Holly Berry Tree Emporium,15.99,2,31.98,3555,Marybeth O'Rodane,morodaneac@furl.net,415-631-8243,8220 Arapahoe Alley,San Francisco,California,94159
Zone 6,LEARUMGRO200,Leatherleaf Fern,Rumohra adiantiformis,Groundcover,PF3000,Plant Fernishings,5.99,2,11.98,1146,Mathe Methley,mmethleygd@fda.gov,202-620-6558,1103 7th Hill,Washington,District of Columbia,20310
Zone 6,EVEPASGRA126,Evergreen Paspalum,Paspalum quadrifarium,Grass,PF3000,Plant Fernishings,5.99,3,17.97,2329,Matty Monnoyer,mmonnoyercu@deviantart.com,302-668-4455,465 Center Place,Wilmington,Delaware,19886
Zone 6,AMECARTRE11,American Hornbeam,Carpinus caroliniana,Medium Tree,HB2000,Holly Berry Tree Emporium,15.99,3,47.97,3185,Maud Kattenhorn,mkattenhorn66@sfgate.com,480-353-2073,70301 Anthes Lane,Apache Junction,Arizona,85219
Zone 6,GLOGLOPER159,Gloriosa Lily,Gloriosa spp.,Perennial,HP1000,Hansel and Petal,10.99,3,32.97,2929,Mavra Yekel,myekelex@tinyurl.com,415-264-9672,6369 Anhalt Street,San Rafael,California,94913
Zone 6,FETLYOSHR130,Fetterbush,Lyonia lucida,Small Shrub,HB2000,Holly Berry Tree Emporium,15.99,2,31.98,2929,Mavra Yekel,myekelex@tinyurl.com,415-264-9672,6369 Anhalt Street,San Rafael,California,94913
Zone 6,MUHMUHGRA230,Muhly Grass,Muhlenbergia capillaris,Grass,PF3000,Plant Fernishings,25.99,1,25.99,2929,Mavra Yekel,myekelex@tinyurl.com,415-264-9672,6369 Anhalt Street,San Rafael,California,94913
Zone 6,BUCPSEPAL55,Buccaneer Palm,Pseudophoenix sargentii,Palm or Palm-Like,HB2000,Holly Berry Tree Emporium,12.99,5,64.95,2929,Mavra Yekel,myekelex@tinyurl.com,415-264-9672,6369 Anhalt Street,San Rafael,California,94913
Zone 6,AZARHOSHR22,Azalea,Rhododendron cvs.,Large Shrub,HB2000,Holly Berry Tree Emporium,15.99,2,31.98,2929,Mavra Yekel,myekelex@tinyurl.com,415-264-9672,6369 Anhalt Street,San Rafael,California,94913
Zone 6,BAMBAMSHR25,Bamboo,Bambusa spp.,Large Shrub,HB2000,Holly Berry Tree Emporium,15.99,5,79.95,3238,Mehetabel Murkin,mmurkin3j@de.vu,408-792-5776,72740 Farragut Street,San Jose,California,95133
Zone 6,FIDCITTRE131,Fiddlewood,Citharexylum spinosum,Small Tree,HB2000,Holly Berry Tree Emporium,15.99,1,15.99,3238,Mehetabel Murkin,mmurkin3j@de.vu,408-792-5776,72740 Farragut Street,San Jose,California,95133
Zone 6,GOLPACPER164,Golden Shrimp Plant,Pachystachys lutea,Perennial,HP1000,Hansel and Petal,10.99,2,21.98,3238,Mehetabel Murkin,mmurkin3j@de.vu,408-792-5776,72740 Farragut Street,San Jose,California,95133
Zone 6,PANPANGRA245,Panic Grass,Panicum virgatum and cvs.,Grass,PF3000,Plant Fernishings,25.99,3,77.97,3238,Mehetabel Murkin,mmurkin3j@de.vu,408-792-5776,72740 Farragut Street,San Jose,California,95133
Zone 6,BUCSIDTRE56,Buckthorn,Sideroxylon spp.,Small Tree,HB2000,Holly Berry Tree Emporium,12.99,2,25.98,3238,Mehetabel Murkin,mmurkin3j@de.vu,408-792-5776,72740 Farragut Street,San Jose,California,95133
Zone 6,BUSALLSHR59,Bush Allamanda,Allamanda neriifolia,Large Shrub,HB2000,Holly Berry Tree Emporium,12.99,1,12.99,3977,Mella Duffell,mduffellri@123-reg.co.uk,619-968-7306,9431 Arrowood Lane,San Diego,California,92191
Zone 6,BAMCERPAL26,Bamboo Cycad,Ceratozamia hildae,Palm or Palm-Like,HB2000,Holly Berry Tree Emporium,15.99,2,31.98,3977,Mella Duffell,mduffellri@123-reg.co.uk,619-968-7306,9431 Arrowood Lane,San Diego,California,92191
Zone 6,PURERAGRA285,Purple Lovegrass,Eragrostis spectabilis,Grass,PF3000,Plant Fernishings,25.99,3,77.97,3977,Mella Duffell,mduffellri@123-reg.co.uk,619-968-7306,9431 Arrowood Lane,San Diego,California,92191
Zone 6,FIRHAMSHR132,Firebush,Hamelia patens,Large Shrub,HB2000,Holly Berry Tree Emporium,15.99,3,47.97,3977,Mella Duffell,mduffellri@123-reg.co.uk,619-968-7306,9431 Arrowood Lane,San Diego,California,92191
Zone 6,GOLSOLPER165,Goldenrod,Solidago spp.,Perennial,HP1000,Hansel and Petal,10.99,5,54.95,3977,Mella Duffell,mduffellri@123-reg.co.uk,619-968-7306,9431 Arrowood Lane,San Diego,California,92191
Zone 6,RIVCHAGRA299,River Oats,Chasmanthium latifolium,Grass,PF3000,Plant Fernishings,25.99,2,51.98,3609,Melly Burk,mburk5c@slate.com,951-915-0907,84 Vahlen Trail,Corona,California,92878
Zone 6,BUSGAMSHR60,Bush Daisy,Gamolepis spp.,Small Shrub,HB2000,Holly Berry Tree Emporium,12.99,3,38.97,3609,Melly Burk,mburk5c@slate.com,951-915-0907,84 Vahlen Trail,Corona,California,92878
Zone 6,HELHELPER170,Heliconia,Heliconia spp.,Perennial,HP1000,Hansel and Petal,10.99,2,21.98,3609,Melly Burk,mburk5c@slate.com,951-915-0907,84 Vahlen Trail,Corona,California,92878
Zone 6,BANMUSTRE27,Banana,Musa spp.,Small Tree,HB2000,Holly Berry Tree Emporium,15.99,1,15.99,3609,Melly Burk,mburk5c@slate.com,951-915-0907,84 Vahlen Trail,Corona,California,92878
Zone 6,FIRRUSSHR134,Firecracker Plant,Russelia equisetiformis,Small Shrub,HB2000,Holly Berry Tree Emporium,15.99,3,47.97,3609,Melly Burk,mburk5c@slate.com,951-915-0907,84 Vahlen Trail,Corona,California,92878
Zone 6,FAKTRIGRA128,Fakahatchee Grass,Tripsacum dactyloides,Grass,PF3000,Plant Fernishings,5.99,5,29.95,2611,Merci Anning,manningh7@nifty.com,302-243-6591,53420 Basil Point,Wilmington,Delaware,19897
Zone 6,AGEAGEANN2,Ageratum,Ageratum spp.,Annuals,HP1000,Hansel and Petal,25.99,2,51.98,2156,Merilee Denis,mdeniscc@angelfire.com,334-558-7800,4064 2nd Terrace,Montgomery,Alabama,36125
Zone 6,ANGBRUSHR14,Angel’s Trumpet,Brugmansia Xcandida,Large Shrub,HB2000,Holly Berry Tree Emporium,15.99,3,47.97,3724,Merrill Greenroyd,mgreenroydo5@mapquest.com,602-822-7797,8837 Muir Parkway,Phoenix,Arizona,85072
Zone 6,BUTBUDSHR62,Butterfly Bush,Buddleia lindleyana,Large Shrub,HB2000,Holly Berry Tree Emporium,12.99,2,25.98,1537,Miguel McCobb,mmccobb9w@youtu.be,916-768-7192,2377 Lighthouse Bay Junction,Sacramento,California,94207
Zone 6,HURLYCPER177,Hurricane Lily,Lycoris spp.,Perennial,HP1000,Hansel and Petal,10.99,3,32.97,1537,Miguel McCobb,mmccobb9w@youtu.be,916-768-7192,2377 Lighthouse Bay Junction,Sacramento,California,94207
Zone 6,BANMAGTRE28,Banana Shrub,Magnolia figo,Small Tree,HB2000,Holly Berry Tree Emporium,15.99,5,79.95,1537,Miguel McCobb,mmccobb9w@youtu.be,916-768-7192,2377 Lighthouse Bay Junction,Sacramento,California,94207
Zone 6,ROYOSMFER303,Royal Fern,Osmunda regalis,Fern,PF3000,Plant Fernishings,25.99,3,77.97,1537,Miguel McCobb,mmccobb9w@youtu.be,916-768-7192,2377 Lighthouse Bay Junction,Sacramento,California,94207
Zone 6,FIRRUSSHR135,Firecracker Plant,Russelia sarmentosa,Small Shrub,HB2000,Holly Berry Tree Emporium,15.99,1,15.99,1537,Miguel McCobb,mmccobb9w@youtu.be,916-768-7192,2377 Lighthouse Bay Junction,Sacramento,California,94207
Zone 6,CARCALSHR71,Carolina Allspice,Calycanthus floridus,Large Shrub,HB2000,Holly Berry Tree Emporium,12.99,2,25.98,1833,Mikol Wootton,mwoottonhl@de.vu,805-698-6902,31731 Warrior Junction,Bakersfield,California,93311
Zone 6,SALDISGRA310,Salt Grass,Distichlis spicata,Grass,PF3000,Plant Fernishings,25.99,3,77.97,1833,Mikol Wootton,mwoottonhl@de.vu,805-698-6902,31731 Warrior Junction,Bakersfield,California,93311
Zone 6,IMPIMPPER179,Impatiens,Impatiens spp.,Perennial,HP1000,Hansel and Petal,15.99,2,31.98,1833,Mikol Wootton,mwoottonhl@de.vu,805-698-6902,31731 Warrior Junction,Bakersfield,California,93311
Zone 6,FIRPYRSHR137,Firethorn,Pyracantha coccinea,Small Shrub,HB2000,Holly Berry Tree Emporium,15.99,1,15.99,1833,Mikol Wootton,mwoottonhl@de.vu,805-698-6902,31731 Warrior Junction,Bakersfield,California,93311
Zone 6,BAYSURSHR29,Bay Cedar,Suriana maritima,Large Shrub,HB2000,Holly Berry Tree Emporium,15.99,5,79.95,1833,Mikol Wootton,mwoottonhl@de.vu,805-698-6902,31731 Warrior Junction,Bakersfield,California,93311
Zone 6,SOUADIFER337,Southern Maidenhair Fern,Adiantum capillus-veneris,Fern,PF3000,Plant Fernishings,25.99,3,77.97,3028,Miltie Menlove,mmenlovelb@sbwire.com,559-325-0924,6792 International Lane,Fresno,California,93786
Zone 6,BEACALSHR31,Beautyberry,Callicarpa americana,Large Shrub,HB2000,Holly Berry Tree Emporium,15.99,2,31.98,3028,Miltie Menlove,mmenlovelb@sbwire.com,559-325-0924,6792 International Lane,Fresno,California,93786
Zone 6,FISCARPAL138,Fishtail Palm,Caryota mitis,Palm or Palm-Like,HB2000,Holly Berry Tree Emporium,4.99,3,14.97,3028,Miltie Menlove,mmenlovelb@sbwire.com,559-325-0924,6792 International Lane,Fresno,California,93786
Zone 6,MEXCUPPER222,Mexican Heather,Cuphea hyssopifolia,Perennial,HP1000,Hansel and Petal,15.99,5,79.95,3028,Miltie Menlove,mmenlovelb@sbwire.com,559-325-0924,6792 International Lane,Fresno,California,93786
Zone 6,CARRHASHR72,Carolina Buckthorn,Rhamnus caroliniana,Large Shrub,HB2000,Holly Berry Tree Emporium,12.99,1,12.99,3028,Miltie Menlove,mmenlovelb@sbwire.com,559-325-0924,6792 International Lane,Fresno,California,93786
Zone 6,CARHALTRE74,Carolina Silverbell,Halesia carolina,Large Tree,HB2000,Holly Berry Tree Emporium,15.99,3,47.97,1196,Milty Taree,mtareefc@google.com,707-525-2518,13288 Paget Drive,Petaluma,California,94975
Zone 6,FLAPRUTRE140,Flatwoods Plum,Prunus umbellata,Small Tree,HB2000,Holly Berry Tree Emporium,15.99,3,47.97,1196,Milty Taree,mtareefc@google.com,707-525-2518,13288 Paget Drive,Petaluma,California,94975
Zone 6,BIRSTRSHR33,Bird of Paradise,Strelitzia reginae,Small Shrub,HB2000,Holly Berry Tree Emporium,15.99,1,15.99,1196,Milty Taree,mtareefc@google.com,707-525-2518,13288 Paget Drive,Petaluma,California,94975
Zone 6,SOUTHEGRO340,Southern Shield Fern,Thelypteris kunthii,Groundcover,PF3000,Plant Fernishings,25.99,2,51.98,1196,Milty Taree,mtareefc@google.com,707-525-2518,13288 Paget Drive,Petaluma,California,94975
Zone 6,MEXTITANN224,Mexican Sunflower,Tithonia rotundiflora,Annuals,HP1000,Hansel and Petal,15.99,2,31.98,1196,Milty Taree,mtareefc@google.com,707-525-2518,13288 Paget Drive,Petaluma,California,94975
Zone 6,BISBISPAL34,Bismarck Palm,Bismarckia nobilis,Palm or Palm-Like,HB2000,Holly Berry Tree Emporium,15.99,3,47.97,1262,Minna Arrigo,marrigoly@hibu.com,916-148-0676,167 Transport Alley,Sacramento,California,95813
Zone 6,SWABLEFER358,Swamp Fern,Blechnum serrulatum,Fern,PF3000,Plant Fernishings,25.99,5,129.95,1262,Minna Arrigo,marrigoly@hibu.com,916-148-0676,167 Transport Alley,Sacramento,California,95813
Zone 6,CARCARTRE75,Carpentaria Palm,Carpentaria acuminata,Medium Tree,HB2000,Holly Berry Tree Emporium,15.99,3,47.97,1262,Minna Arrigo,marrigoly@hibu.com,916-148-0676,167 Transport Alley,Sacramento,California,95813
Zone 6,FLORHOSHR142,Florida Flame Azalea,Rhododendron austrinum,Large Shrub,HB2000,Holly Berry Tree Emporium,15.99,2,31.98,1262,Minna Arrigo,marrigoly@hibu.com,916-148-0676,167 Transport Alley,Sacramento,California,95813
Zone 6,RUDRUDPER306,Rudbeckia,Rudbeckia fulgida,Perennial,HP1000,Hansel and Petal,15.99,1,15.99,1262,Minna Arrigo,marrigoly@hibu.com,916-148-0676,167 Transport Alley,Sacramento,California,95813
Zone 6,BLAAVITRE35,Black Mangrove,Avicennia germinans,Medium Tree,HB2000,Holly Berry Tree Emporium,15.99,3,47.97,1229,Minnnie Wilbraham,mwilbrahame@cnn.com,510-387-5103,15 Montana Avenue,Oakland,California,94660
Zone 6,FLOFORTRE144,Florida Privet,Forestiera segregata,Small Tree,HB2000,Holly Berry Tree Emporium,15.99,5,79.95,1229,Minnnie Wilbraham,mwilbrahame@cnn.com,510-387-5103,15 Montana Avenue,Oakland,California,94660
Zone 6,SWONEPGRO367,Sword Fern,Nephrolepis exaltata,Groundcover,PF3000,Plant Fernishings,25.99,2,51.98,1229,Minnnie Wilbraham,mwilbrahame@cnn.com,510-387-5103,15 Montana Avenue,Oakland,California,94660
Zone 6,SALSALPER311,Salvia,Salvia spp.,Perennial,HP1000,Hansel and Petal,15.99,3,47.97,1229,Minnnie Wilbraham,mwilbrahame@cnn.com,510-387-5103,15 Montana Avenue,Oakland,California,94660
Zone 6,CEDULMTRE77,Cedar Elm,Ulmus crassifolia,Large Tree,HB2000,Holly Berry Tree Emporium,15.99,2,31.98,1229,Minnnie Wilbraham,mwilbrahame@cnn.com,510-387-5103,15 Montana Avenue,Oakland,California,94660
Zone 6,ARICUPTRE15,Arizona Cypress,Cupressus arizonica var.,Medium Tree,HB2000,Holly Berry Tree Emporium,15.99,1,15.99,1661,Mirelle Abbatini,mabbatini71@state.gov,520-406-2310,275 Northport Hill,Tucson,Arizona,85754
Zone 6,JAMPISTRE187,Jamaican Dogwood,Piscidia piscipula,Large Tree,HB2000,Holly Berry Tree Emporium,25.99,2,51.98,3878,Morgan Paddell,mpaddell6k@jiathis.com,860-111-3856,904 Washington Road,Hartford,Connecticut,6145
Zone 6,AVOPERTRE19,Avocado,Persea americana,Large Tree,HB2000,Holly Berry Tree Emporium,15.99,5,79.95,1581,Munmro McConnell,mmcconnell2h@ning.com,520-791-7119,25 Maywood Point,Prescott,Arizona,86305
Zone 6,JAPFATSHR188,Japanese Aralia,Fatsia japonica,Large Shrub,HB2000,Holly Berry Tree Emporium,25.99,3,77.97,3725,Murdoch Panks,mpanksjd@live.com,203-293-9407,884 Hoard Crossing,New Haven,Connecticut,6520
Zone 6,CENAGASHR80,Century Plant,Agave spp.,Large Shrub,HB2000,Holly Berry Tree Emporium,15.99,2,31.98,1876,Murray Keys,mkeysp4@gizmodo.com,909-165-9386,33 Graedel Parkway,San Bernardino,California,92424
Zone 6,BLABUCTRE36,Black Olive,Bucida buceras,Large Tree,HB2000,Holly Berry Tree Emporium,15.99,5,79.95,1876,Murray Keys,mkeysp4@gizmodo.com,909-165-9386,33 Graedel Parkway,San Bernardino,California,92424
Zone 6,TASDICFER371,Tasmanian Tree Fern,Dicksonia antarctica,Fern,PF3000,Plant Fernishings,25.99,3,77.97,1876,Murray Keys,mkeysp4@gizmodo.com,909-165-9386,33 Graedel Parkway,San Bernardino,California,92424
Zone 6,SCOHELPER320,Scorpion Tail,Heliotropium angiospermum,Perennial,HP1000,Hansel and Petal,15.99,2,31.98,1876,Murray Keys,mkeysp4@gizmodo.com,909-165-9386,33 Graedel Parkway,San Bernardino,California,92424
Zone 6,FLOTHRPAL145,Florida Thatch Palm,Thrinax radiata,Palm or Palm-Like,HB2000,Holly Berry Tree Emporium,15.99,1,15.99,1876,Murray Keys,mkeysp4@gizmodo.com,909-165-9386,33 Graedel Parkway,San Bernardino,California,92424
Zone 6,AWAVIBTRE20,Awabuki Viburnum,Viburnum odoratissimum,Small Tree,HB2000,Holly Berry Tree Emporium,15.99,3,47.97,2344,Myca Kitchinghan,mkitchinghan5p@utexas.edu,602-327-8475,47 Mesta Pass,Phoenix,Arizona,85077
Zone 6,SHEALPPER324,Shell Ginger,Alpinia spp.,Perennial,HP1000,Hansel and Petal,15.99,2,31.98,3766,Myrna Bermingham,mbermingham2d@php.net,530-557-9326,89789 Eastwood Place,Chico,California,95973
Zone 6,FLOCHOTRE146,Floss-Silk Tree,Chorisia speciosa,Large Tree,HB2000,Holly Berry Tree Emporium,15.99,1,15.99,3766,Myrna Bermingham,mbermingham2d@php.net,530-557-9326,89789 Eastwood Place,Chico,California,95973
Zone 6,BLUQUETRE47,Bluff Oak,Quercus austrina,Large Tree,HB2000,Holly Berry Tree Emporium,15.99,5,79.95,3766,Myrna Bermingham,mbermingham2d@php.net,530-557-9326,89789 Eastwood Place,Chico,California,95973
Zone 6,TIGTHYGRA377,Tiger Grass,Thysanolaena maxima,Grass,PF3000,Plant Fernishings,25.99,3,77.97,3766,Myrna Bermingham,mbermingham2d@php.net,530-557-9326,89789 Eastwood Place,Chico,California,95973
Zone 6,CHAVITSHR81,Chaste Tree,Vitex agnus-castus,Large Shrub,HB2000,Holly Berry Tree Emporium,15.99,2,31.98,3766,Myrna Bermingham,mbermingham2d@php.net,530-557-9326,89789 Eastwood Place,Chico,California,95973
Zone 6,AZARHOSHR22,Azalea,Rhododendron cvs.,Large Shrub,HB2000,Holly Berry Tree Emporium,15.99,3,47.97,3042,Nadeen Favela,nfavela3k@state.tx.us,480-350-3333,6822 Meadow Valley Road,Scottsdale,Arizona,85255
Zone 6,COCCHRSHR94,Cocoplum,Chrysobalanus icaco,Large Shrub,HB2000,Holly Berry Tree Emporium,15.99,3,47.97,1324,Nancey Kelley,nkelleyql@php.net,303-554-1838,18867 Hagan Pass,Denver,Colorado,80235
Zone 6,COMHAMSHR96,Common Witchhazel,Hamamelis virginiana,Large Shrub,HB2000,Holly Berry Tree Emporium,15.99,1,15.99,3420,Nathanial De Banke,ndemv@skyrock.com,303-745-4573,7966 Clemons Street,Denver,Colorado,80299
Zone 6,BAMBAMSHR25,Bamboo,Bambusa spp.,Large Shrub,HB2000,Holly Berry Tree Emporium,15.99,2,31.98,1930,Nathanial Hagland,nhaglandnj@toplist.cz,520-585-6060,349 Marcy Junction,Tucson,Arizona,85754
Zone 6,AMAHIPPER7,Amaryllis,Hippeastrum spp.,Perennial,HP1000,Hansel and Petal,25.99,5,129.95,1682,Natividad de Pinna,ndegv@sakura.ne.jp,256-667-5155,285 Cherokee Place,Anniston,Alabama,36205
Zone 6,BAMCERPAL26,Bamboo Cycad,Ceratozamia hildae,Palm or Palm-Like,HB2000,Holly Berry Tree Emporium,15.99,2,31.98,4043,Nerita Arrigo,narrigop8@delicious.com,520-942-0755,9684 2nd Terrace,Tucson,Arizona,85743
Zone 6,BANMUSTRE27,Banana,Musa spp.,Small Tree,HB2000,Holly Berry Tree Emporium,15.99,3,47.97,2046,Newton Iglesia,niglesia2s@stumbleupon.com,520-127-0154,39253 Killdeer Street,Prescott,Arizona,86305
Zone 6,CHEACASHR82,Chenille Plant,Acalypha hispida,Small Shrub,HB2000,Holly Berry Tree Emporium,15.99,2,31.98,4114,Nickolai Briton,nbritonax@miibeian.gov.cn,408-960-9140,993 Pepper Wood Pass,San Jose,California,95155
Zone 6,WIRARIGRA412,Wiregrass,Aristida stricta var. beyrichiana,Grass,PF3000,Plant Fernishings,9.99,3,29.97,4114,Nickolai Briton,nbritonax@miibeian.gov.cn,408-960-9140,993 Pepper Wood Pass,San Jose,California,95155
Zone 6,BOTCALTRE48,Bottlebrush,Callistemon spp.,Small Tree,HB2000,Holly Berry Tree Emporium,15.99,5,79.95,4114,Nickolai Briton,nbritonax@miibeian.gov.cn,408-960-9140,993 Pepper Wood Pass,San Jose,California,95155
Zone 6,FLOCORTRE147,Flowering Dogwood,Cornus florida,Small Tree,HB2000,Holly Berry Tree Emporium,15.99,1,15.99,4114,Nickolai Briton,nbritonax@miibeian.gov.cn,408-960-9140,993 Pepper Wood Pass,San Jose,California,95155
Zone 6,SHRJUSPER327,Shrimp Plant,Justicia brandegeana,Perennial,HP1000,Hansel and Petal,15.99,2,31.98,4114,Nickolai Briton,nbritonax@miibeian.gov.cn,408-960-9140,993 Pepper Wood Pass,San Jose,California,95155
Zone 6,ZEBMISGRA423,Zebra Grass,Miscanthus sinensis,Grass,PF3000,Plant Fernishings,9.99,3,29.97,2220,Nicola Fulham,nfulham5t@fda.gov,415-407-2186,4309 Sloan Lane,San Francisco,California,94116
Zone 6,JABMYRTRE183,Jaboticaba,Myrciaria cauliflora,Small Tree,HB2000,Holly Berry Tree Emporium,15.99,3,47.97,2220,Nicola Fulham,nfulham5t@fda.gov,415-407-2186,4309 Sloan Lane,San Francisco,California,94116
Zone 6,CHIPRUTRE83,Chickasaw Plum,Prunus angustifolia,Small Tree,HB2000,Holly Berry Tree Emporium,15.99,1,15.99,2220,Nicola Fulham,nfulham5t@fda.gov,415-407-2186,4309 Sloan Lane,San Francisco,California,94116
Zone 6,BOXSEVSHR51,Boxthorn,Severinia buxifolia,Large Shrub,HB2000,Holly Berry Tree Emporium,15.99,2,31.98,2220,Nicola Fulham,nfulham5t@fda.gov,415-407-2186,4309 Sloan Lane,San Francisco,California,94116
Zone 6,SOCTULPER335,Society Garlic,Tulbaghia violacea,Perennial,HP1000,Hansel and Petal,15.99,5,79.95,2220,Nicola Fulham,nfulham5t@fda.gov,415-407-2186,4309 Sloan Lane,San Francisco,California,94116
Zone 6,AFRDIEPER1,African Iris,Dietes iridoides,Perennial,HP1000,Hansel and Petal,25.99,2,51.98,1180,Nicola Hullbrook,nhullbrooklj@accuweather.com,714-646-3179,129 Bartillon Court,Irvine,California,92717
Zone 6,VIRIRIPER388,Virginia Iris,Iris virginica,Perennial,HP1000,Hansel and Petal,15.99,2,31.98,1180,Nicola Hullbrook,nhullbrooklj@accuweather.com,714-646-3179,129 Bartillon Court,Irvine,California,92717
Zone 6,JACJACTRE184,Jacaranda,Jacaranda mimosifolia,Medium Tree,HB2000,Holly Berry Tree Emporium,15.99,3,47.97,1180,Nicola Hullbrook,nhullbrooklj@accuweather.com,714-646-3179,129 Bartillon Court,Irvine,California,92717
Zone 6,BRITHRPAL53,Brittle Thatch Palm,Thrinax morrisii,Palm or Palm-Like,HB2000,Holly Berry Tree Emporium,15.99,1,15.99,1180,Nicola Hullbrook,nhullbrooklj@accuweather.com,714-646-3179,129 Bartillon Court,Irvine,California,92717
Zone 6,CHIULMTRE84,Chinese Elm,Ulmus parvifolia and cvs.,Large Tree,HB2000,Holly Berry Tree Emporium,15.99,3,47.97,1180,Nicola Hullbrook,nhullbrooklj@accuweather.com,714-646-3179,129 Bartillon Court,Irvine,California,92717
Zone 6,AGEAGEANN2,Ageratum,Ageratum spp.,Annuals,HP1000,Hansel and Petal,25.99,5,129.95,3044,Nikolai Hukin,nhukin15@sourceforge.net,805-935-2589,6830 David Park,Ventura,California,93005
Zone 6,VOOAMOPER390,Voodoo Lily,Amorphophallus spp.,Perennial,HP1000,Hansel and Petal,15.99,1,15.99,3044,Nikolai Hukin,nhukin15@sourceforge.net,805-935-2589,6830 David Park,Ventura,California,93005
Zone 6,JAMCAPTRE186,Jamaica Caper Tree,Capparis cynophallophora,Small Tree,HB2000,Holly Berry Tree Emporium,25.99,2,51.98,3044,Nikolai Hukin,nhukin15@sourceforge.net,805-935-2589,6830 David Park,Ventura,California,93005
Zone 6,CHILIVPAL85,Chinese Fan Palm,Livistona spp.,Palm or Palm-Like,HB2000,Holly Berry Tree Emporium,15.99,3,47.97,3044,Nikolai Hukin,nhukin15@sourceforge.net,805-935-2589,6830 David Park,Ventura,California,93005
Zone 6,BUCPSEPAL55,Buccaneer Palm,Pseudophoenix sargentii,Palm or Palm-Like,HB2000,Holly Berry Tree Emporium,12.99,3,38.97,3044,Nikolai Hukin,nhukin15@sourceforge.net,805-935-2589,6830 David Park,Ventura,California,93005
Zone 6,CHICHITRE86,Chinese Fringetree,Chionanthus retusus,Small Tree,HB2000,Holly Berry Tree Emporium,15.99,2,31.98,1340,Nissie McSperron,nmcsperronj7@miitbeian.gov.cn,213-669-3740,19448 Little Fleur Road,Los Angeles,California,90101
Zone 6,AMAHIPPER7,Amaryllis,Hippeastrum spp.,Perennial,HP1000,Hansel and Petal,25.99,2,51.98,1340,Nissie McSperron,nmcsperronj7@miitbeian.gov.cn,213-669-3740,19448 Little Fleur Road,Los Angeles,California,90101
Zone 6,WALNEOPER391,Walking Iris,Neomarica gracilis,Perennial,HP1000,Hansel and Petal,15.99,3,47.97,1340,Nissie McSperron,nmcsperronj7@miitbeian.gov.cn,213-669-3740,19448 Little Fleur Road,Los Angeles,California,90101
