﻿PopUpShopName,DetPlantID,Plant Name,Scientific Name,Plant Type,VendorID,Vendor,Price,QTY,SubTotal,CustomerID,CustomerName,CustomerEmail,CustomerPhone,CustomerAddress,CustomerCity,CustomerState,CustomerZip
Zone 5,CANCANPER69,Canna Lily,Canna spp.,Perennial,HP1000,Hansel and Petal,15.99,3,47.97,2353,Diahann Hoult,dhoultek@exblog.jp,213-863-2947,473 Merrick Park,Los Angeles,California,90101
Zone 5,CARCARTRE75,Carpentaria Palm,Carpentaria acuminata,Medium Tree,HB2000,Holly Berry Tree Emporium,15.99,3,47.97,2353,Diahann Hoult,dhoultek@exblog.jp,213-863-2947,473 Merrick Park,Los Angeles,California,90101
Zone 5,COCCHRSHR94,Cocoplum,Chrysobalanus icaco,Large Shrub,HB2000,Holly Berry Tree Emporium,15.99,5,79.95,2353,Diahann Hoult,dhoultek@exblog.jp,213-863-2947,473 Merrick Park,Los Angeles,California,90101
Zone 5,LEMCYMGRA201,Lemongrass,Cymbopogon citratus,Grass,PF3000,Plant Fernishings,5.99,2,11.98,2353,Diahann Hoult,dhoultek@exblog.jp,213-863-2947,473 Merrick Park,Los Angeles,California,90101
Zone 5,SHEALPPER324,Shell Ginger,Alpinia spp.,Perennial,HP1000,Hansel and Petal,15.99,1,15.99,3070,Dianne Keasy,dkeasymh@boston.com,602-663-5223,6945 Almo Park,Phoenix,Arizona,85053
Zone 5,MAHDIDFER216,Mahogany Fern,Didymochlaena truncatula,Fern,PF3000,Plant Fernishings,25.99,2,51.98,2648,Dieter Coppens,dcoppensp9@ucla.edu,256-278-7167,55 Northwestern Center,Huntsville,Alabama,35810
Zone 5,CLETERSHR91,Cleyera,Ternstroemia gymnanthera,Large Shrub,HB2000,Holly Berry Tree Emporium,15.99,5,79.95,2648,Dieter Coppens,dcoppensp9@ucla.edu,256-278-7167,55 Northwestern Center,Huntsville,Alabama,35810
Zone 5,CANCANPER69,Canna Lily,Canna spp.,Perennial,HP1000,Hansel and Petal,15.99,2,31.98,2930,Dionne Armytage,darmytagehc@mediafire.com,909-648-9952,637 Maple Plaza,Riverside,California,92505
Zone 5,CURCURPER109,Curcuma,Curcuma spp.,Perennial,HP1000,Hansel and Petal,15.99,2,31.98,2930,Dionne Armytage,darmytagehc@mediafire.com,909-648-9952,637 Maple Plaza,Riverside,California,92505
Zone 5,COMHAMSHR96,Common Witchhazel,Hamamelis virginiana,Large Shrub,HB2000,Holly Berry Tree Emporium,15.99,3,47.97,2930,Dionne Armytage,darmytagehc@mediafire.com,909-648-9952,637 Maple Plaza,Riverside,California,92505
Zone 5,LITSCHGRA206,Little Blue Stem Grass,Schizachyrium scoparium,Grass,PF3000,Plant Fernishings,25.99,3,77.97,2930,Dionne Armytage,darmytagehc@mediafire.com,909-648-9952,637 Maple Plaza,Riverside,California,92505
Zone 5,CEDULMTRE77,Cedar Elm,Ulmus crassifolia,Large Tree,HB2000,Holly Berry Tree Emporium,15.99,1,15.99,2930,Dionne Armytage,darmytagehc@mediafire.com,909-648-9952,637 Maple Plaza,Riverside,California,92505
Zone 5,DAYHEMPER112,Daylily,Hemerocallis spp.,Perennial,HP1000,Hansel and Petal,15.99,5,79.95,1802,Doe O'Luby,doluby5t@pcworld.com,907-578-9972,3035 Sunfield Trail,Fairbanks,Alaska,99790
Zone 5,SHRJUSPER327,Shrimp Plant,Justicia brandegeana,Perennial,HP1000,Hansel and Petal,15.99,2,31.98,2396,Dollie Pennells,dpennellsju@businessweek.com,520-163-2920,49 Delladonna Alley,Tucson,Arizona,85743
Zone 5,COPACASHR99,Copper Leaf,Acalypha wilkesiana,Large Shrub,HB2000,Holly Berry Tree Emporium,15.99,3,47.97,1318,Donalt Tilbey,dtilbey5p@ow.ly,415-509-1958,1866 Karstens Alley,San Francisco,California,94137
Zone 5,CENAGASHR80,Century Plant,Agave spp.,Large Shrub,HB2000,Holly Berry Tree Emporium,15.99,2,31.98,1318,Donalt Tilbey,dtilbey5p@ow.ly,415-509-1958,1866 Karstens Alley,San Francisco,California,94137
Zone 5,CURCURPER109,Curcuma,Curcuma spp.,Perennial,HP1000,Hansel and Petal,15.99,3,47.97,1318,Donalt Tilbey,dtilbey5p@ow.ly,415-509-1958,1866 Karstens Alley,San Francisco,California,94137
Zone 5,MAHDIDFER216,Mahogany Fern,Didymochlaena truncatula,Fern,PF3000,Plant Fernishings,25.99,1,25.99,1318,Donalt Tilbey,dtilbey5p@ow.ly,415-509-1958,1866 Karstens Alley,San Francisco,California,94137
Zone 5,DAYHEMPER112,Daylily,Hemerocallis spp.,Perennial,HP1000,Hansel and Petal,15.99,5,79.95,1318,Donalt Tilbey,dtilbey5p@ow.ly,415-509-1958,1866 Karstens Alley,San Francisco,California,94137
Zone 5,DWAACAPER117,Dwarf Chenille Plant,Acalypha reptans,Perennial,HP1000,Hansel and Petal,15.99,2,31.98,3691,Dorette Welch,dwelchpw@goodreads.com,559-875-7353,87 Continental Trail,Fresno,California,93715
Zone 5,CORERYSHR100,Coral Bean,Erythrina herbacea,Large Shrub,HB2000,Holly Berry Tree Emporium,15.99,3,47.97,3691,Dorette Welch,dwelchpw@goodreads.com,559-875-7353,87 Continental Trail,Fresno,California,93715
Zone 5,DAYHEMPER112,Daylily,Hemerocallis spp.,Perennial,HP1000,Hansel and Petal,15.99,2,31.98,3691,Dorette Welch,dwelchpw@goodreads.com,559-875-7353,87 Continental Trail,Fresno,California,93715
Zone 5,MUHMUHGRA230,Muhly Grass,Muhlenbergia capillaris,Grass,PF3000,Plant Fernishings,25.99,3,77.97,3691,Dorette Welch,dwelchpw@goodreads.com,559-875-7353,87 Continental Trail,Fresno,California,93715
Zone 5,CHAVITSHR81,Chaste Tree,Vitex agnus-castus,Large Shrub,HB2000,Holly Berry Tree Emporium,15.99,1,15.99,3691,Dorette Welch,dwelchpw@goodreads.com,559-875-7353,87 Continental Trail,Fresno,California,93715
Zone 5,CHEACASHR82,Chenille Plant,Acalypha hispida,Small Shrub,HB2000,Holly Berry Tree Emporium,15.99,3,47.97,1933,Drusy Fison,dfison78@163.com,310-411-4694,35 Hermina Lane,Long Beach,California,90805
Zone 5,DWAACAPER117,Dwarf Chenille Plant,Acalypha reptans,Perennial,HP1000,Hansel and Petal,15.99,5,79.95,1933,Drusy Fison,dfison78@163.com,310-411-4694,35 Hermina Lane,Long Beach,California,90805
Zone 5,FALCONPER129,False Rosemary,Conradina spp.,Perennial,HP1000,Hansel and Petal,15.99,1,15.99,1933,Drusy Fison,dfison78@163.com,310-411-4694,35 Hermina Lane,Long Beach,California,90805
Zone 5,PANPANGRA245,Panic Grass,Panicum virgatum and cvs.,Grass,PF3000,Plant Fernishings,25.99,3,77.97,1933,Drusy Fison,dfison78@163.com,310-411-4694,35 Hermina Lane,Long Beach,California,90805
Zone 5,CRATABSHR102,Crape Jasmine,Tabernaemontana divaricata,Large Shrub,HB2000,Holly Berry Tree Emporium,15.99,2,31.98,1933,Drusy Fison,dfison78@163.com,310-411-4694,35 Hermina Lane,Long Beach,California,90805
Zone 5,FALCONPER129,False Rosemary,Conradina spp.,Perennial,HP1000,Hansel and Petal,15.99,2,31.98,1239,Duffie Wolton,dwoltonay@engadget.com,858-262-1743,1520 North Park,San Diego,California,92127
Zone 5,FIRCROPER133,Firecracker Flower,Crossandra spp.,Perennial,HP1000,Hansel and Petal,15.99,3,47.97,1239,Duffie Wolton,dwoltonay@engadget.com,858-262-1743,1520 North Park,San Diego,California,92127
Zone 5,PURERAGRA285,Purple Lovegrass,Eragrostis spectabilis,Grass,PF3000,Plant Fernishings,25.99,2,51.98,1239,Duffie Wolton,dwoltonay@engadget.com,858-262-1743,1520 North Park,San Diego,California,92127
Zone 5,CRALAGTRE103,Crapemyrtle,Lagerstroemia indica,Medium Tree,HB2000,Holly Berry Tree Emporium,15.99,5,79.95,1239,Duffie Wolton,dwoltonay@engadget.com,858-262-1743,1520 North Park,San Diego,California,92127
Zone 5,CHIPRUTRE83,Chickasaw Plum,Prunus angustifolia,Small Tree,HB2000,Holly Berry Tree Emporium,15.99,3,47.97,1239,Duffie Wolton,dwoltonay@engadget.com,858-262-1743,1520 North Park,San Diego,California,92127
Zone 5,RIVCHAGRA299,River Oats,Chasmanthium latifolium,Grass,PF3000,Plant Fernishings,25.99,5,129.95,3537,Duffy Durban,ddurbanjn@privacy.gov.au,818-146-6353,81317 Independence Lane,Los Angeles,California,90010
Zone 5,CROCODSHR108,Croton,Codiaeum variegatum,Large Shrub,HB2000,Holly Berry Tree Emporium,15.99,2,31.98,3537,Duffy Durban,ddurbanjn@privacy.gov.au,818-146-6353,81317 Independence Lane,Los Angeles,California,90010
Zone 5,FIRCROPER133,Firecracker Flower,Crossandra spp.,Perennial,HP1000,Hansel and Petal,15.99,1,15.99,3537,Duffy Durban,ddurbanjn@privacy.gov.au,818-146-6353,81317 Independence Lane,Los Angeles,California,90010
Zone 5,FIRODOPER136,Firespike,Odontonema strictum,Perennial,HP1000,Hansel and Petal,15.99,3,47.97,3537,Duffy Durban,ddurbanjn@privacy.gov.au,818-146-6353,81317 Independence Lane,Los Angeles,California,90010
Zone 5,CHIULMTRE84,Chinese Elm,Ulmus parvifolia and cvs.,Large Tree,HB2000,Holly Berry Tree Emporium,15.99,2,31.98,3537,Duffy Durban,ddurbanjn@privacy.gov.au,818-146-6353,81317 Independence Lane,Los Angeles,California,90010
Zone 5,DAHILETRE110,Dahoon Holly,Ilex cassine and cvs.,Medium Tree,HB2000,Holly Berry Tree Emporium,15.99,1,15.99,3283,Durant McCumesky,dmccumeskygr@utexas.edu,530-461-5439,7455 Darwin Crossing,Sacramento,California,95833
Zone 5,FLAJUSANN139,Flamingo Plant,Justicia carnea,Annuals,HP1000,Hansel and Petal,15.99,2,31.98,3283,Durant McCumesky,dmccumeskygr@utexas.edu,530-461-5439,7455 Darwin Crossing,Sacramento,California,95833
Zone 5,CHILIVPAL85,Chinese Fan Palm,Livistona spp.,Palm or Palm-Like,HB2000,Holly Berry Tree Emporium,15.99,5,79.95,3283,Durant McCumesky,dmccumeskygr@utexas.edu,530-461-5439,7455 Darwin Crossing,Sacramento,California,95833
Zone 5,FIRODOPER136,Firespike,Odontonema strictum,Perennial,HP1000,Hansel and Petal,15.99,3,47.97,3283,Durant McCumesky,dmccumeskygr@utexas.edu,530-461-5439,7455 Darwin Crossing,Sacramento,California,95833
Zone 5,ROYOSMFER303,Royal Fern,Osmunda regalis,Fern,PF3000,Plant Fernishings,25.99,2,51.98,3283,Durant McCumesky,dmccumeskygr@utexas.edu,530-461-5439,7455 Darwin Crossing,Sacramento,California,95833
Zone 5,COCCHRSHR94,Cocoplum,Chrysobalanus icaco,Large Shrub,HB2000,Holly Berry Tree Emporium,15.99,3,47.97,2645,Eada Andrejevic,eandrejevic2i@people.com.cn,205-702-0359,548 Dawn Circle,Birmingham,Alabama,35295
Zone 5,MUHMUHGRA230,Muhly Grass,Muhlenbergia capillaris,Grass,PF3000,Plant Fernishings,25.99,3,77.97,2645,Eada Andrejevic,eandrejevic2i@people.com.cn,205-702-0359,548 Dawn Circle,Birmingham,Alabama,35295
Zone 5,CHICHITRE86,Chinese Fringetree,Chionanthus retusus,Small Tree,HB2000,Holly Berry Tree Emporium,15.99,2,31.98,4060,Eberto Chantree,echantreeou@hp.com,661-692-2550,9725 Rockefeller Pass,Bakersfield,California,93311
Zone 5,FLADIAPER141,Flax Lily,Dianella spp.,Perennial,HP1000,Hansel and Petal,10.99,3,32.97,4060,Eberto Chantree,echantreeou@hp.com,661-692-2550,9725 Rockefeller Pass,Bakersfield,California,93311
Zone 5,SALDISGRA310,Salt Grass,Distichlis spicata,Grass,PF3000,Plant Fernishings,25.99,5,129.95,4060,Eberto Chantree,echantreeou@hp.com,661-692-2550,9725 Rockefeller Pass,Bakersfield,California,93311
Zone 5,FLAJUSANN139,Flamingo Plant,Justicia carnea,Annuals,HP1000,Hansel and Petal,15.99,1,15.99,4060,Eberto Chantree,echantreeou@hp.com,661-692-2550,9725 Rockefeller Pass,Bakersfield,California,93311
Zone 5,DATPHOPAL111,Date Palms,Phoenix spp.,Palm or Palm-Like,HB2000,Holly Berry Tree Emporium,15.99,2,31.98,4060,Eberto Chantree,echantreeou@hp.com,661-692-2550,9725 Rockefeller Pass,Bakersfield,California,93311
Zone 5,FLORHOSHR142,Florida Flame Azalea,Rhododendron austrinum,Large Shrub,HB2000,Holly Berry Tree Emporium,15.99,3,47.97,2633,Egbert Cole,ecolepl@youku.com,860-996-0694,54 Schmedeman Drive,Hartford,Connecticut,6160
Zone 5,SOUADIFER337,Southern Maidenhair Fern,Adiantum capillus-veneris,Fern,PF3000,Plant Fernishings,25.99,5,129.95,2912,Elke Porter,eporter9k@google.co.uk,510-401-0835,63 Anthes Trail,Oakland,California,94611
Zone 5,FLADIAPER141,Flax Lily,Dianella spp.,Perennial,HP1000,Hansel and Petal,10.99,1,10.99,2912,Elke Porter,eporter9k@google.co.uk,510-401-0835,63 Anthes Trail,Oakland,California,94611
Zone 5,GAZGAZPER155,Gazania,Gazania spp.,Perennial,HP1000,Hansel and Petal,10.99,3,32.97,2912,Elke Porter,eporter9k@google.co.uk,510-401-0835,63 Anthes Trail,Oakland,California,94611
Zone 5,CHIILETRE87,Chinese Holly,Ilex cornuta and cvs.,Small Tree,HB2000,Holly Berry Tree Emporium,15.99,3,47.97,2912,Elke Porter,eporter9k@google.co.uk,510-401-0835,63 Anthes Trail,Oakland,California,94611
Zone 5,DESSENTRE113,Desert Cassia,Senna polyphylla,Small Tree,HB2000,Holly Berry Tree Emporium,15.99,2,31.98,2912,Elke Porter,eporter9k@google.co.uk,510-401-0835,63 Anthes Trail,Oakland,California,94611
Zone 5,DEVARATRE114,Devil’s Walkingstick,Aralia spinosa,Small Tree,HB2000,Holly Berry Tree Emporium,15.99,2,31.98,1485,Elsinore Scougal,escougalda@desdev.cn,559-722-2479,2216 Green Ridge Court,Fresno,California,93773
Zone 5,GAZGAZPER155,Gazania,Gazania spp.,Perennial,HP1000,Hansel and Petal,10.99,1,10.99,1485,Elsinore Scougal,escougalda@desdev.cn,559-722-2479,2216 Green Ridge Court,Fresno,California,93773
Zone 5,GLOGLOPER159,Gloriosa Lily,Gloriosa spp.,Perennial,HP1000,Hansel and Petal,10.99,3,32.97,1485,Elsinore Scougal,escougalda@desdev.cn,559-722-2479,2216 Green Ridge Court,Fresno,California,93773
Zone 5,CHIJUNSHR88,Chinese Juniper,Juniperus chinensis and cvs.,Large Shrub,HB2000,Holly Berry Tree Emporium,15.99,2,31.98,1485,Elsinore Scougal,escougalda@desdev.cn,559-722-2479,2216 Green Ridge Court,Fresno,California,93773
Zone 5,SOUTHEGRO340,Southern Shield Fern,Thelypteris kunthii,Groundcover,PF3000,Plant Fernishings,25.99,5,129.95,1485,Elsinore Scougal,escougalda@desdev.cn,559-722-2479,2216 Green Ridge Court,Fresno,California,93773
Zone 5,SWABLEFER358,Swamp Fern,Blechnum serrulatum,Fern,PF3000,Plant Fernishings,25.99,2,51.98,1460,Em Blackader,eblackader1@timesonline.co.uk,209-434-4404,214 Melvin Court,Stockton,California,95205
Zone 5,GLOGLOPER159,Gloriosa Lily,Gloriosa spp.,Perennial,HP1000,Hansel and Petal,10.99,3,32.97,1460,Em Blackader,eblackader1@timesonline.co.uk,209-434-4404,214 Melvin Court,Stockton,California,95205
Zone 5,DOWJASSHR115,Downy Jasmine,Jasminum multiflorum,Large Shrub,HB2000,Holly Berry Tree Emporium,15.99,1,15.99,1460,Em Blackader,eblackader1@timesonline.co.uk,209-434-4404,214 Melvin Court,Stockton,California,95205
Zone 5,GOLPACPER164,Golden Shrimp Plant,Pachystachys lutea,Perennial,HP1000,Hansel and Petal,10.99,2,21.98,1460,Em Blackader,eblackader1@timesonline.co.uk,209-434-4404,214 Melvin Court,Stockton,California,95205
Zone 5,CHRSENSHR89,Christmas Senna,Senna bicapsularis,Large Shrub,HB2000,Holly Berry Tree Emporium,13.99,5,69.95,1460,Em Blackader,eblackader1@timesonline.co.uk,209-434-4404,214 Melvin Court,Stockton,California,95205
Zone 5,MUHMUHGRA230,Muhly Grass,Muhlenbergia capillaris,Grass,PF3000,Plant Fernishings,25.99,3,77.97,1267,Ermin Matlock,ematlockrn@xrea.com,202-900-7306,1680 Crownhardt Place,Washington,District of Columbia,20299
Zone 5,SWONEPGRO367,Sword Fern,Nephrolepis exaltata,Groundcover,PF3000,Plant Fernishings,25.99,2,51.98,3005,Ernestus Sandbrook,esandbrook9v@dagondesign.com,510-371-1633,6672 Basil Road,Hayward,California,94544
Zone 5,GOLPACPER164,Golden Shrimp Plant,Pachystachys lutea,Perennial,HP1000,Hansel and Petal,10.99,3,32.97,3005,Ernestus Sandbrook,esandbrook9v@dagondesign.com,510-371-1633,6672 Basil Road,Hayward,California,94544
Zone 5,DWASABSHR118,Dwarf Palmetto,Sabal minor,Large Shrub,HB2000,Holly Berry Tree Emporium,15.99,1,15.99,3005,Ernestus Sandbrook,esandbrook9v@dagondesign.com,510-371-1633,6672 Basil Road,Hayward,California,94544
Zone 5,GOLSOLPER165,Goldenrod,Solidago spp.,Perennial,HP1000,Hansel and Petal,10.99,2,21.98,3005,Ernestus Sandbrook,esandbrook9v@dagondesign.com,510-371-1633,6672 Basil Road,Hayward,California,94544
Zone 5,CLETERSHR91,Cleyera,Ternstroemia gymnanthera,Large Shrub,HB2000,Holly Berry Tree Emporium,15.99,5,79.95,3005,Ernestus Sandbrook,esandbrook9v@dagondesign.com,510-371-1633,6672 Basil Road,Hayward,California,94544
Zone 5,SOCTULPER335,Society Garlic,Tulbaghia violacea,Perennial,HP1000,Hansel and Petal,15.99,3,47.97,3247,Erroll Blackaller,eblackaller1n@latimes.com,480-791-3843,73 Michigan Road,Phoenix,Arizona,85020
Zone 5,BUSALLSHR59,Bush Allamanda,Allamanda neriifolia,Large Shrub,HB2000,Holly Berry Tree Emporium,12.99,3,38.97,2972,Etti Belamy,ebelamyq5@t-online.de,303-483-2276,65251 Sunbrook Court,Denver,Colorado,80262
Zone 5,COCCHRSHR94,Cocoplum,Chrysobalanus icaco,Large Shrub,HB2000,Holly Berry Tree Emporium,15.99,2,31.98,1693,Eugenie Carmo,ecarmojq@aol.com,209-898-6368,28716 Mcguire Parkway,Stockton,California,95210
Zone 5,TASDICFER371,Tasmanian Tree Fern,Dicksonia antarctica,Fern,PF3000,Plant Fernishings,25.99,5,129.95,1693,Eugenie Carmo,ecarmojq@aol.com,209-898-6368,28716 Mcguire Parkway,Stockton,California,95210
Zone 5,HELHELPER170,Heliconia,Heliconia spp.,Perennial,HP1000,Hansel and Petal,10.99,3,32.97,1693,Eugenie Carmo,ecarmojq@aol.com,209-898-6368,28716 Mcguire Parkway,Stockton,California,95210
Zone 5,FETLYOSHR130,Fetterbush,Lyonia lucida,Small Shrub,HB2000,Holly Berry Tree Emporium,15.99,2,31.98,1693,Eugenie Carmo,ecarmojq@aol.com,209-898-6368,28716 Mcguire Parkway,Stockton,California,95210
Zone 5,GOLSOLPER165,Goldenrod,Solidago spp.,Perennial,HP1000,Hansel and Petal,10.99,1,10.99,1693,Eugenie Carmo,ecarmojq@aol.com,209-898-6368,28716 Mcguire Parkway,Stockton,California,95210
Zone 5,FLOFORTRE144,Florida Privet,Forestiera segregata,Small Tree,HB2000,Holly Berry Tree Emporium,15.99,3,47.97,3211,Eva Goretti,egorettilc@spiegel.de,203-613-5469,716 Northfield Junction,Fairfield,Connecticut,6825
Zone 5,FIDCITTRE131,Fiddlewood,Citharexylum spinosum,Small Tree,HB2000,Holly Berry Tree Emporium,15.99,2,31.98,1337,Evangeline Bartolozzi,ebartolozzigq@time.com,818-625-6637,1933 Hauk Alley,Glendale,California,91210
Zone 5,COMHAMSHR96,Common Witchhazel,Hamamelis virginiana,Large Shrub,HB2000,Holly Berry Tree Emporium,15.99,3,47.97,1337,Evangeline Bartolozzi,ebartolozzigq@time.com,818-625-6637,1933 Hauk Alley,Glendale,California,91210
Zone 5,HELHELPER170,Heliconia,Heliconia spp.,Perennial,HP1000,Hansel and Petal,10.99,1,10.99,1337,Evangeline Bartolozzi,ebartolozzigq@time.com,818-625-6637,1933 Hauk Alley,Glendale,California,91210
Zone 5,HURLYCPER177,Hurricane Lily,Lycoris spp.,Perennial,HP1000,Hansel and Petal,10.99,3,32.97,1337,Evangeline Bartolozzi,ebartolozzigq@time.com,818-625-6637,1933 Hauk Alley,Glendale,California,91210
Zone 5,TIGTHYGRA377,Tiger Grass,Thysanolaena maxima,Grass,PF3000,Plant Fernishings,25.99,5,129.95,1337,Evangeline Bartolozzi,ebartolozzigq@time.com,818-625-6637,1933 Hauk Alley,Glendale,California,91210
Zone 5,LEMCYMGRA201,Lemongrass,Cymbopogon citratus,Grass,PF3000,Plant Fernishings,5.99,1,5.99,1472,Ezekiel Olyonov,eolyonov39@bigcartel.com,202-187-3835,21753 Westport Park,Washington,District of Columbia,20566
Zone 5,COPACASHR99,Copper Leaf,Acalypha wilkesiana,Large Shrub,HB2000,Holly Berry Tree Emporium,15.99,3,47.97,3914,Eziechiele Grindlay,egrindlaynw@chicagotribune.com,951-730-5687,91887 Chive Avenue,Moreno Valley,California,92555
Zone 5,WIRARIGRA412,Wiregrass,Aristida stricta var. beyrichiana,Grass,PF3000,Plant Fernishings,9.99,2,19.98,3914,Eziechiele Grindlay,egrindlaynw@chicagotribune.com,951-730-5687,91887 Chive Avenue,Moreno Valley,California,92555
Zone 5,FIRHAMSHR132,Firebush,Hamelia patens,Large Shrub,HB2000,Holly Berry Tree Emporium,15.99,5,79.95,3914,Eziechiele Grindlay,egrindlaynw@chicagotribune.com,951-730-5687,91887 Chive Avenue,Moreno Valley,California,92555
Zone 5,IMPIMPPER179,Impatiens,Impatiens spp.,Perennial,HP1000,Hansel and Petal,15.99,3,47.97,3914,Eziechiele Grindlay,egrindlaynw@chicagotribune.com,951-730-5687,91887 Chive Avenue,Moreno Valley,California,92555
Zone 5,HURLYCPER177,Hurricane Lily,Lycoris spp.,Perennial,HP1000,Hansel and Petal,10.99,2,21.98,3914,Eziechiele Grindlay,egrindlaynw@chicagotribune.com,951-730-5687,91887 Chive Avenue,Moreno Valley,California,92555
Zone 5,BUSGAMSHR60,Bush Daisy,Gamolepis spp.,Small Shrub,HB2000,Holly Berry Tree Emporium,12.99,1,12.99,4068,Farrel Raylton,fraylton54@fema.gov,303-494-2733,977 Schurz Hill,Englewood,Colorado,80150
Zone 5,MEXCUPPER222,Mexican Heather,Cuphea hyssopifolia,Perennial,HP1000,Hansel and Petal,15.99,3,47.97,2056,Ferrel Colpus,fcolpus9b@prlog.org,510-866-2443,39745 Oak Valley Circle,Berkeley,California,94712
Zone 5,CORERYSHR100,Coral Bean,Erythrina herbacea,Large Shrub,HB2000,Holly Berry Tree Emporium,15.99,3,47.97,2056,Ferrel Colpus,fcolpus9b@prlog.org,510-866-2443,39745 Oak Valley Circle,Berkeley,California,94712
Zone 5,IMPIMPPER179,Impatiens,Impatiens spp.,Perennial,HP1000,Hansel and Petal,15.99,2,31.98,2056,Ferrel Colpus,fcolpus9b@prlog.org,510-866-2443,39745 Oak Valley Circle,Berkeley,California,94712
Zone 5,ZEBMISGRA423,Zebra Grass,Miscanthus sinensis,Grass,PF3000,Plant Fernishings,9.99,2,19.98,2056,Ferrel Colpus,fcolpus9b@prlog.org,510-866-2443,39745 Oak Valley Circle,Berkeley,California,94712
Zone 5,FIRRUSSHR134,Firecracker Plant,Russelia equisetiformis,Small Shrub,HB2000,Holly Berry Tree Emporium,15.99,5,79.95,2056,Ferrel Colpus,fcolpus9b@prlog.org,510-866-2443,39745 Oak Valley Circle,Berkeley,California,94712
Zone 5,MEXCUPPER222,Mexican Heather,Cuphea hyssopifolia,Perennial,HP1000,Hansel and Petal,15.99,1,15.99,1614,Filide Bolitho,fbolitho32@reference.com,916-132-9371,260 Arapahoe Circle,Sacramento,California,95894
Zone 5,AFRDIEPER1,African Iris,Dietes iridoides,Perennial,HP1000,Hansel and Petal,25.99,5,129.95,1614,Filide Bolitho,fbolitho32@reference.com,916-132-9371,260 Arapahoe Circle,Sacramento,California,95894
Zone 5,FIRRUSSHR135,Firecracker Plant,Russelia sarmentosa,Small Shrub,HB2000,Holly Berry Tree Emporium,15.99,2,31.98,1614,Filide Bolitho,fbolitho32@reference.com,916-132-9371,260 Arapahoe Circle,Sacramento,California,95894
Zone 5,CRATABSHR102,Crape Jasmine,Tabernaemontana divaricata,Large Shrub,HB2000,Holly Berry Tree Emporium,15.99,2,31.98,1614,Filide Bolitho,fbolitho32@reference.com,916-132-9371,260 Arapahoe Circle,Sacramento,California,95894
Zone 5,MEXTITANN224,Mexican Sunflower,Tithonia rotundiflora,Annuals,HP1000,Hansel and Petal,15.99,3,47.97,1614,Filide Bolitho,fbolitho32@reference.com,916-132-9371,260 Arapahoe Circle,Sacramento,California,95894
Zone 5,AGEAGEANN2,Ageratum,Ageratum spp.,Annuals,HP1000,Hansel and Petal,25.99,2,51.98,2193,Fleurette Zavattieri,fzavattieri4l@paypal.com,714-918-7354,4213 Karstens Drive,Garden Grove,California,92645
Zone 5,CRALAGTRE103,Crapemyrtle,Lagerstroemia indica,Medium Tree,HB2000,Holly Berry Tree Emporium,15.99,5,79.95,2193,Fleurette Zavattieri,fzavattieri4l@paypal.com,714-918-7354,4213 Karstens Drive,Garden Grove,California,92645
Zone 5,FIRPYRSHR137,Firethorn,Pyracantha coccinea,Small Shrub,HB2000,Holly Berry Tree Emporium,15.99,1,15.99,2193,Fleurette Zavattieri,fzavattieri4l@paypal.com,714-918-7354,4213 Karstens Drive,Garden Grove,California,92645
Zone 5,RUDRUDPER306,Rudbeckia,Rudbeckia fulgida,Perennial,HP1000,Hansel and Petal,15.99,2,31.98,2193,Fleurette Zavattieri,fzavattieri4l@paypal.com,714-918-7354,4213 Karstens Drive,Garden Grove,California,92645
Zone 5,MEXTITANN224,Mexican Sunflower,Tithonia rotundiflora,Annuals,HP1000,Hansel and Petal,15.99,3,47.97,2193,Fleurette Zavattieri,fzavattieri4l@paypal.com,714-918-7354,4213 Karstens Drive,Garden Grove,California,92645
Zone 5,FLOTHRPAL145,Florida Thatch Palm,Thrinax radiata,Palm or Palm-Like,HB2000,Holly Berry Tree Emporium,15.99,3,47.97,3620,Flin Inkin,finkinb5@economist.com,203-126-0625,84408 Helena Circle,Waterbury,Connecticut,6721
Zone 5,COMHAMSHR96,Common Witchhazel,Hamamelis virginiana,Large Shrub,HB2000,Holly Berry Tree Emporium,15.99,1,15.99,3239,Forrest Lowdeane,flowdeaneb7@google.ca,205-191-4282,728 Barnett Place,Birmingham,Alabama,35244
Zone 5,PANPANGRA245,Panic Grass,Panicum virgatum and cvs.,Grass,PF3000,Plant Fernishings,25.99,3,77.97,3239,Forrest Lowdeane,flowdeaneb7@google.ca,205-191-4282,728 Barnett Place,Birmingham,Alabama,35244
Zone 5,FLOCHOTRE146,Floss-Silk Tree,Chorisia speciosa,Large Tree,HB2000,Holly Berry Tree Emporium,15.99,2,31.98,2846,Frasquito Honatsch,fhonatsch4p@epa.gov,860-967-3958,604 Gale Park,Hartford,Connecticut,6145
Zone 5,COPACASHR99,Copper Leaf,Acalypha wilkesiana,Large Shrub,HB2000,Holly Berry Tree Emporium,15.99,2,31.98,3512,Freddy Fayerman,ffayermani5@is.gd,334-712-4539,80 Ridgeway Point,Montgomery,Alabama,36109
Zone 5,PURERAGRA285,Purple Lovegrass,Eragrostis spectabilis,Grass,PF3000,Plant Fernishings,25.99,5,129.95,3512,Freddy Fayerman,ffayermani5@is.gd,334-712-4539,80 Ridgeway Point,Montgomery,Alabama,36109
Zone 5,VIRIRIPER388,Virginia Iris,Iris virginica,Perennial,HP1000,Hansel and Petal,15.99,3,47.97,1480,Gabriel Gallaher,ggallaherhm@newsvine.com,602-754-4213,22 Karstens Terrace,Phoenix,Arizona,85053
Zone 5,RIVCHAGRA299,River Oats,Chasmanthium latifolium,Grass,PF3000,Plant Fernishings,25.99,3,77.97,1299,Gayel Mirrlees,gmirrlees4v@state.tx.us,202-827-8759,18028 Green Trail,Washington,District of Columbia,20022
Zone 5,VOOAMOPER390,Voodoo Lily,Amorphophallus spp.,Perennial,HP1000,Hansel and Petal,15.99,1,15.99,3294,Gelya Elner,gelnerd6@sina.com.cn,520-305-2088,75 Amoth Point,Tucson,Arizona,85743
Zone 5,BUTBUDSHR62,Butterfly Bush,Buddleia lindleyana,Large Shrub,HB2000,Holly Berry Tree Emporium,12.99,2,25.98,2722,Genni Masic,gmasic8k@whitehouse.gov,970-861-1444,58200 Cottonwood Pass,Greeley,Colorado,80638
Zone 5,FLOCORTRE147,Flowering Dogwood,Cornus florida,Small Tree,HB2000,Holly Berry Tree Emporium,15.99,5,79.95,3998,Georgeanne Eaves,geavesa6@discuz.net,203-687-8826,954 West Park,Hartford,Connecticut,6105
Zone 5,BUTBUDSHR62,Butterfly Bush,Buddleia lindleyana,Large Shrub,HB2000,Holly Berry Tree Emporium,12.99,2,25.98,1311,Geri Haddock,ghaddock54@live.com,501-406-6693,1842 Gale Place,North Little Rock,Arkansas,72199
Zone 5,PANPANGRA245,Panic Grass,Panicum virgatum and cvs.,Grass,PF3000,Plant Fernishings,25.99,3,77.97,1272,Giacinta Semered,gsemered1u@dot.gov,202-409-8881,17 Lien Center,Washington,District of Columbia,20530
Zone 5,RIVCHAGRA299,River Oats,Chasmanthium latifolium,Grass,PF3000,Plant Fernishings,25.99,3,77.97,2845,Giffy Douglas,gdouglasgv@macromedia.com,251-457-1078,604 Columbus Lane,Mobile,Alabama,36610
Zone 5,CORERYSHR100,Coral Bean,Erythrina herbacea,Large Shrub,HB2000,Holly Berry Tree Emporium,15.99,1,15.99,2845,Giffy Douglas,gdouglasgv@macromedia.com,251-457-1078,604 Columbus Lane,Mobile,Alabama,36610
Zone 5,ROYOSMFER303,Royal Fern,Osmunda regalis,Fern,PF3000,Plant Fernishings,25.99,2,51.98,3561,Ginger Daspar,gdaspark4@unesco.org,205-171-0996,82475 Lindbergh Place,Birmingham,Alabama,35279
Zone 5,CRATABSHR102,Crape Jasmine,Tabernaemontana divaricata,Large Shrub,HB2000,Holly Berry Tree Emporium,15.99,5,79.95,3561,Ginger Daspar,gdaspark4@unesco.org,205-171-0996,82475 Lindbergh Place,Birmingham,Alabama,35279
Zone 5,DWAACAPER117,Dwarf Chenille Plant,Acalypha reptans,Perennial,HP1000,Hansel and Petal,15.99,2,31.98,2859,Giovanni Kirkhouse,gkirkhousen3@reddit.com,907-535-4785,61020 Kipling Trail,Anchorage,Alaska,99512
Zone 5,WALNEOPER391,Walking Iris,Neomarica gracilis,Perennial,HP1000,Hansel and Petal,15.99,3,47.97,3633,Gracie Moens,gmoensqa@gnu.org,480-258-2950,8477 Farmco Point,Scottsdale,Arizona,85271
Zone 5,SALDISGRA310,Salt Grass,Distichlis spicata,Grass,PF3000,Plant Fernishings,25.99,3,77.97,3686,Greg Sprull,gsprulli4@angelfire.com,251-289-1891,868 Spenser Drive,Mobile,Alabama,36622
Zone 5,CARCALSHR71,Carolina Allspice,Calycanthus floridus,Large Shrub,HB2000,Holly Berry Tree Emporium,12.99,1,12.99,3325,Gregor Renison,grenisonkb@imdb.com,719-291-4347,760 Acker Point,Pueblo,Colorado,81015
Zone 5,WAXBEGPER394,Wax Begonia,Begonia Xsemperflorens-cultorum,Perennial,HP1000,Hansel and Petal,6.99,2,13.98,1466,Halimeda Lemmanbie,hlemmanbie20@canalblog.com,602-651-4490,216 Vidon Road,Phoenix,Arizona,85005
Zone 5,CARRHASHR72,Carolina Buckthorn,Rhamnus caroliniana,Large Shrub,HB2000,Holly Berry Tree Emporium,12.99,5,64.95,1563,Hanna Harefoot,hharefoot9m@tumblr.com,719-489-5432,243 Petterle Crossing,Colorado Springs,Colorado,80935
Zone 5,CARHALTRE74,Carolina Silverbell,Halesia carolina,Large Tree,HB2000,Holly Berry Tree Emporium,15.99,2,31.98,3730,Hartwell Docwra,hdocwradl@discuz.net,303-385-4005,8844 Cascade Terrace,Denver,Colorado,80243
Zone 5,CARCARTRE75,Carpentaria Palm,Carpentaria acuminata,Medium Tree,HB2000,Holly Berry Tree Emporium,15.99,3,47.97,3864,Henrieta Cubberley,hcubberley92@devhub.com,303-793-0781,90 Ludington Circle,Aurora,Colorado,80045
Zone 5,BRAPTEFER52,Bracken Fern,Pteridium aquilinum,Fern,PF3000,Plant Fernishings,5.99,3,17.97,1178,Herbie Ottawell,hottawellcs@sourceforge.net,302-920-9473,12743 Valley Edge Alley,Wilmington,Delaware,19805
Zone 5,CEDULMTRE77,Cedar Elm,Ulmus crassifolia,Large Tree,HB2000,Holly Berry Tree Emporium,15.99,1,15.99,3039,Hillyer Pead,hpeadq5@wikia.com,303-823-4082,6815 Calypso Lane,Denver,Colorado,80279
Zone 5,WHIGAUPER400,White Gaura,Gaura lindheimeri,Perennial,HP1000,Hansel and Petal,6.99,2,13.98,1572,Hope Trask,htrask5m@oaic.gov.au,602-833-9960,2470 Waxwing Place,Phoenix,Arizona,85077
Zone 5,SOUADIFER337,Southern Maidenhair Fern,Adiantum capillus-veneris,Fern,PF3000,Plant Fernishings,25.99,5,129.95,1209,Hoyt Negal,hnegal76@umn.edu,251-161-1110,138 Tomscot Plaza,Mobile,Alabama,36689
Zone 5,BISBISPAL34,Bismarck Palm,Bismarckia nobilis,Palm or Palm-Like,HB2000,Holly Berry Tree Emporium,15.99,3,47.97,2148,Hugues Fraanchyonok,hfraanchyonokhn@bbb.org,323-548-3152,4041 Rockefeller Alley,Pasadena,California,91103
Zone 5,FIRHAMSHR132,Firebush,Hamelia patens,Large Shrub,HB2000,Holly Berry Tree Emporium,15.99,2,31.98,2148,Hugues Fraanchyonok,hfraanchyonokhn@bbb.org,323-548-3152,4041 Rockefeller Alley,Pasadena,California,91103
Zone 5,BUTHEDPER63,Butterfly Lily,Hedychium spp.,Perennial,HP1000,Hansel and Petal,15.99,3,47.97,2148,Hugues Fraanchyonok,hfraanchyonokhn@bbb.org,323-548-3152,4041 Rockefeller Alley,Pasadena,California,91103
Zone 5,CINOSMFER90,Cinnamon Fern,Osmunda cinnamomea,Fern,PF3000,Plant Fernishings,5.99,1,5.99,3428,Ibby Romer,iromer51@merriam-webster.com,302-139-0261,79909 Buell Place,Wilmington,Delaware,19897
Zone 5,BLAAVITRE35,Black Mangrove,Avicennia germinans,Medium Tree,HB2000,Holly Berry Tree Emporium,15.99,5,79.95,3901,Ida Cockrill,icockrillb2@jimdo.com,916-127-1516,912 Coolidge Plaza,Sacramento,California,94230
Zone 5,CALCALPER67,Caladium,Caladium Xhortulanum,Perennial,HP1000,Hansel and Petal,15.99,2,31.98,3901,Ida Cockrill,icockrillb2@jimdo.com,916-127-1516,912 Coolidge Plaza,Sacramento,California,94230
Zone 5,PURERAGRA285,Purple Lovegrass,Eragrostis spectabilis,Grass,PF3000,Plant Fernishings,25.99,3,77.97,3901,Ida Cockrill,icockrillb2@jimdo.com,916-127-1516,912 Coolidge Plaza,Sacramento,California,94230
Zone 5,FIRRUSSHR134,Firecracker Plant,Russelia equisetiformis,Small Shrub,HB2000,Holly Berry Tree Emporium,15.99,2,31.98,3901,Ida Cockrill,icockrillb2@jimdo.com,916-127-1516,912 Coolidge Plaza,Sacramento,California,94230
Zone 5,CENAGASHR80,Century Plant,Agave spp.,Large Shrub,HB2000,Holly Berry Tree Emporium,15.99,3,47.97,2002,Idalia Arnowitz,iarnowitzn6@bloomberg.com,303-664-6664,37582 Alpine Parkway,Denver,Colorado,80291
Zone 5,SOUTHEGRO340,Southern Shield Fern,Thelypteris kunthii,Groundcover,PF3000,Plant Fernishings,25.99,1,25.99,2135,Ignazio Sipson,isipsona0@ftc.gov,251-217-0849,40 Carey Junction,Mobile,Alabama,36641
Zone 5,BLABUCTRE36,Black Olive,Bucida buceras,Large Tree,HB2000,Holly Berry Tree Emporium,15.99,5,79.95,2149,Inna Durnill,idurnillms@vinaora.com,559-779-6307,4043 Farwell Way,Fresno,California,93794
Zone 5,CANCANPER69,Canna Lily,Canna spp.,Perennial,HP1000,Hansel and Petal,15.99,2,31.98,2149,Inna Durnill,idurnillms@vinaora.com,559-779-6307,4043 Farwell Way,Fresno,California,93794
Zone 5,RIVCHAGRA299,River Oats,Chasmanthium latifolium,Grass,PF3000,Plant Fernishings,25.99,3,77.97,2149,Inna Durnill,idurnillms@vinaora.com,559-779-6307,4043 Farwell Way,Fresno,California,93794
Zone 5,FIRRUSSHR135,Firecracker Plant,Russelia sarmentosa,Small Shrub,HB2000,Holly Berry Tree Emporium,15.99,2,31.98,2149,Inna Durnill,idurnillms@vinaora.com,559-779-6307,4043 Farwell Way,Fresno,California,93794
Zone 5,FIRCROPER133,Firecracker Flower,Crossandra spp.,Perennial,HP1000,Hansel and Petal,15.99,5,79.95,2659,Isidor Asman,iasman6a@wired.com,626-899-0980,5544 Cherokee Terrace,Pasadena,California,91125
Zone 5,CURCURPER109,Curcuma,Curcuma spp.,Perennial,HP1000,Hansel and Petal,15.99,2,31.98,2659,Isidor Asman,iasman6a@wired.com,626-899-0980,5544 Cherokee Terrace,Pasadena,California,91125
Zone 5,ROYOSMFER303,Royal Fern,Osmunda regalis,Fern,PF3000,Plant Fernishings,25.99,2,51.98,2659,Isidor Asman,iasman6a@wired.com,626-899-0980,5544 Cherokee Terrace,Pasadena,California,91125
Zone 5,FIRPYRSHR137,Firethorn,Pyracantha coccinea,Small Shrub,HB2000,Holly Berry Tree Emporium,15.99,3,47.97,2659,Isidor Asman,iasman6a@wired.com,626-899-0980,5544 Cherokee Terrace,Pasadena,California,91125
Zone 5,BLUQUETRE47,Bluff Oak,Quercus austrina,Large Tree,HB2000,Holly Berry Tree Emporium,15.99,1,15.99,2659,Isidor Asman,iasman6a@wired.com,626-899-0980,5544 Cherokee Terrace,Pasadena,California,91125
Zone 5,BOTCALTRE48,Bottlebrush,Callistemon spp.,Small Tree,HB2000,Holly Berry Tree Emporium,15.99,3,47.97,2632,Issi Ryburn,iryburnpl@google.es,559-999-4418,54 Roth Alley,Fresno,California,93762
Zone 5,FISCARPAL138,Fishtail Palm,Caryota mitis,Palm or Palm-Like,HB2000,Holly Berry Tree Emporium,4.99,3,14.97,2632,Issi Ryburn,iryburnpl@google.es,559-999-4418,54 Roth Alley,Fresno,California,93762
Zone 5,SALDISGRA310,Salt Grass,Distichlis spicata,Grass,PF3000,Plant Fernishings,25.99,5,129.95,2632,Issi Ryburn,iryburnpl@google.es,559-999-4418,54 Roth Alley,Fresno,California,93762
Zone 5,DAYHEMPER112,Daylily,Hemerocallis spp.,Perennial,HP1000,Hansel and Petal,15.99,1,15.99,2632,Issi Ryburn,iryburnpl@google.es,559-999-4418,54 Roth Alley,Fresno,California,93762
Zone 5,FIRODOPER136,Firespike,Odontonema strictum,Perennial,HP1000,Hansel and Petal,15.99,2,31.98,2632,Issi Ryburn,iryburnpl@google.es,559-999-4418,54 Roth Alley,Fresno,California,93762
Zone 5,WILLANPER407,Wild Sage,Lantana involucrata,Perennial,HP1000,Hansel and Petal,6.99,2,13.98,2552,Issy Strachan,istrachanmg@answers.com,602-955-6016,5160 La Follette Street,Phoenix,Arizona,85099
Zone 5,DWAACAPER117,Dwarf Chenille Plant,Acalypha reptans,Perennial,HP1000,Hansel and Petal,15.99,2,31.98,2641,Ivette Orth,iorth45@odnoklassniki.ru,714-194-9831,546 Esch Drive,Anaheim,California,92812
Zone 5,SOUADIFER337,Southern Maidenhair Fern,Adiantum capillus-veneris,Fern,PF3000,Plant Fernishings,25.99,2,51.98,2641,Ivette Orth,iorth45@odnoklassniki.ru,714-194-9831,546 Esch Drive,Anaheim,California,92812
Zone 5,SHRJUSPER327,Shrimp Plant,Justicia brandegeana,Perennial,HP1000,Hansel and Petal,15.99,1,15.99,2641,Ivette Orth,iorth45@odnoklassniki.ru,714-194-9831,546 Esch Drive,Anaheim,California,92812
Zone 5,FLAJUSANN139,Flamingo Plant,Justicia carnea,Annuals,HP1000,Hansel and Petal,15.99,5,79.95,2641,Ivette Orth,iorth45@odnoklassniki.ru,714-194-9831,546 Esch Drive,Anaheim,California,92812
Zone 5,FLAPRUTRE140,Flatwoods Plum,Prunus umbellata,Small Tree,HB2000,Holly Berry Tree Emporium,15.99,3,47.97,2641,Ivette Orth,iorth45@odnoklassniki.ru,714-194-9831,546 Esch Drive,Anaheim,California,92812
Zone 5,BOXSEVSHR51,Boxthorn,Severinia buxifolia,Large Shrub,HB2000,Holly Berry Tree Emporium,15.99,3,47.97,2641,Ivette Orth,iorth45@odnoklassniki.ru,714-194-9831,546 Esch Drive,Anaheim,California,92812
Zone 5,CARCALSHR71,Carolina Allspice,Calycanthus floridus,Large Shrub,HB2000,Holly Berry Tree Emporium,12.99,3,38.97,2595,Ivor McShirrie,imcshirrie2f@squidoo.com,501-544-7221,53 Iowa Street,Hot Springs National Park,Arkansas,71914
Zone 5,CHAVITSHR81,Chaste Tree,Vitex agnus-castus,Large Shrub,HB2000,Holly Berry Tree Emporium,15.99,3,47.97,2938,Jacenta Robus,jrobus9b@miitbeian.gov.cn,719-956-1884,64 Dunning Junction,Colorado Springs,Colorado,80995
Zone 5,FALCONPER129,False Rosemary,Conradina spp.,Perennial,HP1000,Hansel and Petal,15.99,3,47.97,3541,Jack Dobby,jdobby73@ocn.ne.jp,916-728-6425,8167 Spenser Trail,Sacramento,California,94250
Zone 5,FLADIAPER141,Flax Lily,Dianella spp.,Perennial,HP1000,Hansel and Petal,10.99,3,32.97,3541,Jack Dobby,jdobby73@ocn.ne.jp,916-728-6425,8167 Spenser Trail,Sacramento,California,94250
Zone 5,FLORHOSHR142,Florida Flame Azalea,Rhododendron austrinum,Large Shrub,HB2000,Holly Berry Tree Emporium,15.99,1,15.99,3541,Jack Dobby,jdobby73@ocn.ne.jp,916-728-6425,8167 Spenser Trail,Sacramento,California,94250
Zone 5,SOUTHEGRO340,Southern Shield Fern,Thelypteris kunthii,Groundcover,PF3000,Plant Fernishings,25.99,1,25.99,3541,Jack Dobby,jdobby73@ocn.ne.jp,916-728-6425,8167 Spenser Trail,Sacramento,California,94250
Zone 5,BRITHRPAL53,Brittle Thatch Palm,Thrinax morrisii,Palm or Palm-Like,HB2000,Holly Berry Tree Emporium,15.99,2,31.98,3541,Jack Dobby,jdobby73@ocn.ne.jp,916-728-6425,8167 Spenser Trail,Sacramento,California,94250
Zone 5,SOCTULPER335,Society Garlic,Tulbaghia violacea,Perennial,HP1000,Hansel and Petal,15.99,5,79.95,3541,Jack Dobby,jdobby73@ocn.ne.jp,916-728-6425,8167 Spenser Trail,Sacramento,California,94250
Zone 5,SWABLEFER358,Swamp Fern,Blechnum serrulatum,Fern,PF3000,Plant Fernishings,25.99,3,77.97,2050,Jacquie Toffanelli,jtoffanelliqx@washington.edu,415-345-9469,3936 Anderson Pass,San Francisco,California,94126
Zone 5,FLOFORTRE144,Florida Privet,Forestiera segregata,Small Tree,HB2000,Holly Berry Tree Emporium,15.99,2,31.98,2050,Jacquie Toffanelli,jtoffanelliqx@washington.edu,415-345-9469,3936 Anderson Pass,San Francisco,California,94126
Zone 5,GAZGAZPER155,Gazania,Gazania spp.,Perennial,HP1000,Hansel and Petal,10.99,3,32.97,2050,Jacquie Toffanelli,jtoffanelliqx@washington.edu,415-345-9469,3936 Anderson Pass,San Francisco,California,94126
Zone 5,VIRIRIPER388,Virginia Iris,Iris virginica,Perennial,HP1000,Hansel and Petal,15.99,2,31.98,2050,Jacquie Toffanelli,jtoffanelliqx@washington.edu,415-345-9469,3936 Anderson Pass,San Francisco,California,94126
Zone 5,BUCPSEPAL55,Buccaneer Palm,Pseudophoenix sargentii,Palm or Palm-Like,HB2000,Holly Berry Tree Emporium,12.99,5,64.95,2050,Jacquie Toffanelli,jtoffanelliqx@washington.edu,415-345-9469,3936 Anderson Pass,San Francisco,California,94126
Zone 5,CHEACASHR82,Chenille Plant,Acalypha hispida,Small Shrub,HB2000,Holly Berry Tree Emporium,15.99,1,15.99,1325,Jamesy Dorrian,jdorrianqr@yellowpages.com,970-458-0440,189 Aberg Circle,Grand Junction,Colorado,81505
Zone 5,WISTORANN413,Wishbone Flower,Torenia fournieri,Annuals,HP1000,Hansel and Petal,6.99,2,13.98,3747,Jaquith Aishford,jaishfordjx@ftc.gov,602-787-7459,89 Blue Bill Park Plaza,Phoenix,Arizona,85045
Zone 5,VOOAMOPER390,Voodoo Lily,Amorphophallus spp.,Perennial,HP1000,Hansel and Petal,15.99,3,47.97,1276,Jarrod Ascrofte,jascroftef3@google.pl,626-767-1506,17 Ridgeview Road,Pasadena,California,91125
Zone 5,GLOGLOPER159,Gloriosa Lily,Gloriosa spp.,Perennial,HP1000,Hansel and Petal,10.99,3,32.97,1276,Jarrod Ascrofte,jascroftef3@google.pl,626-767-1506,17 Ridgeview Road,Pasadena,California,91125
Zone 5,SWONEPGRO367,Sword Fern,Nephrolepis exaltata,Groundcover,PF3000,Plant Fernishings,25.99,1,25.99,1276,Jarrod Ascrofte,jascroftef3@google.pl,626-767-1506,17 Ridgeview Road,Pasadena,California,91125
Zone 5,BUCSIDTRE56,Buckthorn,Sideroxylon spp.,Small Tree,HB2000,Holly Berry Tree Emporium,12.99,2,25.98,1276,Jarrod Ascrofte,jascroftef3@google.pl,626-767-1506,17 Ridgeview Road,Pasadena,California,91125
Zone 5,FLOTHRPAL145,Florida Thatch Palm,Thrinax radiata,Palm or Palm-Like,HB2000,Holly Berry Tree Emporium,15.99,5,79.95,1276,Jarrod Ascrofte,jascroftef3@google.pl,626-767-1506,17 Ridgeview Road,Pasadena,California,91125
Zone 5,YELFLAPER420,Yellowtop,Flaveria linearis,Perennial,HP1000,Hansel and Petal,6.99,2,13.98,1321,Jayne Stallworth,jstallworthcq@github.io,928-276-6711,18768 Spaight Street,Mesa,Arizona,85210
Zone 5,FALCONPER129,False Rosemary,Conradina spp.,Perennial,HP1000,Hansel and Petal,15.99,5,79.95,3961,Jennette Kerridge,jkerridge53@uiuc.edu,907-332-6232,9358 Crescent Oaks Junction,Juneau,Alaska,99812
Zone 5,BUSALLSHR59,Bush Allamanda,Allamanda neriifolia,Large Shrub,HB2000,Holly Berry Tree Emporium,12.99,3,38.97,3983,Jerrilee McIlvoray,jmcilvorayv@nydailynews.com,323-735-5951,946 American Street,Long Beach,California,90805
Zone 5,FLOCHOTRE146,Floss-Silk Tree,Chorisia speciosa,Large Tree,HB2000,Holly Berry Tree Emporium,15.99,2,31.98,3983,Jerrilee McIlvoray,jmcilvorayv@nydailynews.com,323-735-5951,946 American Street,Long Beach,California,90805
Zone 5,TASDICFER371,Tasmanian Tree Fern,Dicksonia antarctica,Fern,PF3000,Plant Fernishings,25.99,2,51.98,3983,Jerrilee McIlvoray,jmcilvorayv@nydailynews.com,323-735-5951,946 American Street,Long Beach,California,90805
Zone 5,WALNEOPER391,Walking Iris,Neomarica gracilis,Perennial,HP1000,Hansel and Petal,15.99,3,47.97,3983,Jerrilee McIlvoray,jmcilvorayv@nydailynews.com,323-735-5951,946 American Street,Long Beach,California,90805
Zone 5,GOLPACPER164,Golden Shrimp Plant,Pachystachys lutea,Perennial,HP1000,Hansel and Petal,10.99,1,10.99,3983,Jerrilee McIlvoray,jmcilvorayv@nydailynews.com,323-735-5951,946 American Street,Long Beach,California,90805
Zone 5,WAXBEGPER394,Wax Begonia,Begonia Xsemperflorens-cultorum,Perennial,HP1000,Hansel and Petal,12.99,3,38.97,2920,Jerrold Hector,jhectores@geocities.com,559-989-8821,63002 Burrows Drive,Fresno,California,93786
Zone 5,FLOCORTRE147,Flowering Dogwood,Cornus florida,Small Tree,HB2000,Holly Berry Tree Emporium,15.99,5,79.95,2920,Jerrold Hector,jhectores@geocities.com,559-989-8821,63002 Burrows Drive,Fresno,California,93786
Zone 5,BUSGAMSHR60,Bush Daisy,Gamolepis spp.,Small Shrub,HB2000,Holly Berry Tree Emporium,12.99,2,25.98,2920,Jerrold Hector,jhectores@geocities.com,559-989-8821,63002 Burrows Drive,Fresno,California,93786
Zone 5,GOLSOLPER165,Goldenrod,Solidago spp.,Perennial,HP1000,Hansel and Petal,10.99,3,32.97,2920,Jerrold Hector,jhectores@geocities.com,559-989-8821,63002 Burrows Drive,Fresno,California,93786
Zone 5,TIGTHYGRA377,Tiger Grass,Thysanolaena maxima,Grass,PF3000,Plant Fernishings,25.99,1,25.99,2920,Jerrold Hector,jhectores@geocities.com,559-989-8821,63002 Burrows Drive,Fresno,California,93786
Zone 5,SWABLEFER358,Swamp Fern,Blechnum serrulatum,Fern,PF3000,Plant Fernishings,25.99,2,51.98,3353,Jessalin Bestwerthick,jbestwerthick7n@sciencedaily.com,251-917-5882,771 Carpenter Pass,Mobile,Alabama,36616
Zone 5,WIRARIGRA412,Wiregrass,Aristida stricta var. beyrichiana,Grass,PF3000,Plant Fernishings,9.99,2,19.98,2162,Jimmie Gell,jgell7c@miibeian.gov.cn,916-442-5345,4098 4th Road,Sacramento,California,94280
Zone 5,BUTBUDSHR62,Butterfly Bush,Buddleia lindleyana,Large Shrub,HB2000,Holly Berry Tree Emporium,12.99,3,38.97,2162,Jimmie Gell,jgell7c@miibeian.gov.cn,916-442-5345,4098 4th Road,Sacramento,California,94280
Zone 5,WHIGAUPER400,White Gaura,Gaura lindheimeri,Perennial,HP1000,Hansel and Petal,12.99,3,38.97,2162,Jimmie Gell,jgell7c@miibeian.gov.cn,916-442-5345,4098 4th Road,Sacramento,California,94280
Zone 5,HELHELPER170,Heliconia,Heliconia spp.,Perennial,HP1000,Hansel and Petal,10.99,1,10.99,2162,Jimmie Gell,jgell7c@miibeian.gov.cn,916-442-5345,4098 4th Road,Sacramento,California,94280
Zone 5,JABMYRTRE183,Jaboticaba,Myrciaria cauliflora,Small Tree,HB2000,Holly Berry Tree Emporium,15.99,5,79.95,2162,Jimmie Gell,jgell7c@miibeian.gov.cn,916-442-5345,4098 4th Road,Sacramento,California,94280
