Task Name,Start Date,StartTime,EndDate,EndTime,Conference Room
Setup Team Meetings,9/30/2024,9:00:00 AM,9/30/2024,11:00:00 AM,Room A100
Setup Team Meetings,10/7/2024,9:00:00 AM,10/7/2024,11:00:00 AM,Room A100
Setup Team Meetings,10/14/2024,9:00:00 AM,10/14/2024,11:00:00 AM,Room A100
Setup Team Meetings,10/21/2024,9:00:00 AM,10/21/2024,11:00:00 AM,Room A100
Setup Team Meetings,10/28/2024,9:00:00 AM,10/28/2024,11:00:00 AM,Room A100
Setup Team Meetings,11/4/2024,9:00:00 AM,11/4/2024,11:00:00 AM,Room A100
Setup Team Meetings,11/11/2024,9:00:00 AM,11/11/2024,11:00:00 AM,Room A100
Setup Team Meetings,11/18/2024,9:00:00 AM,11/18/2024,11:00:00 AM,Room A100
Training Meetups,10/2/2024,10:00:00 AM,10/2/2024,12:00:00 PM,Room B250
Training Meetups,10/4/2024,10:00:00 AM,10/4/2024,12:00:00 PM,Room B250
Training Meetups,10/9/2024,10:00:00 AM,10/9/2024,12:00:00 PM,Room B250
Training Meetups,10/11/2024,10:00:00 AM,10/11/2024,12:00:00 PM,Room B250
Training Meetups,10/16/2024,10:00:00 AM,10/16/2024,12:00:00 PM,Room B250
Training Meetups,10/18/2024,10:00:00 AM,10/18/2024,12:00:00 PM,Room B250
Training Meetups,10/23/2024,10:00:00 AM,10/23/2024,12:00:00 PM,Room B250
Training Meetups,10/25/2024,10:00:00 AM,10/25/2024,12:00:00 PM,Room B250
Training Meetups,10/30/2024,10:00:00 AM,10/30/2024,12:00:00 PM,Room B250
Training Meetups,11/1/2024,10:00:00 AM,11/1/2024,12:00:00 PM,Room B250
Training Meetups,11/6/2024,10:00:00 AM,11/6/2024,12:00:00 PM,Room B250
Training Meetups,11/8/2024,10:00:00 AM,11/8/2024,12:00:00 PM,Room B250
Training Meetups,11/13/2024,10:00:00 AM,11/13/2024,12:00:00 PM,Room B250
Training Meetups,11/15/2024,10:00:00 AM,11/15/2024,12:00:00 PM,Room B250
Training Meetups,11/20/2024,10:00:00 AM,11/20/2024,12:00:00 PM,Room B250
Training Meetups,11/22/2024,10:00:00 AM,11/22/2024,12:00:00 PM,Room B250
Training Meetups,11/27/2024,10:00:00 AM,11/27/2024,12:00:00 PM,Room B250
Training Meetups,11/29/2024,10:00:00 AM,11/29/2024,12:00:00 PM,Room B250
Training Meetups,12/4/2024,10:00:00 AM,12/4/2024,12:00:00 PM,Room B250
Training Meetups,12/6/2024,10:00:00 AM,12/6/2024,12:00:00 PM,Room B250
Training Meetups,12/11/2024,10:00:00 AM,12/11/2024,12:00:00 PM,Room B250
Training Meetups,12/13/2024,10:00:00 AM,12/13/2024,12:00:00 PM,Room B250
Training Meetups,12/18/2024,10:00:00 AM,12/18/2024,12:00:00 PM,Room B250
Training Meetups,12/20/2024,10:00:00 AM,12/20/2024,12:00:00 PM,Room B250
Weekly Recaps,10/3/2024,3:00:00 PM,10/3/2024,4:00:00 PM,Virtual
Weekly Recaps,10/10/2024,3:00:00 PM,10/10/2024,4:00:00 PM,Virtual
Weekly Recaps,10/17/2024,3:00:00 PM,10/17/2024,4:00:00 PM,Virtual
Weekly Recaps,10/24/2024,3:00:00 PM,10/24/2024,4:00:00 PM,Virtual
Weekly Recaps,10/31/2024,3:00:00 PM,10/31/2024,4:00:00 PM,Virtual
Weekly Recaps,11/7/2024,3:00:00 PM,11/7/2024,4:00:00 PM,Virtual
Weekly Recaps,11/14/2024,3:00:00 PM,11/14/2024,4:00:00 PM,Virtual
Weekly Recaps,11/21/2024,3:00:00 PM,11/21/2024,4:00:00 PM,Virtual
Weekly Recaps,11/28/2024,3:00:00 PM,11/28/2024,4:00:00 PM,Virtual
Weekly Recaps,12/5/2024,3:00:00 PM,12/5/2024,4:00:00 PM,Virtual
Weekly Recaps,12/12/2024,3:00:00 PM,12/12/2024,4:00:00 PM,Virtual
Weekly Recaps,12/19/2024,3:00:00 PM,12/19/2024,4:00:00 PM,Virtual
